surveyId,fold,spatial_block,country,pa_distance_bucket,shift_risk,true_cardinality,predicted_cardinality,matched_v27_f1,v28_f1,delta_f1,species_swaps
2272,0,+0220:+0038,Denmark,20_to_50km,0.3274245,7,22,0.0,0.0,0.0,0
2334,0,+0222:+0037,Denmark,20_to_50km,0.29721206,22,23,0.4,0.4,0.0,0
3962,0,+0223:+0036,Denmark,20_to_50km,0.3170715,18,22,0.45,0.45,0.0,0
5310,0,+0220:+0038,Denmark,20_to_50km,0.32010838,10,19,0.13793103448275862,0.13793103448275862,0.0,0
8669,0,+0168:+0061,Italy,20_to_50km,0.22441773,14,17,0.5806451612903226,0.5806451612903226,0.0,0
9628,0,+0220:+0037,Denmark,20_to_50km,0.3312643,9,19,0.42857142857142855,0.42857142857142855,0.0,0
14636,0,+0219:+0038,Denmark,20_to_50km,0.34671065,10,19,0.06896551724137931,0.06896551724137931,0.0,0
15210,0,+0220:+0038,Denmark,20_to_50km,0.33211762,13,15,0.21428571428571427,0.21428571428571427,0.0,0
18378,0,+0223:+0036,Denmark,20_to_50km,0.30643538,10,19,0.27586206896551724,0.27586206896551724,0.0,0
18487,0,+0223:+0036,Denmark,20_to_50km,0.3212862,19,21,0.2,0.2,0.0,0
20110,0,+0168:+0061,Italy,20_to_50km,0.22387746,17,17,0.5294117647058824,0.5294117647058824,0.0,0
29281,0,+0168:+0061,Italy,20_to_50km,0.22732653,3,17,0.0,0.0,0.0,0
36569,0,+0222:+0037,Denmark,20_to_50km,0.34340158,20,21,0.5365853658536586,0.5365853658536586,0.0,0
39470,0,+0223:+0036,Denmark,20_to_50km,0.314334,17,23,0.55,0.55,0.0,0
40948,0,+0223:+0036,Denmark,20_to_50km,0.3133932,8,16,0.5,0.5,0.0,0
45208,0,+0223:+0036,Denmark,20_to_50km,0.302476,23,24,0.3829787234042553,0.3829787234042553,0.0,0
47967,0,+0223:+0036,Denmark,20_to_50km,0.3233968,16,22,0.3684210526315789,0.3684210526315789,0.0,0
48764,0,+0220:+0037,Denmark,20_to_50km,0.3097042,11,17,0.14285714285714285,0.14285714285714285,0.0,0
51887,0,+0168:+0061,Italy,20_to_50km,0.22353368,14,18,0.5,0.5,0.0,0
52388,0,+0223:+0036,Denmark,20_to_50km,0.32104412,16,26,0.42857142857142855,0.42857142857142855,0.0,0
54570,0,+0223:+0036,Denmark,20_to_50km,0.32866457,18,20,0.47368421052631576,0.47368421052631576,0.0,0
58027,0,+0223:+0036,Denmark,20_to_50km,0.31285676,20,24,0.45454545454545453,0.45454545454545453,0.0,0
58614,0,+0222:+0037,Denmark,20_to_50km,0.30401474,15,22,0.16216216216216217,0.16216216216216217,0.0,0
61660,0,+0223:+0036,Denmark,20_to_50km,0.32253924,12,20,0.3125,0.3125,0.0,0
61707,0,+0205:+0040,Germany,20_to_50km,0.45846078,20,35,0.14545454545454545,0.14545454545454545,0.0,0
62842,0,+0220:+0038,Denmark,20_to_50km,0.35217032,17,20,0.5945945945945946,0.5945945945945946,0.0,0
66742,0,+0223:+0036,Denmark,20_to_50km,0.31830212,19,21,0.55,0.55,0.0,0
68911,0,+0223:+0036,Denmark,20_to_50km,0.32591516,17,19,0.4444444444444444,0.4444444444444444,0.0,0
71024,0,+0152:+0053,Italy,20_to_50km,0.28411713,1,13,0.0,0.0,0.0,0
73182,0,+0220:+0037,Denmark,20_to_50km,0.33438495,11,16,0.37037037037037035,0.37037037037037035,0.0,0
74879,0,+0220:+0037,Denmark,20_to_50km,0.32918423,12,19,0.3870967741935484,0.3870967741935484,0.0,0
76012,0,+0223:+0036,Denmark,20_to_50km,0.32433465,20,22,0.3333333333333333,0.3333333333333333,0.0,0
77657,0,+0222:+0037,Denmark,20_to_50km,0.34785903,18,20,0.42105263157894735,0.42105263157894735,0.0,0
77840,0,+0222:+0037,Denmark,20_to_50km,0.34848788,18,20,0.5263157894736842,0.5263157894736842,0.0,0
81098,0,+0223:+0036,Denmark,20_to_50km,0.304758,13,21,0.47058823529411764,0.47058823529411764,0.0,0
82996,0,+0219:+0041,Denmark,20_to_50km,0.31898996,7,20,0.2222222222222222,0.2222222222222222,0.0,0
90805,0,+0219:+0038,Denmark,20_to_50km,0.31657648,8,16,0.3333333333333333,0.3333333333333333,0.0,0
95992,0,+0223:+0036,Denmark,20_to_50km,0.32816562,19,22,0.4878048780487805,0.4878048780487805,0.0,0
96229,0,+0219:+0038,Denmark,20_to_50km,0.3301788,15,15,0.3333333333333333,0.3333333333333333,0.0,0
97202,0,+0222:+0037,Denmark,20_to_50km,0.35237223,7,19,0.46153846153846156,0.46153846153846156,0.0,0
98016,0,+0222:+0037,Denmark,20_to_50km,0.30049103,13,18,0.3870967741935484,0.3870967741935484,0.0,0
105510,0,+0223:+0036,Denmark,20_to_50km,0.31706762,16,20,0.3333333333333333,0.3333333333333333,0.0,0
106777,0,+0177:+0025,France,20_to_50km,0.2518973,10,23,0.18181818181818182,0.18181818181818182,0.0,0
109992,0,+0222:+0037,Denmark,20_to_50km,0.35382992,12,20,0.5,0.5,0.0,0
112190,0,+0222:+0037,Denmark,20_to_50km,0.29823858,19,18,0.32432432432432434,0.32432432432432434,0.0,0
112516,0,+0222:+0037,Denmark,20_to_50km,0.29810816,10,21,0.3870967741935484,0.3870967741935484,0.0,0
114735,0,+0223:+0036,Denmark,20_to_50km,0.32572848,5,21,0.38461538461538464,0.38461538461538464,0.0,0
116991,0,+0223:+0036,Denmark,20_to_50km,0.31545028,22,21,0.37209302325581395,0.37209302325581395,0.0,0
117712,0,+0222:+0037,Denmark,20_to_50km,0.35616353,14,21,0.45714285714285713,0.45714285714285713,0.0,0
119044,0,+0174:+0001,France,20_to_50km,0.26969454,16,23,0.3076923076923077,0.3076923076923077,0.0,0
120408,0,+0220:+0037,Denmark,20_to_50km,0.32448807,13,15,0.35714285714285715,0.35714285714285715,0.0,0
121871,0,+0222:+0037,Denmark,20_to_50km,0.3327308,13,20,0.5454545454545454,0.5454545454545454,0.0,0
122104,0,+0172:+0003,France,20_to_50km,0.27141592,30,23,0.49056603773584906,0.49056603773584906,0.0,0
122532,0,+0223:+0036,Denmark,20_to_50km,0.3042282,7,18,0.4,0.4,0.0,0
123504,0,+0222:+0037,Denmark,20_to_50km,0.30290124,21,19,0.35,0.35,0.0,0
124768,0,+0220:+0038,Denmark,20_to_50km,0.33334944,18,16,0.11764705882352941,0.11764705882352941,0.0,0
126187,0,+0220:+0038,Denmark,20_to_50km,0.32261425,19,20,0.2564102564102564,0.2564102564102564,0.0,0
128190,0,+0219:+0041,Denmark,20_to_50km,0.3345433,8,19,0.2962962962962963,0.2962962962962963,0.0,0
129055,0,+0174:+0001,France,20_to_50km,0.26076442,17,22,0.5128205128205128,0.5128205128205128,0.0,0
132019,0,+0175:+0030,France,20_to_50km,0.2901717,24,26,0.2,0.2,0.0,0
133966,0,+0223:+0036,Denmark,20_to_50km,0.30215305,18,22,0.25,0.25,0.0,0
135707,0,+0222:+0037,Denmark,20_to_50km,0.297332,7,17,0.5,0.5,0.0,0
137558,0,+0222:+0037,Denmark,20_to_50km,0.34050313,27,21,0.375,0.375,0.0,0
137776,0,+0222:+0037,Denmark,20_to_50km,0.3080565,11,18,0.27586206896551724,0.27586206896551724,0.0,0
143767,0,+0223:+0036,Denmark,20_to_50km,0.34085968,16,21,0.5405405405405406,0.5405405405405406,0.0,0
144308,0,+0220:+0037,Denmark,20_to_50km,0.33749482,11,23,0.4117647058823529,0.4117647058823529,0.0,0
145243,0,+0168:+0061,Italy,20_to_50km,0.22647823,10,18,0.35714285714285715,0.35714285714285715,0.0,0
150569,0,+0222:+0037,Denmark,20_to_50km,0.34339127,22,22,0.22727272727272727,0.22727272727272727,0.0,0
151724,0,+0222:+0037,Denmark,20_to_50km,0.3302691,16,24,0.45,0.45,0.0,0
152282,0,+0220:+0038,Denmark,20_to_50km,0.3278255,12,12,0.5833333333333334,0.5833333333333334,0.0,0
154368,0,+0223:+0036,Denmark,20_to_50km,0.32736176,7,21,0.21428571428571427,0.21428571428571427,0.0,0
155230,0,+0222:+0037,Denmark,20_to_50km,0.3053359,14,22,0.3888888888888889,0.3888888888888889,0.0,0
157082,0,+0222:+0037,Denmark,20_to_50km,0.32787836,18,22,0.4,0.4,0.0,0
160529,0,+0223:+0036,Denmark,20_to_50km,0.33071366,13,21,0.5882352941176471,0.5882352941176471,0.0,0
161001,0,+0219:+0038,Denmark,20_to_50km,0.31935528,14,21,0.34285714285714286,0.34285714285714286,0.0,0
162503,0,+0223:+0036,Denmark,20_to_50km,0.35389417,13,17,0.6666666666666666,0.6666666666666666,0.0,0
165006,0,+0219:+0038,Denmark,20_to_50km,0.31586215,7,18,0.48,0.48,0.0,0
168662,0,+0220:+0038,Denmark,20_to_50km,0.35582763,20,17,0.21621621621621623,0.21621621621621623,0.0,0
171730,0,+0222:+0037,Denmark,20_to_50km,0.3554035,14,18,0.4375,0.4375,0.0,0
172716,0,+0222:+0037,Denmark,20_to_50km,0.30086875,26,18,0.45454545454545453,0.45454545454545453,0.0,0
180264,0,+0222:+0037,Denmark,20_to_50km,0.33218783,18,22,0.1,0.1,0.0,0
180464,0,+0223:+0036,Denmark,20_to_50km,0.32670426,19,22,0.43902439024390244,0.43902439024390244,0.0,0
180962,0,+0219:+0038,Denmark,20_to_50km,0.3348128,14,19,0.36363636363636365,0.36363636363636365,0.0,0
182019,0,+0219:+0038,Denmark,20_to_50km,0.30903304,16,17,0.36363636363636365,0.36363636363636365,0.0,0
182146,0,+0223:+0036,Denmark,20_to_50km,0.3182945,27,20,0.2978723404255319,0.2978723404255319,0.0,0
182629,0,+0223:+0036,Denmark,20_to_50km,0.32245097,9,21,0.4666666666666667,0.4666666666666667,0.0,0
183010,0,+0222:+0037,Denmark,20_to_50km,0.30160838,14,24,0.15789473684210525,0.15789473684210525,0.0,0
183770,0,+0222:+0037,Denmark,20_to_50km,0.3514321,14,20,0.35294117647058826,0.35294117647058826,0.0,0
185594,0,+0223:+0036,Denmark,20_to_50km,0.317032,6,21,0.14814814814814814,0.14814814814814814,0.0,0
187225,0,+0219:+0038,Denmark,20_to_50km,0.3323043,17,19,0.5555555555555556,0.5555555555555556,0.0,0
188119,0,+0220:+0037,Denmark,20_to_50km,0.29250592,12,20,0.125,0.125,0.0,0
192912,0,+0223:+0036,Denmark,20_to_50km,0.3362437,11,18,0.20689655172413793,0.20689655172413793,0.0,0
194938,0,+0222:+0037,Denmark,20_to_50km,0.33847058,28,23,0.35294117647058826,0.35294117647058826,0.0,0
195096,0,+0223:+0036,Denmark,20_to_50km,0.30304044,14,20,0.5294117647058824,0.5294117647058824,0.0,0
198999,0,+0222:+0037,Denmark,20_to_50km,0.35273433,19,18,0.10810810810810811,0.10810810810810811,0.0,0
204358,0,+0223:+0036,Denmark,20_to_50km,0.3390774,28,22,0.32,0.32,0.0,0
206106,0,+0222:+0037,Denmark,20_to_50km,0.34869355,20,22,0.3333333333333333,0.3333333333333333,0.0,0
208395,0,+0223:+0036,Denmark,20_to_50km,0.31274682,15,15,0.4666666666666667,0.4666666666666667,0.0,0
210810,0,+0220:+0038,Denmark,20_to_50km,0.32280308,12,17,0.41379310344827586,0.41379310344827586,0.0,0
212097,0,+0222:+0037,Denmark,20_to_50km,0.30772674,9,20,0.41379310344827586,0.41379310344827586,0.0,0
213814,0,+0222:+0037,Denmark,20_to_50km,0.34883827,15,19,0.47058823529411764,0.47058823529411764,0.0,0
215268,0,+0222:+0037,Denmark,20_to_50km,0.30220512,21,21,0.23809523809523808,0.23809523809523808,0.0,0
216666,0,+0220:+0038,Denmark,20_to_50km,0.33578503,12,24,0.2222222222222222,0.2222222222222222,0.0,0
218202,0,+0222:+0037,Denmark,20_to_50km,0.3245132,8,22,0.26666666666666666,0.26666666666666666,0.0,0
220926,0,+0220:+0038,Denmark,20_to_50km,0.32156047,13,19,0.25,0.25,0.0,0
221555,0,+0220:+0037,Denmark,20_to_50km,0.32618448,14,19,0.06060606060606061,0.06060606060606061,0.0,0
223637,0,+0220:+0038,Denmark,20_to_50km,0.326135,10,15,0.32,0.32,0.0,0
224658,0,+0223:+0036,Denmark,20_to_50km,0.31811252,13,20,0.5454545454545454,0.5454545454545454,0.0,0
225174,0,+0219:+0038,Denmark,20_to_50km,0.34580925,18,17,0.34285714285714286,0.34285714285714286,0.0,0
228959,0,+0168:+0061,Italy,20_to_50km,0.22571488,6,19,0.08,0.08,0.0,0
232514,0,+0220:+0037,Denmark,20_to_50km,0.3270864,17,18,0.45714285714285713,0.45714285714285713,0.0,0
233876,0,+0219:+0041,Denmark,20_to_50km,0.28930867,20,16,0.3888888888888889,0.3888888888888889,0.0,0
234936,0,+0223:+0036,Denmark,20_to_50km,0.31690493,21,20,0.34146341463414637,0.34146341463414637,0.0,0
235555,0,+0223:+0036,Denmark,20_to_50km,0.32763365,13,21,0.5294117647058824,0.5294117647058824,0.0,0
236772,0,+0220:+0037,Denmark,20_to_50km,0.33165568,12,17,0.4827586206896552,0.4827586206896552,0.0,0
238254,0,+0223:+0036,Denmark,20_to_50km,0.3179088,22,22,0.5,0.5,0.0,0
238615,0,+0223:+0036,Denmark,20_to_50km,0.30397314,10,19,0.27586206896551724,0.27586206896551724,0.0,0
239301,0,+0222:+0037,Denmark,20_to_50km,0.29421672,15,21,0.3333333333333333,0.3333333333333333,0.0,0
240717,0,+0222:+0037,Denmark,20_to_50km,0.2974353,9,20,0.27586206896551724,0.27586206896551724,0.0,0
240998,0,+0222:+0037,Denmark,20_to_50km,0.30504358,29,19,0.125,0.125,0.0,0
246047,0,+0220:+0038,Denmark,20_to_50km,0.32409084,10,18,0.07142857142857142,0.07142857142857142,0.0,0
247110,0,+0168:+0061,Italy,20_to_50km,0.22429222,11,17,0.21428571428571427,0.21428571428571427,0.0,0
247370,0,+0223:+0036,Denmark,20_to_50km,0.32450104,8,19,0.5185185185185185,0.5185185185185185,0.0,0
255418,0,+0222:+0037,Denmark,20_to_50km,0.32719466,17,22,0.2564102564102564,0.2564102564102564,0.0,0
257378,0,+0223:+0036,Denmark,20_to_50km,0.3107006,15,17,0.375,0.375,0.0,0
263396,0,+0222:+0037,Denmark,20_to_50km,0.309406,17,21,0.2631578947368421,0.2631578947368421,0.0,0
265217,0,+0168:+0061,Italy,20_to_50km,0.22457096,8,16,0.5833333333333334,0.5833333333333334,0.0,0
265552,0,+0219:+0038,Denmark,20_to_50km,0.3105076,10,17,0.37037037037037035,0.37037037037037035,0.0,0
265953,0,+0222:+0037,Denmark,20_to_50km,0.33962113,15,24,0.20512820512820512,0.20512820512820512,0.0,0
266770,0,+0168:+0061,Italy,20_to_50km,0.22382535,30,18,0.125,0.125,0.0,0
271654,0,+0220:+0038,Denmark,20_to_50km,0.33237615,7,14,0.19047619047619047,0.19047619047619047,0.0,0
273292,0,+0223:+0036,Denmark,20_to_50km,0.29927638,8,19,0.37037037037037035,0.37037037037037035,0.0,0
275674,0,+0219:+0038,Denmark,20_to_50km,0.34616056,21,15,0.2777777777777778,0.2777777777777778,0.0,0
279283,0,+0222:+0037,Denmark,20_to_50km,0.29482073,17,20,0.5405405405405406,0.5405405405405406,0.0,0
287050,0,+0223:+0036,Denmark,20_to_50km,0.30041975,6,21,0.2222222222222222,0.2222222222222222,0.0,0
287663,0,+0222:+0037,Denmark,20_to_50km,0.29833606,10,21,0.25806451612903225,0.25806451612903225,0.0,0
291123,0,+0220:+0037,Denmark,20_to_50km,0.331884,8,18,0.15384615384615385,0.15384615384615385,0.0,0
297020,0,+0222:+0037,Denmark,20_to_50km,0.3514469,13,17,0.3333333333333333,0.3333333333333333,0.0,0
297859,0,+0223:+0036,Denmark,20_to_50km,0.31649077,7,16,0.2608695652173913,0.2608695652173913,0.0,0
299474,0,+0222:+0037,Denmark,20_to_50km,0.30477655,12,20,0.375,0.375,0.0,0
300499,0,+0220:+0037,Denmark,20_to_50km,0.33203146,12,17,0.41379310344827586,0.41379310344827586,0.0,0
301519,0,+0219:+0038,Denmark,20_to_50km,0.34247345,10,18,0.14285714285714285,0.14285714285714285,0.0,0
301990,0,+0223:+0036,Denmark,20_to_50km,0.33006135,28,24,0.46153846153846156,0.46153846153846156,0.0,0
303551,0,+0222:+0037,Denmark,20_to_50km,0.3269952,16,21,0.32432432432432434,0.32432432432432434,0.0,0
303592,0,+0223:+0036,Denmark,20_to_50km,0.3098181,9,16,0.4,0.4,0.0,0
308022,0,+0222:+0037,Denmark,20_to_50km,0.35600802,18,21,0.358974358974359,0.358974358974359,0.0,0
309735,0,+0220:+0038,Denmark,20_to_50km,0.32226947,16,21,0.21621621621621623,0.21621621621621623,0.0,0
312895,0,+0223:+0036,Denmark,20_to_50km,0.3303832,28,25,0.2641509433962264,0.2641509433962264,0.0,0
315201,0,+0223:+0036,Denmark,20_to_50km,0.32627106,8,21,0.20689655172413793,0.20689655172413793,0.0,0
315871,0,+0187:+0002,France,20_to_50km,0.27335772,14,16,0.26666666666666666,0.26666666666666666,0.0,0
319793,0,+0222:+0037,Denmark,20_to_50km,0.33111525,30,21,0.39215686274509803,0.39215686274509803,0.0,0
324388,0,+0220:+0038,Denmark,20_to_50km,0.32941186,13,14,0.5185185185185185,0.5185185185185185,0.0,0
326807,0,+0220:+0037,Denmark,20_to_50km,0.32512105,15,21,0.2777777777777778,0.2777777777777778,0.0,0
327988,0,+0223:+0036,Denmark,20_to_50km,0.320918,15,19,0.4117647058823529,0.4117647058823529,0.0,0
336230,0,+0168:+0061,Italy,20_to_50km,0.22467537,36,18,0.37037037037037035,0.37037037037037035,0.0,0
343534,0,+0222:+0037,Denmark,20_to_50km,0.3007009,21,21,0.2857142857142857,0.2857142857142857,0.0,0
343811,0,+0223:+0036,Denmark,20_to_50km,0.30186346,13,22,0.5142857142857142,0.5142857142857142,0.0,0
344040,0,+0222:+0037,Denmark,20_to_50km,0.30083266,18,17,0.34285714285714286,0.34285714285714286,0.0,0
352980,0,+0222:+0037,Denmark,20_to_50km,0.3054122,23,22,0.5777777777777777,0.5777777777777777,0.0,0
353281,0,+0187:+0002,France,20_to_50km,0.27186143,14,21,0.5142857142857142,0.5142857142857142,0.0,0
353408,0,+0222:+0037,Denmark,20_to_50km,0.30006394,23,24,0.5106382978723404,0.5106382978723404,0.0,0
357072,0,+0220:+0037,Denmark,20_to_50km,0.33626828,6,20,0.07692307692307693,0.07692307692307693,0.0,0
357431,0,+0222:+0037,Denmark,20_to_50km,0.34004027,14,24,0.47368421052631576,0.47368421052631576,0.0,0
361687,0,+0223:+0036,Denmark,20_to_50km,0.3394336,15,21,0.2222222222222222,0.2222222222222222,0.0,0
362328,0,+0219:+0038,Denmark,20_to_50km,0.3434753,9,18,0.2962962962962963,0.2962962962962963,0.0,0
366764,0,+0205:+0040,Germany,20_to_50km,0.45983496,27,35,0.3870967741935484,0.3870967741935484,0.0,0
369310,0,+0223:+0036,Denmark,20_to_50km,0.31957492,11,21,0.5625,0.5625,0.0,0
375115,0,+0168:+0061,Italy,20_to_50km,0.22485104,12,18,0.4666666666666667,0.4666666666666667,0.0,0
375179,0,+0223:+0036,Denmark,20_to_50km,0.3408294,16,22,0.5263157894736842,0.5263157894736842,0.0,0
375828,0,+0222:+0037,Denmark,20_to_50km,0.33103195,11,21,0.0625,0.0625,0.0,0
376405,0,+0223:+0036,Denmark,20_to_50km,0.30946907,19,19,0.3157894736842105,0.3157894736842105,0.0,0
377682,0,+0223:+0036,Denmark,20_to_50km,0.33643335,13,17,0.5333333333333333,0.5333333333333333,0.0,0
379457,0,+0222:+0037,Denmark,20_to_50km,0.3018343,15,19,0.4117647058823529,0.4117647058823529,0.0,0
384059,0,+0223:+0036,Denmark,20_to_50km,0.3088124,11,15,0.3076923076923077,0.3076923076923077,0.0,0
386459,0,+0222:+0037,Denmark,20_to_50km,0.35597178,15,20,0.17142857142857143,0.17142857142857143,0.0,0
386663,0,+0222:+0037,Denmark,20_to_50km,0.3272912,17,20,0.5405405405405406,0.5405405405405406,0.0,0
386677,0,+0220:+0038,Denmark,20_to_50km,0.35247913,9,16,0.48,0.48,0.0,0
388876,0,+0222:+0037,Denmark,20_to_50km,0.34796476,9,21,0.2,0.2,0.0,0
389134,0,+0222:+0037,Denmark,20_to_50km,0.3023257,19,23,0.38095238095238093,0.38095238095238093,0.0,0
392425,0,+0222:+0037,Denmark,20_to_50km,0.34817654,25,25,0.64,0.64,0.0,0
395227,0,+0223:+0036,Denmark,20_to_50km,0.32382235,11,20,0.12903225806451613,0.12903225806451613,0.0,0
397047,0,+0222:+0037,Denmark,20_to_50km,0.35575,18,21,0.41025641025641024,0.41025641025641024,0.0,0
397716,0,+0220:+0037,Denmark,20_to_50km,0.32815793,15,15,0.26666666666666666,0.26666666666666666,0.0,0
397901,0,+0222:+0037,Denmark,20_to_50km,0.3114242,25,21,0.391304347826087,0.391304347826087,0.0,0
405296,0,+0222:+0037,Denmark,20_to_50km,0.30037582,7,16,0.2608695652173913,0.2608695652173913,0.0,0
405880,0,+0223:+0036,Denmark,20_to_50km,0.3562318,24,22,0.5217391304347826,0.5217391304347826,0.0,0
412920,0,+0187:+0003,France,20_to_50km,0.25224358,21,23,0.5,0.5,0.0,0
415890,0,+0223:+0036,Denmark,20_to_50km,0.333915,15,22,0.32432432432432434,0.32432432432432434,0.0,0
417322,0,+0220:+0038,Denmark,20_to_50km,0.33009073,20,18,0.2631578947368421,0.2631578947368421,0.0,0
417636,0,+0222:+0037,Denmark,20_to_50km,0.31453568,26,20,0.391304347826087,0.391304347826087,0.0,0
421130,0,+0223:+0036,Denmark,20_to_50km,0.3081189,15,18,0.12121212121212122,0.12121212121212122,0.0,0
423238,0,+0220:+0038,Denmark,20_to_50km,0.3522057,15,19,0.47058823529411764,0.47058823529411764,0.0,0
423986,0,+0220:+0037,Denmark,20_to_50km,0.33263603,12,17,0.41379310344827586,0.41379310344827586,0.0,0
427418,0,+0220:+0038,Denmark,20_to_50km,0.3557048,15,19,0.47058823529411764,0.47058823529411764,0.0,0
430459,0,+0166:+0098,Bulgaria,20_to_50km,0.36962268,43,25,0.11764705882352941,0.11764705882352941,0.0,0
430872,0,+0222:+0037,Denmark,20_to_50km,0.32780838,13,22,0.22857142857142856,0.22857142857142856,0.0,0
436179,0,+0220:+0037,Denmark,20_to_50km,0.33129537,15,19,0.5294117647058824,0.5294117647058824,0.0,0
437151,0,+0222:+0037,Denmark,20_to_50km,0.3211326,24,20,0.4090909090909091,0.4090909090909091,0.0,0
437879,0,+0220:+0037,Denmark,20_to_50km,0.33211735,20,19,0.358974358974359,0.358974358974359,0.0,0
440013,0,+0219:+0038,Denmark,20_to_50km,0.3121061,4,18,0.2727272727272727,0.2727272727272727,0.0,0
442343,0,+0223:+0036,Denmark,20_to_50km,0.32428703,11,23,0.35294117647058826,0.35294117647058826,0.0,0
443570,0,+0222:+0037,Denmark,20_to_50km,0.353937,21,21,0.3333333333333333,0.3333333333333333,0.0,0
445354,0,+0223:+0036,Denmark,20_to_50km,0.33320844,15,18,0.48484848484848486,0.48484848484848486,0.0,0
447397,0,+0220:+0037,Denmark,20_to_50km,0.3224229,10,21,0.1935483870967742,0.1935483870967742,0.0,0
451154,0,+0222:+0037,Denmark,20_to_50km,0.33469403,9,22,0.45161290322580644,0.45161290322580644,0.0,0
451374,0,+0223:+0036,Denmark,20_to_50km,0.33161673,11,22,0.30303030303030304,0.30303030303030304,0.0,0
451568,0,+0220:+0038,Denmark,20_to_50km,0.33492705,20,18,0.5263157894736842,0.5263157894736842,0.0,0
456428,0,+0223:+0036,Denmark,20_to_50km,0.3127779,9,14,0.5217391304347826,0.5217391304347826,0.0,0
456619,0,+0220:+0037,Denmark,20_to_50km,0.32141215,19,19,0.3684210526315789,0.3684210526315789,0.0,0
462263,0,+0219:+0038,Denmark,20_to_50km,0.3383456,10,18,0.35714285714285715,0.35714285714285715,0.0,0
462524,0,+0220:+0037,Denmark,20_to_50km,0.32744944,17,19,0.5555555555555556,0.5555555555555556,0.0,0
463760,0,+0223:+0036,Denmark,20_to_50km,0.30619276,16,20,0.3333333333333333,0.3333333333333333,0.0,0
464271,0,+0222:+0037,Denmark,20_to_50km,0.3052904,28,21,0.40816326530612246,0.40816326530612246,0.0,0
464578,0,+0219:+0038,Denmark,20_to_50km,0.314495,10,15,0.32,0.32,0.0,0
464980,0,+0220:+0038,Denmark,20_to_50km,0.32436877,19,15,0.23529411764705882,0.23529411764705882,0.0,0
466823,0,+0222:+0037,Denmark,20_to_50km,0.31487566,13,18,0.3225806451612903,0.3225806451612903,0.0,0
470690,0,+0222:+0037,Denmark,20_to_50km,0.32916674,42,21,0.5079365079365079,0.5079365079365079,0.0,0
471348,0,+0220:+0038,Denmark,20_to_50km,0.3207586,12,18,0.06666666666666667,0.06666666666666667,0.0,0
474485,0,+0222:+0037,Denmark,20_to_50km,0.34815517,7,20,0.2222222222222222,0.2222222222222222,0.0,0
474650,0,+0223:+0036,Denmark,20_to_50km,0.33579224,17,24,0.5853658536585366,0.5853658536585366,0.0,0
478236,0,+0223:+0036,Denmark,20_to_50km,0.32841516,8,21,0.3448275862068966,0.3448275862068966,0.0,0
478280,0,+0222:+0037,Denmark,20_to_50km,0.35057425,32,21,0.33962264150943394,0.33962264150943394,0.0,0
487542,0,+0223:+0036,Denmark,20_to_50km,0.32979456,12,24,0.2777777777777778,0.2777777777777778,0.0,0
489335,0,+0219:+0041,Denmark,20_to_50km,0.32745212,11,16,0.2222222222222222,0.2222222222222222,0.0,0
489670,0,+0220:+0038,Denmark,20_to_50km,0.32938278,14,17,0.12903225806451613,0.12903225806451613,0.0,0
493530,0,+0222:+0037,Denmark,20_to_50km,0.3315123,18,22,0.5,0.5,0.0,0
495055,0,+0223:+0036,Denmark,20_to_50km,0.3236484,17,22,0.358974358974359,0.358974358974359,0.0,0
497666,0,+0205:+0040,Germany,20_to_50km,0.45959303,31,36,0.3880597014925373,0.3880597014925373,0.0,0
499369,0,+0168:+0061,Italy,20_to_50km,0.22537498,27,20,0.2978723404255319,0.2978723404255319,0.0,0
500270,0,+0223:+0036,Denmark,20_to_50km,0.32244048,14,21,0.4,0.4,0.0,0
505027,0,+0222:+0037,Denmark,20_to_50km,0.35157585,13,22,0.45714285714285713,0.45714285714285713,0.0,0
506232,0,+0223:+0036,Denmark,20_to_50km,0.29910117,13,22,0.2857142857142857,0.2857142857142857,0.0,0
507627,0,+0168:+0061,Italy,20_to_50km,0.22489071,47,19,0.3939393939393939,0.3939393939393939,0.0,0
507924,0,+0223:+0036,Denmark,20_to_50km,0.30586833,27,19,0.30434782608695654,0.30434782608695654,0.0,0
508457,0,+0222:+0037,Denmark,20_to_50km,0.30572847,12,23,0.17142857142857143,0.17142857142857143,0.0,0
509430,0,+0222:+0037,Denmark,20_to_50km,0.29952332,28,21,0.5306122448979592,0.5306122448979592,0.0,0
509526,0,+0220:+0037,Denmark,20_to_50km,0.32904887,9,19,0.5,0.5,0.0,0
510596,0,+0223:+0036,Denmark,20_to_50km,0.3109471,15,18,0.36363636363636365,0.36363636363636365,0.0,0
512453,0,+0222:+0037,Denmark,20_to_50km,0.3269834,17,22,0.46153846153846156,0.46153846153846156,0.0,0
513464,0,+0222:+0037,Denmark,20_to_50km,0.34733266,10,20,0.3333333333333333,0.3333333333333333,0.0,0
515305,0,+0220:+0037,Denmark,20_to_50km,0.3328795,12,18,0.4,0.4,0.0,0
516975,0,+0223:+0036,Denmark,20_to_50km,0.3170364,11,18,0.3448275862068966,0.3448275862068966,0.0,0
521812,0,+0222:+0037,Denmark,20_to_50km,0.34456855,15,21,0.2777777777777778,0.2777777777777778,0.0,0
523863,0,+0223:+0036,Denmark,20_to_50km,0.32842487,6,21,0.2222222222222222,0.2222222222222222,0.0,0
524146,0,+0223:+0036,Denmark,20_to_50km,0.293487,25,20,0.26666666666666666,0.26666666666666666,0.0,0
526055,0,+0222:+0037,Denmark,20_to_50km,0.35156658,10,25,0.22857142857142856,0.22857142857142856,0.0,0
527552,0,+0222:+0037,Denmark,20_to_50km,0.3101868,25,22,0.46808510638297873,0.46808510638297873,0.0,0
527955,0,+0220:+0037,Denmark,20_to_50km,0.32368308,28,18,0.5217391304347826,0.5217391304347826,0.0,0
531621,0,+0220:+0037,Denmark,20_to_50km,0.33470285,13,19,0.5,0.5,0.0,0
533370,0,+0219:+0038,Denmark,20_to_50km,0.34234342,20,17,0.32432432432432434,0.32432432432432434,0.0,0
535310,0,+0220:+0038,Denmark,20_to_50km,0.33428505,19,20,0.358974358974359,0.358974358974359,0.0,0
536364,0,+0220:+0037,Denmark,20_to_50km,0.33125517,19,20,0.5641025641025641,0.5641025641025641,0.0,0
539026,0,+0223:+0036,Denmark,20_to_50km,0.34439173,16,20,0.1111111111111111,0.1111111111111111,0.0,0
542089,0,+0222:+0037,Denmark,20_to_50km,0.3159726,18,22,0.3,0.3,0.0,0
552789,0,+0222:+0037,Denmark,20_to_50km,0.33883452,20,24,0.5,0.5,0.0,0
555302,0,+0223:+0036,Denmark,20_to_50km,0.3409617,19,22,0.5365853658536586,0.5365853658536586,0.0,0
559462,0,+0223:+0036,Denmark,20_to_50km,0.30056924,15,20,0.5714285714285714,0.5714285714285714,0.0,0
561056,0,+0223:+0036,Denmark,20_to_50km,0.31342107,5,16,0.19047619047619047,0.19047619047619047,0.0,0
563684,0,+0219:+0038,Denmark,20_to_50km,0.31681797,13,15,0.5714285714285714,0.5714285714285714,0.0,0
564436,0,+0222:+0037,Denmark,20_to_50km,0.3485566,19,21,0.45,0.45,0.0,0
568200,0,+0223:+0036,Denmark,20_to_50km,0.3326382,18,23,0.34146341463414637,0.34146341463414637,0.0,0
569129,0,+0219:+0038,Denmark,20_to_50km,0.34441155,25,17,0.23809523809523808,0.23809523809523808,0.0,0
574146,0,+0223:+0036,Denmark,20_to_50km,0.32779163,26,22,0.4166666666666667,0.4166666666666667,0.0,0
575932,0,+0223:+0036,Denmark,20_to_50km,0.3409464,16,21,0.05405405405405406,0.05405405405405406,0.0,0
577738,0,+0220:+0038,Denmark,20_to_50km,0.32306796,15,19,0.35294117647058826,0.35294117647058826,0.0,0
579776,0,+0223:+0036,Denmark,20_to_50km,0.32142156,15,21,0.4444444444444444,0.4444444444444444,0.0,0
579789,0,+0223:+0036,Denmark,20_to_50km,0.3083604,8,15,0.17391304347826086,0.17391304347826086,0.0,0
581400,0,+0223:+0036,Denmark,20_to_50km,0.31709796,21,20,0.4878048780487805,0.4878048780487805,0.0,0
583050,0,+0223:+0036,Denmark,20_to_50km,0.32848594,13,20,0.5454545454545454,0.5454545454545454,0.0,0
584474,0,+0222:+0037,Denmark,20_to_50km,0.3413751,18,24,0.38095238095238093,0.38095238095238093,0.0,0
584496,0,+0223:+0036,Denmark,20_to_50km,0.33426613,13,22,0.4,0.4,0.0,0
584518,0,+0223:+0036,Denmark,20_to_50km,0.33239162,17,21,0.47368421052631576,0.47368421052631576,0.0,0
585066,0,+0220:+0038,Denmark,20_to_50km,0.32245165,18,17,0.4,0.4,0.0,0
585169,0,+0220:+0038,Denmark,20_to_50km,0.35801378,12,16,0.5,0.5,0.0,0
585789,0,+0222:+0037,Denmark,20_to_50km,0.31206292,17,23,0.45,0.45,0.0,0
587092,0,+0223:+0036,Denmark,20_to_50km,0.33498824,14,27,0.34146341463414637,0.34146341463414637,0.0,0
588134,0,+0223:+0036,Denmark,20_to_50km,0.309683,24,22,0.43478260869565216,0.43478260869565216,0.0,0
588535,0,+0222:+0037,Denmark,20_to_50km,0.31301507,30,25,0.4727272727272727,0.4727272727272727,0.0,0
597347,0,+0220:+0037,Denmark,20_to_50km,0.3194486,16,20,0.2777777777777778,0.2777777777777778,0.0,0
597629,0,+0220:+0038,Denmark,20_to_50km,0.33156195,18,21,0.46153846153846156,0.46153846153846156,0.0,0
600293,0,+0222:+0037,Denmark,20_to_50km,0.32043326,20,21,0.3902439024390244,0.3902439024390244,0.0,0
604923,0,+0222:+0037,Denmark,20_to_50km,0.32838684,5,22,0.2962962962962963,0.2962962962962963,0.0,0
604978,0,+0223:+0036,Denmark,20_to_50km,0.31706095,32,22,0.5555555555555556,0.5555555555555556,0.0,0
607351,0,+0193:+0011,France,20_to_50km,0.29491588,17,22,0.358974358974359,0.358974358974359,0.0,0
609047,0,+0222:+0037,Denmark,20_to_50km,0.30013245,22,21,0.32558139534883723,0.32558139534883723,0.0,0
617007,0,+0168:+0061,Italy,20_to_50km,0.22404446,21,17,0.2631578947368421,0.2631578947368421,0.0,0
617784,0,+0223:+0036,Denmark,20_to_50km,0.30836597,14,17,0.45161290322580644,0.45161290322580644,0.0,0
618044,0,+0168:+0061,Italy,20_to_50km,0.22728424,5,16,0.0,0.0,0.0,0
619741,0,+0223:+0036,Denmark,20_to_50km,0.31750622,13,22,0.22857142857142856,0.22857142857142856,0.0,0
620546,0,+0222:+0037,Denmark,20_to_50km,0.29909703,7,19,0.3076923076923077,0.3076923076923077,0.0,0
621175,0,+0223:+0036,Denmark,20_to_50km,0.31329158,15,16,0.3870967741935484,0.3870967741935484,0.0,0
622655,0,+0220:+0038,Denmark,20_to_50km,0.3230426,22,19,0.24390243902439024,0.24390243902439024,0.0,0
623471,0,+0222:+0037,Denmark,20_to_50km,0.30897993,40,21,0.32786885245901637,0.32786885245901637,0.0,0
624601,0,+0223:+0036,Denmark,20_to_50km,0.2984348,8,23,0.25806451612903225,0.25806451612903225,0.0,0
627750,0,+0220:+0038,Denmark,20_to_50km,0.35671094,26,17,0.4186046511627907,0.4186046511627907,0.0,0
631202,0,+0223:+0036,Denmark,20_to_50km,0.32252216,18,20,0.5789473684210527,0.5789473684210527,0.0,0
636422,0,+0222:+0037,Denmark,20_to_50km,0.3284045,17,22,0.15384615384615385,0.15384615384615385,0.0,0
641172,0,+0220:+0037,Denmark,20_to_50km,0.32829684,17,18,0.34285714285714286,0.34285714285714286,0.0,0
647392,0,+0222:+0037,Denmark,20_to_50km,0.31922674,22,23,0.4,0.4,0.0,0
647602,0,+0220:+0038,Denmark,20_to_50km,0.35616773,22,15,0.21621621621621623,0.21621621621621623,0.0,0
649185,0,+0223:+0036,Denmark,20_to_50km,0.32517856,11,21,0.125,0.125,0.0,0
655964,0,+0223:+0036,Denmark,20_to_50km,0.3289948,26,23,0.4489795918367347,0.4489795918367347,0.0,0
658262,0,+0223:+0036,Denmark,20_to_50km,0.29740712,12,19,0.3225806451612903,0.3225806451612903,0.0,0
660623,0,+0223:+0036,Denmark,20_to_50km,0.33713427,22,19,0.2926829268292683,0.2926829268292683,0.0,0
661395,0,+0219:+0038,Denmark,20_to_50km,0.34644955,14,19,0.12121212121212122,0.12121212121212122,0.0,0
664092,0,+0220:+0038,Denmark,20_to_50km,0.33578455,12,14,0.3076923076923077,0.3076923076923077,0.0,0
665537,0,+0223:+0036,Denmark,20_to_50km,0.32664672,11,21,0.375,0.375,0.0,0
667990,0,+0222:+0037,Denmark,20_to_50km,0.32746807,12,21,0.42424242424242425,0.42424242424242425,0.0,0
669555,0,+0223:+0036,Denmark,20_to_50km,0.33373776,25,20,0.3111111111111111,0.3111111111111111,0.0,0
670174,0,+0219:+0038,Denmark,20_to_50km,0.3441487,14,19,0.18181818181818182,0.18181818181818182,0.0,0
670781,0,+0223:+0036,Denmark,20_to_50km,0.3314812,18,22,0.45,0.45,0.0,0
679112,0,+0223:+0036,Denmark,20_to_50km,0.3128824,7,15,0.45454545454545453,0.45454545454545453,0.0,0
680448,0,+0220:+0037,Denmark,20_to_50km,0.32433617,1,21,0.0,0.0,0.0,0
684532,0,+0222:+0037,Denmark,20_to_50km,0.32519153,23,23,0.43478260869565216,0.43478260869565216,0.0,0
685067,0,+0223:+0036,Denmark,20_to_50km,0.31155616,20,19,0.46153846153846156,0.46153846153846156,0.0,0
685472,0,+0223:+0036,Denmark,20_to_50km,0.30184966,16,21,0.3783783783783784,0.3783783783783784,0.0,0
686058,0,+0219:+0038,Denmark,20_to_50km,0.34585932,12,18,0.6,0.6,0.0,0
686294,0,+0219:+0041,Denmark,20_to_50km,0.32872483,10,19,0.27586206896551724,0.27586206896551724,0.0,0
686308,0,+0220:+0038,Denmark,20_to_50km,0.32732543,21,21,0.42857142857142855,0.42857142857142855,0.0,0
690086,0,+0223:+0036,Denmark,20_to_50km,0.31955397,9,21,0.4666666666666667,0.4666666666666667,0.0,0
690368,0,+0223:+0036,Denmark,20_to_50km,0.32270837,15,23,0.3684210526315789,0.3684210526315789,0.0,0
691284,0,+0220:+0037,Denmark,20_to_50km,0.3305588,11,19,0.3333333333333333,0.3333333333333333,0.0,0
691392,0,+0205:+0040,Germany,20_to_50km,0.4595922,33,36,0.34782608695652173,0.34782608695652173,0.0,0
691607,0,+0223:+0036,Denmark,20_to_50km,0.3464376,14,17,0.1935483870967742,0.1935483870967742,0.0,0
694958,0,+0222:+0037,Denmark,20_to_50km,0.3034832,10,23,0.5454545454545454,0.5454545454545454,0.0,0
698036,0,+0220:+0037,Denmark,20_to_50km,0.3265793,20,16,0.3888888888888889,0.3888888888888889,0.0,0
706096,0,+0223:+0036,Denmark,20_to_50km,0.33089364,11,17,0.5714285714285714,0.5714285714285714,0.0,0
709212,0,+0223:+0036,Denmark,20_to_50km,0.32190114,14,21,0.5142857142857142,0.5142857142857142,0.0,0
713146,0,+0222:+0037,Denmark,20_to_50km,0.34070343,22,24,0.30434782608695654,0.30434782608695654,0.0,0
715778,0,+0219:+0038,Denmark,20_to_50km,0.33924243,10,17,0.37037037037037035,0.37037037037037035,0.0,0
718327,0,+0223:+0036,Denmark,20_to_50km,0.3527221,5,16,0.38095238095238093,0.38095238095238093,0.0,0
720767,0,+0220:+0038,Denmark,20_to_50km,0.3562568,11,17,0.5,0.5,0.0,0
725776,0,+0185:+0026,Switzerland,20_to_50km,0.32949233,20,21,0.34146341463414637,0.34146341463414637,0.0,0
726733,0,+0223:+0036,Denmark,20_to_50km,0.32377636,19,21,0.4,0.4,0.0,0
726827,0,+0222:+0037,Denmark,20_to_50km,0.35616243,17,18,0.45714285714285713,0.45714285714285713,0.0,0
727241,0,+0222:+0037,Denmark,20_to_50km,0.30467954,25,20,0.35555555555555557,0.35555555555555557,0.0,0
728187,0,+0220:+0038,Denmark,20_to_50km,0.35614756,12,18,0.6,0.6,0.0,0
728493,0,+0223:+0036,Denmark,20_to_50km,0.33470094,20,21,0.24390243902439024,0.24390243902439024,0.0,0
730886,0,+0223:+0036,Denmark,20_to_50km,0.32847345,8,22,0.26666666666666666,0.26666666666666666,0.0,0
730917,0,+0223:+0036,Denmark,20_to_50km,0.30932158,12,14,0.23076923076923078,0.23076923076923078,0.0,0
740859,0,+0222:+0037,Denmark,20_to_50km,0.30072257,29,24,0.37735849056603776,0.37735849056603776,0.0,0
742835,0,+0222:+0037,Denmark,20_to_50km,0.35106495,26,22,0.4166666666666667,0.4166666666666667,0.0,0
744517,0,+0219:+0038,Denmark,20_to_50km,0.31656116,11,17,0.2857142857142857,0.2857142857142857,0.0,0
746224,0,+0222:+0037,Denmark,20_to_50km,0.34350917,18,24,0.38095238095238093,0.38095238095238093,0.0,0
746863,0,+0222:+0037,Denmark,20_to_50km,0.35577556,17,21,0.5789473684210527,0.5789473684210527,0.0,0
754886,0,+0222:+0037,Denmark,20_to_50km,0.32080272,11,21,0.25,0.25,0.0,0
760590,0,+0220:+0038,Denmark,50_to_100km,0.326519,25,18,0.23255813953488372,0.23255813953488372,0.0,0
760661,0,+0222:+0037,Denmark,20_to_50km,0.3089889,44,20,0.28125,0.28125,0.0,0
762194,0,+0223:+0036,Denmark,20_to_50km,0.3317416,18,22,0.4,0.4,0.0,0
763178,0,+0220:+0038,Denmark,20_to_50km,0.33056384,9,20,0.06896551724137931,0.06896551724137931,0.0,0
764085,0,+0168:+0061,Italy,20_to_50km,0.22366305,16,18,0.47058823529411764,0.47058823529411764,0.0,0
764455,0,+0219:+0038,Denmark,20_to_50km,0.31068942,16,20,0.4444444444444444,0.4444444444444444,0.0,0
768745,0,+0222:+0037,Denmark,20_to_50km,0.30060548,33,22,0.43636363636363634,0.43636363636363634,0.0,0
768961,0,+0222:+0037,Denmark,20_to_50km,0.30085695,21,18,0.5641025641025641,0.5641025641025641,0.0,0
770423,0,+0222:+0037,Denmark,20_to_50km,0.35066867,30,19,0.40816326530612246,0.40816326530612246,0.0,0
772304,0,+0222:+0037,Denmark,20_to_50km,0.2983854,7,25,0.25,0.25,0.0,0
774620,0,+0168:+0061,Italy,20_to_50km,0.22608668,2,19,0.09523809523809523,0.09523809523809523,0.0,0
776532,0,+0219:+0038,Denmark,20_to_50km,0.34898496,14,20,0.23529411764705882,0.23529411764705882,0.0,0
778991,0,+0223:+0036,Denmark,20_to_50km,0.31374717,11,20,0.3225806451612903,0.3225806451612903,0.0,0
780325,0,+0220:+0037,Denmark,20_to_50km,0.32820845,13,16,0.4827586206896552,0.4827586206896552,0.0,0
783274,0,+0220:+0037,Denmark,20_to_50km,0.3249237,13,18,0.45161290322580644,0.45161290322580644,0.0,0
786898,0,+0223:+0036,Denmark,20_to_50km,0.32615694,13,20,0.30303030303030304,0.30303030303030304,0.0,0
787295,0,+0223:+0036,Denmark,20_to_50km,0.3531833,6,17,0.34782608695652173,0.34782608695652173,0.0,0
788201,0,+0185:+0052,Italy,20_to_50km,0.25022256,13,25,0.2631578947368421,0.2631578947368421,0.0,0
795093,0,+0220:+0038,Denmark,20_to_50km,0.33608216,16,21,0.3783783783783784,0.3783783783783784,0.0,0
797094,0,+0220:+0038,Denmark,20_to_50km,0.33125266,11,18,0.27586206896551724,0.27586206896551724,0.0,0
798173,0,+0223:+0036,Denmark,20_to_50km,0.33458433,22,20,0.5238095238095238,0.5238095238095238,0.0,0
802251,0,+0219:+0038,Denmark,20_to_50km,0.34513682,17,19,0.2222222222222222,0.2222222222222222,0.0,0
804708,0,+0223:+0036,Denmark,20_to_50km,0.3241829,23,21,0.4090909090909091,0.4090909090909091,0.0,0
808377,0,+0222:+0037,Denmark,20_to_50km,0.30238482,8,21,0.27586206896551724,0.27586206896551724,0.0,0
809840,0,+0223:+0036,Denmark,20_to_50km,0.33215043,12,17,0.41379310344827586,0.41379310344827586,0.0,0
811662,0,+0222:+0037,Denmark,20_to_50km,0.3201624,17,22,0.3076923076923077,0.3076923076923077,0.0,0
812888,0,+0177:-0004,France,20_to_50km,0.23645294,9,14,0.6086956521739131,0.6086956521739131,0.0,0
813820,0,+0168:+0061,Italy,20_to_50km,0.22601272,8,19,0.14814814814814814,0.14814814814814814,0.0,0
814708,0,+0223:+0036,Denmark,20_to_50km,0.3278151,20,24,0.5454545454545454,0.5454545454545454,0.0,0
816412,0,+0220:+0038,Denmark,20_to_50km,0.35314658,16,19,0.5142857142857142,0.5142857142857142,0.0,0
816526,0,+0219:+0038,Denmark,20_to_50km,0.3173066,5,16,0.2857142857142857,0.2857142857142857,0.0,0
817697,0,+0219:+0038,Denmark,20_to_50km,0.342267,18,17,0.34285714285714286,0.34285714285714286,0.0,0
819853,0,+0168:+0061,Italy,20_to_50km,0.22622834,5,17,0.0,0.0,0.0,0
820323,0,+0223:+0036,Denmark,20_to_50km,0.30610126,19,18,0.32432432432432434,0.32432432432432434,0.0,0
832160,0,+0219:+0038,Denmark,20_to_50km,0.34345928,15,19,0.0,0.0,0.0,0
840422,0,+0223:+0036,Denmark,20_to_50km,0.32407117,7,19,0.38461538461538464,0.38461538461538464,0.0,0
842403,0,+0223:+0036,Denmark,20_to_50km,0.3059071,13,20,0.30303030303030304,0.30303030303030304,0.0,0
846376,0,+0223:+0036,Denmark,20_to_50km,0.33373255,15,24,0.46153846153846156,0.46153846153846156,0.0,0
847385,0,+0223:+0036,Denmark,20_to_50km,0.33619764,15,16,0.5806451612903226,0.5806451612903226,0.0,0
849911,0,+0222:+0037,Denmark,20_to_50km,0.3356398,9,21,0.4666666666666667,0.4666666666666667,0.0,0
852240,0,+0222:+0037,Denmark,20_to_50km,0.31787208,13,20,0.30303030303030304,0.30303030303030304,0.0,0
854718,0,+0223:+0036,Denmark,20_to_50km,0.31791297,6,17,0.2608695652173913,0.2608695652173913,0.0,0
854982,0,+0223:+0036,Denmark,20_to_50km,0.3258591,22,22,0.2727272727272727,0.2727272727272727,0.0,0
855520,0,+0219:+0038,Denmark,20_to_50km,0.34670833,19,20,0.3076923076923077,0.3076923076923077,0.0,0
860471,0,+0219:+0038,Denmark,20_to_50km,0.31610203,12,16,0.42857142857142855,0.42857142857142855,0.0,0
860856,0,+0219:+0038,Denmark,20_to_50km,0.34579703,22,17,0.20512820512820512,0.20512820512820512,0.0,0
869659,0,+0222:+0037,Denmark,20_to_50km,0.30343452,10,23,0.36363636363636365,0.36363636363636365,0.0,0
873835,0,+0223:+0036,Denmark,20_to_50km,0.32965922,11,15,0.6153846153846154,0.6153846153846154,0.0,0
874878,0,+0220:+0037,Denmark,20_to_50km,0.32662618,22,15,0.3783783783783784,0.3783783783783784,0.0,0
875978,0,+0223:+0036,Denmark,20_to_50km,0.35609782,13,20,0.42424242424242425,0.42424242424242425,0.0,0
876131,0,+0168:+0061,Italy,20_to_50km,0.22671077,10,17,0.07407407407407407,0.07407407407407407,0.0,0
877366,0,+0219:+0038,Denmark,20_to_50km,0.31136897,8,17,0.48,0.48,0.0,0
878362,0,+0222:+0037,Denmark,20_to_50km,0.34062636,21,24,0.5333333333333333,0.5333333333333333,0.0,0
880116,0,+0220:+0038,Denmark,20_to_50km,0.32040605,15,21,0.3333333333333333,0.3333333333333333,0.0,0
881581,0,+0223:+0036,Denmark,20_to_50km,0.30519247,19,21,0.35,0.35,0.0,0
882329,0,+0223:+0036,Denmark,20_to_50km,0.32140476,17,22,0.3076923076923077,0.3076923076923077,0.0,0
882466,0,+0222:+0037,Denmark,20_to_50km,0.29956958,23,16,0.20512820512820512,0.20512820512820512,0.0,0
882868,0,+0220:+0038,Denmark,20_to_50km,0.35235232,12,17,0.5517241379310345,0.5517241379310345,0.0,0
882970,0,+0166:+0098,Bulgaria,20_to_50km,0.3789607,29,26,0.07272727272727272,0.07272727272727272,0.0,0
883210,0,+0219:+0038,Denmark,20_to_50km,0.34336692,24,20,0.13636363636363635,0.13636363636363635,0.0,0
884709,0,+0223:+0036,Denmark,20_to_50km,0.3021379,17,20,0.21621621621621623,0.21621621621621623,0.0,0
886100,0,+0220:+0038,Denmark,20_to_50km,0.35287505,9,16,0.56,0.56,0.0,0
887349,0,+0223:+0036,Denmark,20_to_50km,0.308058,11,18,0.7586206896551724,0.7586206896551724,0.0,0
889504,0,+0222:+0037,Denmark,20_to_50km,0.318786,15,26,0.24390243902439024,0.24390243902439024,0.0,0
889649,0,+0223:+0036,Denmark,20_to_50km,0.31436437,24,20,0.45454545454545453,0.45454545454545453,0.0,0
893630,0,+0222:+0037,Denmark,20_to_50km,0.33486223,12,21,0.36363636363636365,0.36363636363636365,0.0,0
893800,0,+0168:+0061,Italy,20_to_50km,0.22345658,21,19,0.45,0.45,0.0,0
895700,0,+0223:+0036,Denmark,20_to_50km,0.3100586,8,17,0.16,0.16,0.0,0
897247,0,+0205:+0040,Germany,20_to_50km,0.45842195,21,35,0.07142857142857142,0.07142857142857142,0.0,0
898884,0,+0222:+0037,Denmark,20_to_50km,0.34857646,12,24,0.2222222222222222,0.2222222222222222,0.0,0
899012,0,+0223:+0036,Denmark,20_to_50km,0.3270056,11,20,0.3870967741935484,0.3870967741935484,0.0,0
900429,0,+0223:+0036,Denmark,20_to_50km,0.30921695,7,17,0.4166666666666667,0.4166666666666667,0.0,0
900856,0,+0220:+0037,Denmark,20_to_50km,0.33076975,20,19,0.358974358974359,0.358974358974359,0.0,0
904258,0,+0222:+0037,Denmark,20_to_50km,0.31817797,9,26,0.22857142857142856,0.22857142857142856,0.0,0
906176,0,+0219:+0038,Denmark,20_to_50km,0.34735122,22,19,0.34146341463414637,0.34146341463414637,0.0,0
909178,0,+0223:+0036,Denmark,20_to_50km,0.31315222,12,18,0.4,0.4,0.0,0
909426,0,+0220:+0037,Denmark,20_to_50km,0.3274547,6,19,0.48,0.48,0.0,0
910749,0,+0220:+0037,Denmark,20_to_50km,0.31267458,19,15,0.29411764705882354,0.29411764705882354,0.0,0
910952,0,+0168:+0061,Italy,20_to_50km,0.22359225,16,17,0.36363636363636365,0.36363636363636365,0.0,0
913152,0,+0168:+0061,Italy,20_to_50km,0.22586839,9,17,0.38461538461538464,0.38461538461538464,0.0,0
915154,0,+0223:+0036,Denmark,20_to_50km,0.32412347,9,21,0.2,0.2,0.0,0
917965,0,+0220:+0037,Denmark,20_to_50km,0.30635616,7,14,0.2857142857142857,0.2857142857142857,0.0,0
917972,0,+0222:+0037,Denmark,20_to_50km,0.35190594,20,17,0.4864864864864865,0.4864864864864865,0.0,0
918271,0,+0222:+0037,Denmark,20_to_50km,0.34391972,18,22,0.45,0.45,0.0,0
920929,0,+0220:+0038,Denmark,20_to_50km,0.33007324,26,16,0.19047619047619047,0.19047619047619047,0.0,0
924087,0,+0223:+0036,Denmark,20_to_50km,0.33093783,13,22,0.5142857142857142,0.5142857142857142,0.0,0
925676,0,+0223:+0036,Denmark,20_to_50km,0.32626417,18,21,0.46153846153846156,0.46153846153846156,0.0,0
925764,0,+0220:+0038,Denmark,20_to_50km,0.32755485,20,15,0.05714285714285714,0.05714285714285714,0.0,0
926369,0,+0223:+0036,Denmark,20_to_50km,0.3028034,9,24,0.30303030303030304,0.30303030303030304,0.0,0
929459,0,+0223:+0036,Denmark,20_to_50km,0.33014736,14,21,0.5714285714285714,0.5714285714285714,0.0,0
929510,0,+0222:+0037,Denmark,20_to_50km,0.337865,25,25,0.44,0.44,0.0,0
930431,0,+0189:+0040,Germany,20_to_50km,0.5233735,37,23,0.13333333333333333,0.13333333333333333,0.0,0
931860,0,+0223:+0036,Denmark,20_to_50km,0.32607803,10,21,0.3225806451612903,0.3225806451612903,0.0,0
939560,0,+0219:+0038,Denmark,20_to_50km,0.3189615,11,18,0.20689655172413793,0.20689655172413793,0.0,0
941614,0,+0220:+0037,Denmark,20_to_50km,0.29813585,16,19,0.34285714285714286,0.34285714285714286,0.0,0
942422,0,+0222:+0037,Denmark,20_to_50km,0.3302186,28,22,0.52,0.52,0.0,0
942632,0,+0222:+0037,Denmark,20_to_50km,0.32701093,37,23,0.43333333333333335,0.43333333333333335,0.0,0
946473,0,+0223:+0036,Denmark,20_to_50km,0.34095824,24,21,0.35555555555555557,0.35555555555555557,0.0,0
949598,0,+0222:+0037,Denmark,20_to_50km,0.30820313,10,20,0.5333333333333333,0.5333333333333333,0.0,0
959128,0,+0223:+0036,Denmark,20_to_50km,0.3262612,9,22,0.25806451612903225,0.25806451612903225,0.0,0
959752,0,+0185:+0052,Italy,20_to_50km,0.25106952,11,20,0.5161290322580645,0.5161290322580645,0.0,0
960014,0,+0222:+0037,Denmark,20_to_50km,0.32940212,25,21,0.30434782608695654,0.30434782608695654,0.0,0
962743,0,+0222:+0037,Denmark,20_to_50km,0.35019305,21,22,0.32558139534883723,0.32558139534883723,0.0,0
969615,0,+0222:+0037,Denmark,20_to_50km,0.32968912,18,22,0.3,0.3,0.0,0
970077,0,+0220:+0038,Denmark,20_to_50km,0.3372409,14,16,0.4666666666666667,0.4666666666666667,0.0,0
971462,0,+0222:+0037,Denmark,20_to_50km,0.31726447,15,21,0.4444444444444444,0.4444444444444444,0.0,0
972329,0,+0220:+0037,Denmark,20_to_50km,0.325711,9,19,0.07142857142857142,0.07142857142857142,0.0,0
972883,0,+0222:+0037,Denmark,20_to_50km,0.33477885,27,23,0.4,0.4,0.0,0
979121,0,+0219:+0038,Denmark,20_to_50km,0.30580905,16,21,0.3783783783783784,0.3783783783783784,0.0,0
980832,0,+0205:+0040,Germany,20_to_50km,0.4598083,29,35,0.46875,0.46875,0.0,0
984027,0,+0167:+0098,Bulgaria,20_to_50km,0.4006921,52,27,0.17721518987341772,0.17721518987341772,0.0,0
986329,0,+0223:+0036,Denmark,20_to_50km,0.3364703,16,21,0.5405405405405406,0.5405405405405406,0.0,0
987011,0,+0223:+0036,Denmark,20_to_50km,0.32806346,26,23,0.5714285714285714,0.5714285714285714,0.0,0
992573,0,+0220:+0037,Denmark,20_to_50km,0.31163487,5,19,0.16666666666666666,0.16666666666666666,0.0,0
1000987,0,+0219:+0038,Denmark,20_to_50km,0.31628057,9,20,0.41379310344827586,0.41379310344827586,0.0,0
1001558,0,+0222:+0037,Denmark,20_to_50km,0.32884175,29,22,0.27450980392156865,0.27450980392156865,0.0,0
1003100,0,+0223:+0036,Denmark,20_to_50km,0.33123693,15,23,0.3157894736842105,0.3157894736842105,0.0,0
1008128,0,+0220:+0038,Denmark,20_to_50km,0.3534208,17,20,0.4864864864864865,0.4864864864864865,0.0,0
1008931,0,+0219:+0038,Denmark,20_to_50km,0.30549413,18,21,0.10256410256410256,0.10256410256410256,0.0,0
1011171,0,+0223:+0036,Denmark,20_to_50km,0.31414688,11,23,0.058823529411764705,0.058823529411764705,0.0,0
1014729,0,+0222:+0037,Denmark,20_to_50km,0.3023986,13,21,0.4117647058823529,0.4117647058823529,0.0,0
1016400,0,+0222:+0037,Denmark,20_to_50km,0.29676956,16,23,0.41025641025641024,0.41025641025641024,0.0,0
1020328,0,+0220:+0038,Denmark,20_to_50km,0.3524852,8,16,0.5,0.5,0.0,0
1023999,0,+0222:+0037,Denmark,20_to_50km,0.3145592,25,21,0.6086956521739131,0.6086956521739131,0.0,0
1030523,0,+0222:+0037,Denmark,20_to_50km,0.29351023,10,25,0.2857142857142857,0.2857142857142857,0.0,0
1033688,0,+0222:+0037,Denmark,20_to_50km,0.3397754,13,23,0.3888888888888889,0.3888888888888889,0.0,0
1035287,0,+0220:+0037,Denmark,20_to_50km,0.33169198,26,20,0.2608695652173913,0.2608695652173913,0.0,0
1036949,0,+0222:+0037,Denmark,20_to_50km,0.31668392,20,23,0.4186046511627907,0.4186046511627907,0.0,0
1038409,0,+0178:+0025,France,20_to_50km,0.27796727,15,24,0.358974358974359,0.358974358974359,0.0,0
1041050,0,+0220:+0037,Denmark,20_to_50km,0.3285806,11,18,0.3448275862068966,0.3448275862068966,0.0,0
1045425,0,+0219:+0038,Denmark,20_to_50km,0.34256795,12,17,0.41379310344827586,0.41379310344827586,0.0,0
1050615,0,+0222:+0037,Denmark,20_to_50km,0.35129172,19,25,0.5,0.5,0.0,0
1050942,0,+0223:+0036,Denmark,20_to_50km,0.32941654,19,23,0.5238095238095238,0.5238095238095238,0.0,0
1051405,0,+0222:+0037,Denmark,20_to_50km,0.30782503,22,18,0.55,0.55,0.0,0
1058743,0,+0222:+0037,Denmark,20_to_50km,0.30659324,22,21,0.5581395348837209,0.5581395348837209,0.0,0
1059708,0,+0220:+0037,Denmark,20_to_50km,0.3285094,21,19,0.4,0.4,0.0,0
1067525,0,+0223:+0036,Denmark,20_to_50km,0.3249906,18,18,0.5555555555555556,0.5555555555555556,0.0,0
1070802,0,+0220:+0037,Denmark,20_to_50km,0.32986715,8,17,0.4,0.4,0.0,0
1070859,0,+0219:+0038,Denmark,20_to_50km,0.34833524,14,21,0.17142857142857143,0.17142857142857143,0.0,0
1072159,0,+0220:+0038,Denmark,20_to_50km,0.3526182,9,19,0.35714285714285715,0.35714285714285715,0.0,0
1072208,0,+0222:+0037,Denmark,20_to_50km,0.3077814,6,19,0.24,0.24,0.0,0
1074395,0,+0223:+0036,Denmark,20_to_50km,0.33711526,20,24,0.45454545454545453,0.45454545454545453,0.0,0
1079240,0,+0220:+0038,Denmark,20_to_50km,0.33007324,26,17,0.18604651162790697,0.18604651162790697,0.0,0
1081339,0,+0220:+0037,Denmark,20_to_50km,0.32645586,19,20,0.5641025641025641,0.5641025641025641,0.0,0
1086418,0,+0223:+0036,Denmark,20_to_50km,0.33576432,15,21,0.2777777777777778,0.2777777777777778,0.0,0
1087509,0,+0177:+0025,France,20_to_50km,0.28578955,20,23,0.32558139534883723,0.32558139534883723,0.0,0
1091849,0,+0222:+0037,Denmark,20_to_50km,0.3390008,17,20,0.2702702702702703,0.2702702702702703,0.0,0
1093628,0,+0223:+0036,Denmark,20_to_50km,0.32829493,16,22,0.3684210526315789,0.3684210526315789,0.0,0
1097507,0,+0219:+0041,Denmark,20_to_50km,0.32934278,15,19,0.11764705882352941,0.11764705882352941,0.0,0
1098809,0,+0223:+0036,Denmark,20_to_50km,0.3263192,14,20,0.47058823529411764,0.47058823529411764,0.0,0
1099396,0,+0223:+0036,Denmark,20_to_50km,0.3198849,23,22,0.35555555555555557,0.35555555555555557,0.0,0
1099470,0,+0219:+0038,Denmark,20_to_50km,0.31546655,10,21,0.25806451612903225,0.25806451612903225,0.0,0
1100804,0,+0220:+0037,Denmark,20_to_50km,0.3272938,7,18,0.24,0.24,0.0,0
1104028,0,+0219:+0038,Denmark,20_to_50km,0.31874385,15,19,0.5882352941176471,0.5882352941176471,0.0,0
1106545,0,+0220:+0038,Denmark,20_to_50km,0.3320986,7,17,0.4166666666666667,0.4166666666666667,0.0,0
1108556,0,+0219:+0038,Denmark,20_to_50km,0.31031516,13,19,0.4375,0.4375,0.0,0
1108591,0,+0222:+0037,Denmark,20_to_50km,0.3499051,8,21,0.41379310344827586,0.41379310344827586,0.0,0
1108695,0,+0220:+0037,Denmark,20_to_50km,0.33294436,9,15,0.4166666666666667,0.4166666666666667,0.0,0
1111857,0,+0220:+0038,Denmark,20_to_50km,0.32289588,3,19,0.09090909090909091,0.09090909090909091,0.0,0
1111994,0,+0222:+0037,Denmark,20_to_50km,0.34855908,25,20,0.4444444444444444,0.4444444444444444,0.0,0
1113133,0,+0220:+0037,Denmark,20_to_50km,0.3283465,16,17,0.36363636363636365,0.36363636363636365,0.0,0
1113369,0,+0222:+0037,Denmark,20_to_50km,0.34571293,16,22,0.3157894736842105,0.3157894736842105,0.0,0
1114117,0,+0220:+0037,Denmark,20_to_50km,0.3273298,17,17,0.5882352941176471,0.5882352941176471,0.0,0
1114770,0,+0222:+0037,Denmark,20_to_50km,0.35319352,22,20,0.42857142857142855,0.42857142857142855,0.0,0
1121546,0,+0222:+0037,Denmark,20_to_50km,0.33947712,12,25,0.3783783783783784,0.3783783783783784,0.0,0
1121771,0,+0223:+0036,Denmark,20_to_50km,0.30633357,23,21,0.5,0.5,0.0,0
1122809,0,+0220:+0037,Denmark,20_to_50km,0.32549432,31,19,0.44,0.44,0.0,0
1125325,0,+0222:+0037,Denmark,20_to_50km,0.3502425,17,22,0.41025641025641024,0.41025641025641024,0.0,0
1130262,0,+0222:+0037,Denmark,20_to_50km,0.30644685,20,18,0.47368421052631576,0.47368421052631576,0.0,0
1133141,0,+0220:+0038,Denmark,20_to_50km,0.32730174,20,23,0.37209302325581395,0.37209302325581395,0.0,0
1134297,0,+0219:+0038,Denmark,20_to_50km,0.34247056,22,19,0.5853658536585366,0.5853658536585366,0.0,0
1143522,0,+0222:+0037,Denmark,20_to_50km,0.31779918,27,22,0.24489795918367346,0.24489795918367346,0.0,0
1144104,0,+0223:+0036,Denmark,20_to_50km,0.32750797,17,23,0.3,0.3,0.0,0
1144743,0,+0220:+0037,Denmark,20_to_50km,0.3382072,12,21,0.18181818181818182,0.18181818181818182,0.0,0
1144809,0,+0222:+0037,Denmark,20_to_50km,0.33006793,38,23,0.13114754098360656,0.13114754098360656,0.0,0
1149689,0,+0223:+0036,Denmark,20_to_50km,0.3533754,3,16,0.3157894736842105,0.3157894736842105,0.0,0
1150389,0,+0223:+0036,Denmark,20_to_50km,0.32986167,15,21,0.3333333333333333,0.3333333333333333,0.0,0
1150875,0,+0219:+0038,Denmark,20_to_50km,0.31045923,9,19,0.35714285714285715,0.35714285714285715,0.0,0
1156201,0,+0222:+0037,Denmark,20_to_50km,0.34635562,17,22,0.41025641025641024,0.41025641025641024,0.0,0
1158113,0,+0219:+0041,Denmark,20_to_50km,0.28931665,25,21,0.43478260869565216,0.43478260869565216,0.0,0
1161148,0,+0222:+0037,Denmark,20_to_50km,0.32796073,8,23,0.25806451612903225,0.25806451612903225,0.0,0
1162711,0,+0223:+0036,Denmark,20_to_50km,0.32857308,14,21,0.5142857142857142,0.5142857142857142,0.0,0
1166461,0,+0223:+0036,Denmark,20_to_50km,0.3211175,8,20,0.07142857142857142,0.07142857142857142,0.0,0
1166696,0,+0177:-0004,France,20_to_50km,0.23534407,8,16,0.4166666666666667,0.4166666666666667,0.0,0
1168529,0,+0223:+0036,Denmark,20_to_50km,0.33024663,9,22,0.3225806451612903,0.3225806451612903,0.0,0
1170264,0,+0223:+0036,Denmark,20_to_50km,0.3408155,29,23,0.5,0.5,0.0,0
1172524,0,+0223:+0036,Denmark,20_to_50km,0.3078335,12,19,0.0,0.0,0.0,0
1181168,0,+0219:+0038,Denmark,20_to_50km,0.3055337,16,19,0.22857142857142856,0.22857142857142856,0.0,0
1181623,0,+0222:+0037,Denmark,20_to_50km,0.34396857,26,22,0.5,0.5,0.0,0
1182395,0,+0222:+0037,Denmark,20_to_50km,0.31082168,18,22,0.4,0.4,0.0,0
1184716,0,+0222:+0037,Denmark,20_to_50km,0.3512393,10,22,0.1875,0.1875,0.0,0
1188511,0,+0220:+0038,Denmark,20_to_50km,0.35641083,16,16,0.375,0.375,0.0,0
1189398,0,+0222:+0037,Denmark,20_to_50km,0.3243229,13,26,0.2564102564102564,0.2564102564102564,0.0,0
1190577,0,+0220:+0038,Denmark,20_to_50km,0.33248302,16,20,0.1111111111111111,0.1111111111111111,0.0,0
1191025,0,+0223:+0036,Denmark,20_to_50km,0.3409946,15,22,0.4864864864864865,0.4864864864864865,0.0,0
1193010,0,+0223:+0036,Denmark,20_to_50km,0.33217284,16,20,0.3888888888888889,0.3888888888888889,0.0,0
1195837,0,+0167:+0098,Bulgaria,20_to_50km,0.39915782,26,27,0.1509433962264151,0.1509433962264151,0.0,0
1196013,0,+0184:+0027,France,20_to_50km,0.2573042,46,27,0.3835616438356164,0.3835616438356164,0.0,0
1196118,0,+0223:+0036,Denmark,20_to_50km,0.32513335,12,16,0.42857142857142855,0.42857142857142855,0.0,0
1197149,0,+0222:+0037,Denmark,20_to_50km,0.34828064,19,24,0.4186046511627907,0.4186046511627907,0.0,0
1197732,0,+0220:+0037,Denmark,20_to_50km,0.32446536,20,17,0.3783783783783784,0.3783783783783784,0.0,0
1198072,0,+0222:+0037,Denmark,20_to_50km,0.3095247,11,18,0.4827586206896552,0.4827586206896552,0.0,0
1198286,0,+0220:+0037,Denmark,20_to_50km,0.33320794,21,18,0.20512820512820512,0.20512820512820512,0.0,0
1198424,0,+0222:+0037,Denmark,20_to_50km,0.298672,15,26,0.34146341463414637,0.34146341463414637,0.0,0
1199237,0,+0223:+0036,Denmark,20_to_50km,0.31039163,19,23,0.47619047619047616,0.47619047619047616,0.0,0
1200546,0,+0220:+0037,Denmark,20_to_50km,0.3391174,10,18,0.42857142857142855,0.42857142857142855,0.0,0
1201830,0,+0223:+0036,Denmark,20_to_50km,0.31049308,10,20,0.3333333333333333,0.3333333333333333,0.0,0
1207603,0,+0219:+0038,Denmark,20_to_50km,0.3109102,12,17,0.41379310344827586,0.41379310344827586,0.0,0
1210475,0,+0220:+0037,Denmark,20_to_50km,0.32703632,13,15,0.5,0.5,0.0,0
1212020,0,+0222:+0037,Denmark,20_to_50km,0.31052858,21,21,0.5238095238095238,0.5238095238095238,0.0,0
1213768,0,+0219:+0038,Denmark,20_to_50km,0.31825703,21,17,0.15789473684210525,0.15789473684210525,0.0,0
1214038,0,+0222:+0037,Denmark,20_to_50km,0.34960508,21,22,0.46511627906976744,0.46511627906976744,0.0,0
1214465,0,+0223:+0036,Denmark,20_to_50km,0.35434058,22,21,0.5581395348837209,0.5581395348837209,0.0,0
1215569,0,+0223:+0036,Denmark,20_to_50km,0.333474,15,21,0.3888888888888889,0.3888888888888889,0.0,0
1218881,0,+0220:+0037,Denmark,20_to_50km,0.32503256,13,17,0.26666666666666666,0.26666666666666666,0.0,0
1224027,0,+0223:+0036,Denmark,20_to_50km,0.31027055,12,21,0.12121212121212122,0.12121212121212122,0.0,0
1224690,0,+0220:+0038,Denmark,20_to_50km,0.32919866,23,19,0.38095238095238093,0.38095238095238093,0.0,0
1225425,0,+0223:+0036,Denmark,20_to_50km,0.32891488,13,15,0.35714285714285715,0.35714285714285715,0.0,0
1225529,0,+0223:+0036,Denmark,20_to_50km,0.3063721,13,20,0.42424242424242425,0.42424242424242425,0.0,0
1226099,0,+0220:+0037,Denmark,20_to_50km,0.33022577,15,21,0.3333333333333333,0.3333333333333333,0.0,0
1227923,0,+0223:+0036,Denmark,20_to_50km,0.31026486,7,22,0.27586206896551724,0.27586206896551724,0.0,0
1230450,0,+0219:+0038,Denmark,20_to_50km,0.3113086,13,17,0.4666666666666667,0.4666666666666667,0.0,0
1231604,0,+0223:+0036,Denmark,20_to_50km,0.30997214,6,18,0.4166666666666667,0.4166666666666667,0.0,0
1232144,0,+0222:+0037,Denmark,20_to_50km,0.3005163,14,17,0.5161290322580645,0.5161290322580645,0.0,0
1234541,0,+0223:+0036,Denmark,20_to_50km,0.32524094,6,17,0.2608695652173913,0.2608695652173913,0.0,0
1235746,0,+0223:+0036,Denmark,20_to_50km,0.30486792,12,20,0.5625,0.5625,0.0,0
1237498,0,+0223:+0036,Denmark,20_to_50km,0.32432824,9,17,0.38461538461538464,0.38461538461538464,0.0,0
1238244,0,+0222:+0037,Denmark,20_to_50km,0.34117904,19,21,0.1,0.1,0.0,0
1241714,0,+0219:+0038,Denmark,20_to_50km,0.34419093,11,24,0.17142857142857143,0.17142857142857143,0.0,0
1246050,0,+0223:+0036,Denmark,20_to_50km,0.33410403,14,22,0.3888888888888889,0.3888888888888889,0.0,0
1246761,0,+0168:+0061,Italy,20_to_50km,0.22351262,7,17,0.0,0.0,0.0,0
1251052,0,+0223:+0036,Denmark,20_to_50km,0.30432075,20,21,0.5365853658536586,0.5365853658536586,0.0,0
1252622,0,+0220:+0037,Denmark,20_to_50km,0.32202438,10,17,0.14814814814814814,0.14814814814814814,0.0,0
1255631,0,+0223:+0036,Denmark,20_to_50km,0.31061733,19,20,0.358974358974359,0.358974358974359,0.0,0
1255682,0,+0220:+0038,Denmark,20_to_50km,0.3528006,15,17,0.625,0.625,0.0,0
1256697,0,+0223:+0036,Denmark,20_to_50km,0.32687688,12,21,0.12121212121212122,0.12121212121212122,0.0,0
1261228,0,+0223:+0036,Denmark,20_to_50km,0.30609107,16,20,0.16666666666666666,0.16666666666666666,0.0,0
1265223,0,+0223:+0036,Denmark,20_to_50km,0.30872837,7,15,0.5454545454545454,0.5454545454545454,0.0,0
1267250,0,+0222:+0037,Denmark,20_to_50km,0.34821507,15,21,0.3888888888888889,0.3888888888888889,0.0,0
1268764,0,+0219:+0038,Denmark,20_to_50km,0.34763977,16,18,0.17647058823529413,0.17647058823529413,0.0,0
1269778,0,+0222:+0037,Denmark,20_to_50km,0.33050764,22,20,0.5714285714285714,0.5714285714285714,0.0,0
1281976,0,+0223:+0036,Denmark,20_to_50km,0.33343765,14,20,0.35294117647058826,0.35294117647058826,0.0,0
1283306,0,+0222:+0037,Denmark,20_to_50km,0.32734668,11,25,0.3333333333333333,0.3333333333333333,0.0,0
1283575,0,+0223:+0036,Denmark,20_to_50km,0.32432175,14,21,0.2857142857142857,0.2857142857142857,0.0,0
1284212,0,+0220:+0038,Denmark,20_to_50km,0.3368856,17,20,0.21621621621621623,0.21621621621621623,0.0,0
1284669,0,+0222:+0037,Denmark,20_to_50km,0.33936474,12,24,0.3888888888888889,0.3888888888888889,0.0,0
1290888,0,+0220:+0037,Denmark,20_to_50km,0.32588026,21,16,0.32432432432432434,0.32432432432432434,0.0,0
1292343,0,+0168:+0061,Italy,20_to_50km,0.2229853,14,18,0.25,0.25,0.0,0
1292746,0,+0223:+0036,Denmark,20_to_50km,0.3095896,10,17,0.5925925925925926,0.5925925925925926,0.0,0
1292943,0,+0222:+0037,Denmark,20_to_50km,0.34998938,28,20,0.5416666666666666,0.5416666666666666,0.0,0
1293991,0,+0220:+0038,Denmark,20_to_50km,0.32343668,19,18,0.3783783783783784,0.3783783783783784,0.0,0
1295936,0,+0223:+0036,Denmark,20_to_50km,0.30488804,5,21,0.23076923076923078,0.23076923076923078,0.0,0
1298337,0,+0168:+0061,Italy,20_to_50km,0.2238849,15,19,0.4117647058823529,0.4117647058823529,0.0,0
1298626,0,+0223:+0036,Denmark,20_to_50km,0.3138297,8,18,0.3076923076923077,0.3076923076923077,0.0,0
1299147,0,+0223:+0036,Denmark,20_to_50km,0.3137761,10,19,0.20689655172413793,0.20689655172413793,0.0,0
1300041,0,+0219:+0038,Denmark,20_to_50km,0.34653887,14,17,0.1935483870967742,0.1935483870967742,0.0,0
1301234,0,+0223:+0036,Denmark,20_to_50km,0.29776236,9,19,0.35714285714285715,0.35714285714285715,0.0,0
1301514,0,+0223:+0036,Denmark,20_to_50km,0.3540916,9,20,0.4827586206896552,0.4827586206896552,0.0,0
1304676,0,+0223:+0036,Denmark,20_to_50km,0.3284112,10,19,0.5517241379310345,0.5517241379310345,0.0,0
1307394,0,+0220:+0038,Denmark,20_to_50km,0.35240135,12,19,0.5806451612903226,0.5806451612903226,0.0,0
1307647,0,+0220:+0037,Denmark,20_to_50km,0.33414206,7,18,0.24,0.24,0.0,0
1308851,0,+0168:+0061,Italy,20_to_50km,0.22569102,11,18,0.6206896551724138,0.6206896551724138,0.0,0
1309846,0,+0222:+0037,Denmark,20_to_50km,0.34042868,9,21,0.5333333333333333,0.5333333333333333,0.0,0
1310254,0,+0222:+0037,Denmark,20_to_50km,0.29824948,9,20,0.41379310344827586,0.41379310344827586,0.0,0
1312165,0,+0185:+0052,Italy,20_to_50km,0.22491382,35,28,0.06349206349206349,0.06349206349206349,0.0,0
1316237,0,+0223:+0036,Denmark,20_to_50km,0.3286084,17,22,0.20512820512820512,0.20512820512820512,0.0,0
1316750,0,+0222:+0037,Denmark,20_to_50km,0.30878192,38,22,0.43333333333333335,0.43333333333333335,0.0,0
1316905,0,+0220:+0038,Denmark,20_to_50km,0.35605544,5,16,0.47619047619047616,0.47619047619047616,0.0,0
1318419,0,+0222:+0037,Denmark,20_to_50km,0.31753713,14,23,0.05405405405405406,0.05405405405405406,0.0,0
1320554,0,+0187:+0003,France,20_to_50km,0.2539051,25,22,0.5106382978723404,0.5106382978723404,0.0,0
1325111,0,+0222:+0037,Denmark,20_to_50km,0.35458004,9,21,0.3333333333333333,0.3333333333333333,0.0,0
1327558,0,+0167:+0098,Bulgaria,20_to_50km,0.39864302,59,23,0.17073170731707318,0.17073170731707318,0.0,0
1336607,0,+0168:+0061,Italy,20_to_50km,0.2238998,17,18,0.4,0.4,0.0,0
1338060,0,+0222:+0037,Denmark,20_to_50km,0.30869082,22,16,0.3684210526315789,0.3684210526315789,0.0,0
1338389,0,+0168:+0061,Italy,20_to_50km,0.22500151,15,17,0.375,0.375,0.0,0
1338813,0,+0168:+0061,Italy,20_to_50km,0.22718313,6,17,0.2608695652173913,0.2608695652173913,0.0,0
1339018,0,+0222:+0037,Denmark,20_to_50km,0.3023953,31,25,0.25,0.25,0.0,0
1342151,0,+0222:+0037,Denmark,20_to_50km,0.29502523,3,23,0.15384615384615385,0.15384615384615385,0.0,0
1342184,0,+0220:+0038,Denmark,20_to_50km,0.33652565,17,15,0.375,0.375,0.0,0
1345474,0,+0222:+0037,Denmark,20_to_50km,0.34005594,15,20,0.34285714285714286,0.34285714285714286,0.0,0
1345520,0,+0223:+0036,Denmark,20_to_50km,0.33158818,14,24,0.2631578947368421,0.2631578947368421,0.0,0
1345934,0,+0220:+0037,Denmark,20_to_50km,0.32515296,18,18,0.6111111111111112,0.6111111111111112,0.0,0
1347633,0,+0220:+0037,Denmark,20_to_50km,0.32580772,26,19,0.4,0.4,0.0,0
1350427,0,+0222:+0037,Denmark,20_to_50km,0.33894965,15,23,0.10526315789473684,0.10526315789473684,0.0,0
1353900,0,+0223:+0036,Denmark,20_to_50km,0.30198658,29,21,0.2,0.2,0.0,0
1355385,0,+0222:+0037,Denmark,20_to_50km,0.33895326,20,22,0.42857142857142855,0.42857142857142855,0.0,0
1357085,0,+0223:+0036,Denmark,20_to_50km,0.33929172,5,20,0.24,0.24,0.0,0
1357119,0,+0220:+0037,Denmark,20_to_50km,0.3000526,23,15,0.05263157894736842,0.05263157894736842,0.0,0
1361502,0,+0222:+0037,Denmark,20_to_50km,0.299891,17,27,0.45454545454545453,0.45454545454545453,0.0,0
1361571,0,+0223:+0036,Denmark,20_to_50km,0.32447386,12,22,0.35294117647058826,0.35294117647058826,0.0,0
1361609,0,+0223:+0036,Denmark,20_to_50km,0.325103,8,16,0.5,0.5,0.0,0
1365259,0,+0219:+0038,Denmark,20_to_50km,0.31016096,11,15,0.38461538461538464,0.38461538461538464,0.0,0
1369658,0,+0223:+0036,Denmark,20_to_50km,0.35412392,11,17,0.5,0.5,0.0,0
1370438,0,+0223:+0036,Denmark,20_to_50km,0.34073758,27,22,0.2857142857142857,0.2857142857142857,0.0,0
1371588,0,+0222:+0037,Denmark,20_to_50km,0.34769276,16,19,0.2857142857142857,0.2857142857142857,0.0,0
1375070,0,+0220:+0038,Denmark,20_to_50km,0.33685836,23,16,0.41025641025641024,0.41025641025641024,0.0,0
1378668,0,+0220:+0037,Denmark,20_to_50km,0.3320958,14,17,0.45161290322580644,0.45161290322580644,0.0,0
1386869,0,+0223:+0036,Denmark,20_to_50km,0.3207631,9,18,0.4444444444444444,0.4444444444444444,0.0,0
1386953,0,+0172:+0003,France,20_to_50km,0.24267338,24,24,0.25,0.25,0.0,0
1387714,0,+0223:+0036,Denmark,20_to_50km,0.3299867,15,21,0.2222222222222222,0.2222222222222222,0.0,0
1390659,0,+0223:+0036,Denmark,20_to_50km,0.3044318,25,25,0.52,0.52,0.0,0
1390861,0,+0220:+0037,Denmark,20_to_50km,0.32586387,9,15,0.25,0.25,0.0,0
1393832,0,+0205:+0040,Germany,20_to_50km,0.4595176,33,36,0.34782608695652173,0.34782608695652173,0.0,0
1394279,0,+0222:+0037,Denmark,20_to_50km,0.35461518,22,22,0.3181818181818182,0.3181818181818182,0.0,0
1395637,0,+0205:+0040,Germany,20_to_50km,0.45955285,32,36,0.29411764705882354,0.29411764705882354,0.0,0
1396431,0,+0223:+0036,Denmark,20_to_50km,0.30371594,22,23,0.5777777777777777,0.5777777777777777,0.0,0
1398580,0,+0223:+0036,Denmark,20_to_50km,0.3277739,19,25,0.5,0.5,0.0,0
1400516,0,+0222:+0037,Denmark,20_to_50km,0.293879,14,21,0.2857142857142857,0.2857142857142857,0.0,0
1401574,0,+0223:+0036,Denmark,20_to_50km,0.32924595,22,21,0.46511627906976744,0.46511627906976744,0.0,0
1403046,0,+0220:+0037,Denmark,20_to_50km,0.32755253,13,18,0.3225806451612903,0.3225806451612903,0.0,0
1403273,0,+0222:+0037,Denmark,20_to_50km,0.29913938,28,20,0.4583333333333333,0.4583333333333333,0.0,0
1405225,0,+0222:+0037,Denmark,20_to_50km,0.31664264,16,23,0.41025641025641024,0.41025641025641024,0.0,0
1408144,0,+0220:+0038,Denmark,20_to_50km,0.32959148,8,20,0.5,0.5,0.0,0
1409766,0,+0168:+0061,Italy,20_to_50km,0.22458434,42,20,0.2903225806451613,0.2903225806451613,0.0,0
1413469,0,+0219:+0038,Denmark,20_to_50km,0.31677356,13,17,0.4666666666666667,0.4666666666666667,0.0,0
1413690,0,+0223:+0036,Denmark,20_to_50km,0.32708994,17,22,0.358974358974359,0.358974358974359,0.0,0
1414634,0,+0223:+0036,Denmark,20_to_50km,0.32995862,17,25,0.47619047619047616,0.47619047619047616,0.0,0
1416857,0,+0219:+0038,Denmark,20_to_50km,0.34871495,10,21,0.25806451612903225,0.25806451612903225,0.0,0
1417091,0,+0219:+0038,Denmark,20_to_50km,0.34638223,7,21,0.35714285714285715,0.35714285714285715,0.0,0
1420910,0,+0220:+0038,Denmark,20_to_50km,0.33144024,21,18,0.2564102564102564,0.2564102564102564,0.0,0
1427213,0,+0223:+0036,Denmark,20_to_50km,0.3021481,2,20,0.0,0.0,0.0,0
1427911,0,+0168:+0061,Italy,20_to_50km,0.22451825,10,14,0.08333333333333333,0.08333333333333333,0.0,0
1428186,0,+0223:+0036,Denmark,20_to_50km,0.32579002,8,21,0.27586206896551724,0.27586206896551724,0.0,0
1428480,0,+0222:+0037,Denmark,20_to_50km,0.3009722,25,21,0.391304347826087,0.391304347826087,0.0,0
1429968,0,+0168:+0061,Italy,20_to_50km,0.22525951,9,17,0.23076923076923078,0.23076923076923078,0.0,0
1431006,0,+0223:+0036,Denmark,20_to_50km,0.3229272,14,22,0.16666666666666666,0.16666666666666666,0.0,0
1431265,0,+0223:+0036,Denmark,20_to_50km,0.3135186,7,15,0.18181818181818182,0.18181818181818182,0.0,0
1433542,0,+0223:+0036,Denmark,20_to_50km,0.33313,21,23,0.5,0.5,0.0,0
1433607,0,+0220:+0037,Denmark,20_to_50km,0.32546076,17,24,0.34146341463414637,0.34146341463414637,0.0,0
1437769,0,+0220:+0038,Denmark,20_to_50km,0.32513532,11,17,0.14285714285714285,0.14285714285714285,0.0,0
1438584,0,+0223:+0036,Denmark,20_to_50km,0.3334697,11,19,0.06666666666666667,0.06666666666666667,0.0,0
1438982,0,+0223:+0036,Denmark,20_to_50km,0.3243068,11,17,0.5714285714285714,0.5714285714285714,0.0,0
1439415,0,+0220:+0038,Denmark,20_to_50km,0.35645956,11,19,0.6,0.6,0.0,0
1442516,0,+0177:-0004,France,20_to_50km,0.22468679,9,13,0.45454545454545453,0.45454545454545453,0.0,0
1443500,0,+0223:+0036,Denmark,20_to_50km,0.34011683,15,16,0.6451612903225806,0.6451612903225806,0.0,0
1443883,0,+0219:+0041,Denmark,20_to_50km,0.29326943,14,15,0.5517241379310345,0.5517241379310345,0.0,0
1446879,0,+0219:+0038,Denmark,20_to_50km,0.3451689,19,19,0.3157894736842105,0.3157894736842105,0.0,0
1447235,0,+0223:+0036,Denmark,20_to_50km,0.30879867,15,16,0.25806451612903225,0.25806451612903225,0.0,0
1447490,0,+0222:+0037,Denmark,20_to_50km,0.33551303,10,23,0.48484848484848486,0.48484848484848486,0.0,0
1447802,0,+0220:+0038,Denmark,20_to_50km,0.3378048,23,19,0.47619047619047616,0.47619047619047616,0.0,0
1451804,0,+0222:+0037,Denmark,20_to_50km,0.35508013,23,20,0.46511627906976744,0.46511627906976744,0.0,0
1460806,0,+0223:+0036,Denmark,20_to_50km,0.3248475,4,19,0.2608695652173913,0.2608695652173913,0.0,0
1460905,0,+0220:+0037,Denmark,20_to_50km,0.33344027,12,17,0.41379310344827586,0.41379310344827586,0.0,0
1462847,0,+0219:+0038,Denmark,20_to_50km,0.34529614,21,15,0.4444444444444444,0.4444444444444444,0.0,0
1466969,0,+0220:+0038,Denmark,20_to_50km,0.32851484,31,21,0.3076923076923077,0.3076923076923077,0.0,0
1468918,0,+0222:+0037,Denmark,20_to_50km,0.3496678,13,24,0.5945945945945946,0.5945945945945946,0.0,0
1477325,0,+0222:+0037,Denmark,20_to_50km,0.34101516,17,24,0.3902439024390244,0.3902439024390244,0.0,0
1477663,0,+0222:+0037,Denmark,20_to_50km,0.33020312,23,21,0.36363636363636365,0.36363636363636365,0.0,0
1482133,0,+0223:+0036,Denmark,20_to_50km,0.3131917,27,21,0.3333333333333333,0.3333333333333333,0.0,0
1485661,0,+0222:+0037,Denmark,20_to_50km,0.33931318,16,21,0.32432432432432434,0.32432432432432434,0.0,0
1489650,0,+0223:+0036,Denmark,20_to_50km,0.30170625,12,18,0.3333333333333333,0.3333333333333333,0.0,0
1490466,0,+0222:+0037,Denmark,20_to_50km,0.30997437,13,19,0.4375,0.4375,0.0,0
1499435,0,+0223:+0036,Denmark,20_to_50km,0.3303899,14,23,0.5405405405405406,0.5405405405405406,0.0,0
1499930,0,+0223:+0036,Denmark,20_to_50km,0.3279324,12,23,0.22857142857142856,0.22857142857142856,0.0,0
1500727,0,+0222:+0037,Denmark,20_to_50km,0.32712743,27,21,0.4166666666666667,0.4166666666666667,0.0,0
1502807,0,+0223:+0036,Denmark,20_to_50km,0.3014823,11,20,0.3225806451612903,0.3225806451612903,0.0,0
1506094,0,+0222:+0037,Denmark,20_to_50km,0.30827048,26,25,0.5098039215686274,0.5098039215686274,0.0,0
1506590,0,+0222:+0037,Denmark,20_to_50km,0.33768004,15,24,0.20512820512820512,0.20512820512820512,0.0,0
1509585,0,+0220:+0038,Denmark,20_to_50km,0.33725074,11,15,0.23076923076923078,0.23076923076923078,0.0,0
1511374,0,+0223:+0036,Denmark,20_to_50km,0.31134912,9,19,0.42857142857142855,0.42857142857142855,0.0,0
1512990,0,+0222:+0037,Denmark,20_to_50km,0.33903328,20,21,0.2926829268292683,0.2926829268292683,0.0,0
1514831,0,+0220:+0037,Denmark,20_to_50km,0.33214837,13,17,0.4666666666666667,0.4666666666666667,0.0,0
1516965,0,+0168:+0061,Italy,20_to_50km,0.22477105,18,17,0.5142857142857142,0.5142857142857142,0.0,0
1519241,0,+0222:+0037,Denmark,20_to_50km,0.35216472,20,27,0.2553191489361702,0.2553191489361702,0.0,0
1522979,0,+0223:+0036,Denmark,20_to_50km,0.3365895,19,17,0.16666666666666666,0.16666666666666666,0.0,0
1523729,0,+0223:+0036,Denmark,20_to_50km,0.3054393,23,20,0.32558139534883723,0.32558139534883723,0.0,0
1531932,0,+0222:+0037,Denmark,20_to_50km,0.31282845,25,23,0.4166666666666667,0.4166666666666667,0.0,0
1533875,0,+0220:+0037,Denmark,20_to_50km,0.33607858,23,22,0.35555555555555557,0.35555555555555557,0.0,0
1539495,0,+0220:+0037,Denmark,20_to_50km,0.32788157,10,17,0.2962962962962963,0.2962962962962963,0.0,0
1541401,0,+0220:+0037,Denmark,20_to_50km,0.32819268,13,19,0.4375,0.4375,0.0,0
1549645,0,+0222:+0037,Denmark,20_to_50km,0.2969781,14,24,0.2631578947368421,0.2631578947368421,0.0,0
1550081,0,+0220:+0037,Denmark,20_to_50km,0.32247108,20,17,0.5405405405405406,0.5405405405405406,0.0,0
1550188,0,+0220:+0037,Denmark,20_to_50km,0.32605287,14,21,0.34285714285714286,0.34285714285714286,0.0,0
1550664,0,+0222:+0037,Denmark,20_to_50km,0.3501546,9,22,0.12903225806451613,0.12903225806451613,0.0,0
1552175,0,+0223:+0036,Denmark,20_to_50km,0.3289216,18,20,0.3684210526315789,0.3684210526315789,0.0,0
1553033,0,+0168:+0061,Italy,20_to_50km,0.22475143,11,17,0.5,0.5,0.0,0
1557393,0,+0168:+0061,Italy,20_to_50km,0.224204,17,17,0.5294117647058824,0.5294117647058824,0.0,0
1566456,0,+0219:+0038,Denmark,20_to_50km,0.31643206,12,17,0.4827586206896552,0.4827586206896552,0.0,0
1574719,0,+0219:+0038,Denmark,20_to_50km,0.31673113,9,15,0.4166666666666667,0.4166666666666667,0.0,0
1578644,0,+0222:+0037,Denmark,20_to_50km,0.33431968,14,23,0.43243243243243246,0.43243243243243246,0.0,0
1578774,0,+0220:+0037,Denmark,20_to_50km,0.33412176,8,21,0.3448275862068966,0.3448275862068966,0.0,0
1579490,0,+0222:+0037,Denmark,20_to_50km,0.35067573,35,22,0.45614035087719296,0.45614035087719296,0.0,0
1585857,0,+0222:+0037,Denmark,20_to_50km,0.35465977,21,22,0.23255813953488372,0.23255813953488372,0.0,0
1586710,0,+0223:+0036,Denmark,20_to_50km,0.33035856,12,23,0.11428571428571428,0.11428571428571428,0.0,0
1587261,0,+0222:+0037,Denmark,20_to_50km,0.29872766,17,23,0.15,0.15,0.0,0
1590179,0,+0223:+0036,Denmark,20_to_50km,0.32606232,15,21,0.4444444444444444,0.4444444444444444,0.0,0
1595566,0,+0222:+0037,Denmark,20_to_50km,0.34143844,18,23,0.5853658536585366,0.5853658536585366,0.0,0
1595613,0,+0222:+0037,Denmark,20_to_50km,0.34096757,25,25,0.52,0.52,0.0,0
1597035,0,+0223:+0036,Denmark,20_to_50km,0.31639618,21,21,0.38095238095238093,0.38095238095238093,0.0,0
1599491,0,+0223:+0036,Denmark,20_to_50km,0.3275632,15,22,0.3783783783783784,0.3783783783783784,0.0,0
1600218,0,+0222:+0037,Denmark,20_to_50km,0.3039664,24,20,0.45454545454545453,0.45454545454545453,0.0,0
1601817,0,+0223:+0036,Denmark,20_to_50km,0.3202431,13,22,0.4,0.4,0.0,0
1605745,0,+0223:+0036,Denmark,20_to_50km,0.34202126,14,21,0.34285714285714286,0.34285714285714286,0.0,0
1606891,0,+0222:+0037,Denmark,20_to_50km,0.30246413,9,21,0.4,0.4,0.0,0
1607925,0,+0222:+0037,Denmark,20_to_50km,0.3176734,19,21,0.5,0.5,0.0,0
1616537,0,+0222:+0037,Denmark,20_to_50km,0.33182475,15,22,0.10810810810810811,0.10810810810810811,0.0,0
1617949,0,+0222:+0037,Denmark,20_to_50km,0.30980772,24,21,0.26666666666666666,0.26666666666666666,0.0,0
1621640,0,+0220:+0037,Denmark,20_to_50km,0.33150423,11,17,0.42857142857142855,0.42857142857142855,0.0,0
1621659,0,+0223:+0036,Denmark,20_to_50km,0.32505414,6,21,0.2962962962962963,0.2962962962962963,0.0,0
1621706,0,+0223:+0036,Denmark,20_to_50km,0.35426757,14,20,0.5294117647058824,0.5294117647058824,0.0,0
1621872,0,+0223:+0036,Denmark,20_to_50km,0.31186503,24,20,0.2727272727272727,0.2727272727272727,0.0,0
1627735,0,+0222:+0037,Denmark,20_to_50km,0.29709217,38,22,0.43333333333333335,0.43333333333333335,0.0,0
1627877,0,+0168:+0061,Italy,20_to_50km,0.22382963,10,18,0.42857142857142855,0.42857142857142855,0.0,0
1631967,0,+0222:+0037,Denmark,20_to_50km,0.29946953,11,20,0.3870967741935484,0.3870967741935484,0.0,0
1632246,0,+0177:+0025,France,20_to_50km,0.26128992,30,24,0.4074074074074074,0.4074074074074074,0.0,0
1632329,0,+0220:+0038,Denmark,20_to_50km,0.33277956,15,16,0.1935483870967742,0.1935483870967742,0.0,0
1633608,0,+0223:+0036,Denmark,20_to_50km,0.3302848,18,22,0.65,0.65,0.0,0
1634040,0,+0220:+0037,Denmark,20_to_50km,0.33189327,11,17,0.35714285714285715,0.35714285714285715,0.0,0
1634947,0,+0184:+0027,France,20_to_50km,0.2451455,25,25,0.36,0.36,0.0,0
1639406,0,+0222:+0037,Denmark,20_to_50km,0.35150257,14,19,0.30303030303030304,0.30303030303030304,0.0,0
1645652,0,+0219:+0038,Denmark,20_to_50km,0.31506044,17,20,0.3783783783783784,0.3783783783783784,0.0,0
1651956,0,+0223:+0036,Denmark,20_to_50km,0.32615727,13,20,0.5454545454545454,0.5454545454545454,0.0,0
1652928,0,+0223:+0036,Denmark,20_to_50km,0.30891132,14,14,0.6428571428571429,0.6428571428571429,0.0,0
1653589,0,+0222:+0037,Denmark,20_to_50km,0.3171694,31,25,0.5357142857142857,0.5357142857142857,0.0,0
1654260,0,+0223:+0036,Denmark,20_to_50km,0.32762244,16,22,0.15789473684210525,0.15789473684210525,0.0,0
1661019,0,+0223:+0036,Denmark,20_to_50km,0.3307353,19,25,0.36363636363636365,0.36363636363636365,0.0,0
1661233,0,+0219:+0038,Denmark,20_to_50km,0.34208012,12,18,0.2,0.2,0.0,0
1667640,0,+0223:+0036,Denmark,20_to_50km,0.33273673,14,19,0.12121212121212122,0.12121212121212122,0.0,0
1667842,0,+0220:+0038,Denmark,20_to_50km,0.32755452,16,19,0.22857142857142856,0.22857142857142856,0.0,0
1669084,0,+0222:+0037,Denmark,20_to_50km,0.34732857,7,20,0.14814814814814814,0.14814814814814814,0.0,0
1670854,0,+0222:+0037,Denmark,20_to_50km,0.34819773,14,20,0.29411764705882354,0.29411764705882354,0.0,0
1672106,0,+0222:+0037,Denmark,20_to_50km,0.35044807,30,22,0.38461538461538464,0.38461538461538464,0.0,0
1674545,0,+0168:+0061,Italy,20_to_50km,0.22557302,3,19,0.0,0.0,0.0,0
1679977,0,+0222:+0037,Denmark,20_to_50km,0.33125383,16,22,0.2631578947368421,0.2631578947368421,0.0,0
1681357,0,+0223:+0036,Denmark,20_to_50km,0.3304503,11,21,0.4375,0.4375,0.0,0
1685267,0,+0223:+0036,Denmark,20_to_50km,0.32071355,8,22,0.2,0.2,0.0,0
1686656,0,+0222:+0037,Denmark,20_to_50km,0.341424,24,23,0.5531914893617021,0.5531914893617021,0.0,0
1693841,0,+0222:+0037,Denmark,20_to_50km,0.30588308,11,21,0.4375,0.4375,0.0,0
1695363,0,+0222:+0037,Denmark,20_to_50km,0.34498426,19,20,0.3076923076923077,0.3076923076923077,0.0,0
1695434,0,+0222:+0037,Denmark,20_to_50km,0.30824375,23,24,0.46808510638297873,0.46808510638297873,0.0,0
1704333,0,+0168:+0061,Italy,20_to_50km,0.22318055,15,18,0.36363636363636365,0.36363636363636365,0.0,0
1708457,0,+0222:+0037,Denmark,20_to_50km,0.3061872,16,21,0.4864864864864865,0.4864864864864865,0.0,0
1711906,0,+0222:+0037,Denmark,20_to_50km,0.29758334,9,23,0.375,0.375,0.0,0
1712163,0,+0223:+0036,Denmark,20_to_50km,0.34355113,8,21,0.27586206896551724,0.27586206896551724,0.0,0
1713070,0,+0222:+0037,Denmark,20_to_50km,0.34349418,11,22,0.18181818181818182,0.18181818181818182,0.0,0
1713845,0,+0222:+0037,Denmark,20_to_50km,0.35040438,15,19,0.6470588235294118,0.6470588235294118,0.0,0
1714855,0,+0168:+0061,Italy,20_to_50km,0.22596504,6,17,0.43478260869565216,0.43478260869565216,0.0,0
1716916,0,+0222:+0037,Denmark,20_to_50km,0.3181429,19,22,0.24390243902439024,0.24390243902439024,0.0,0
1717555,0,+0219:+0038,Denmark,20_to_50km,0.31096023,9,17,0.5384615384615384,0.5384615384615384,0.0,0
1722080,0,+0220:+0038,Denmark,20_to_50km,0.3290041,15,19,0.11764705882352941,0.11764705882352941,0.0,0
1725530,0,+0223:+0036,Denmark,20_to_50km,0.31349072,8,17,0.4,0.4,0.0,0
1726871,0,+0223:+0036,Denmark,20_to_50km,0.29882234,8,16,0.4166666666666667,0.4166666666666667,0.0,0
1729182,0,+0220:+0038,Denmark,20_to_50km,0.3294023,16,20,0.3333333333333333,0.3333333333333333,0.0,0
1729381,0,+0222:+0037,Denmark,20_to_50km,0.3377718,26,26,0.5384615384615384,0.5384615384615384,0.0,0
1730861,0,+0219:+0038,Denmark,20_to_50km,0.312253,14,17,0.5161290322580645,0.5161290322580645,0.0,0
1738571,0,+0168:+0061,Italy,20_to_50km,0.22610536,7,17,0.16666666666666666,0.16666666666666666,0.0,0
1745588,0,+0222:+0037,Denmark,20_to_50km,0.35591954,19,20,0.5641025641025641,0.5641025641025641,0.0,0
1746053,0,+0223:+0036,Denmark,20_to_50km,0.34152317,17,22,0.5128205128205128,0.5128205128205128,0.0,0
1747519,0,+0222:+0037,Denmark,20_to_50km,0.30337274,21,19,0.45,0.45,0.0,0
1750997,0,+0222:+0037,Denmark,20_to_50km,0.34805843,9,20,0.41379310344827586,0.41379310344827586,0.0,0
1751155,0,+0220:+0037,Denmark,20_to_50km,0.33381706,17,16,0.42424242424242425,0.42424242424242425,0.0,0
1752653,0,+0187:+0002,France,20_to_50km,0.26807722,18,18,0.5,0.5,0.0,0
1753575,0,+0220:+0037,Denmark,20_to_50km,0.32517818,17,18,0.5714285714285714,0.5714285714285714,0.0,0
1758127,0,+0168:+0061,Italy,20_to_50km,0.22335748,13,18,0.25806451612903225,0.25806451612903225,0.0,0
1759999,0,+0185:+0052,Italy,20_to_50km,0.24922702,34,27,0.13114754098360656,0.13114754098360656,0.0,0
1760303,0,+0222:+0037,Denmark,20_to_50km,0.34502554,21,21,0.47619047619047616,0.47619047619047616,0.0,0
1762849,0,+0222:+0037,Denmark,20_to_50km,0.32460043,15,27,0.47619047619047616,0.47619047619047616,0.0,0
1763926,0,+0223:+0036,Denmark,20_to_50km,0.32269686,12,21,0.5454545454545454,0.5454545454545454,0.0,0
1764306,0,+0220:+0037,Denmark,20_to_50km,0.31774506,22,19,0.24390243902439024,0.24390243902439024,0.0,0
1764682,0,+0223:+0036,Denmark,20_to_50km,0.3412225,28,22,0.4,0.4,0.0,0
1766993,0,+0168:+0061,Italy,20_to_50km,0.22305383,25,18,0.23255813953488372,0.23255813953488372,0.0,0
1767134,0,+0168:+0061,Italy,20_to_50km,0.22444676,9,17,0.38461538461538464,0.38461538461538464,0.0,0
1769205,0,+0222:+0037,Denmark,20_to_50km,0.3246902,17,26,0.37209302325581395,0.37209302325581395,0.0,0
1770713,0,+0223:+0036,Denmark,20_to_50km,0.32421184,19,21,0.5,0.5,0.0,0
1774034,0,+0222:+0037,Denmark,20_to_50km,0.31734684,22,22,0.4090909090909091,0.4090909090909091,0.0,0
1775356,0,+0219:+0038,Denmark,20_to_50km,0.3167203,11,16,0.37037037037037035,0.37037037037037035,0.0,0
1777590,0,+0223:+0036,Denmark,20_to_50km,0.30869037,11,18,0.4827586206896552,0.4827586206896552,0.0,0
1778409,0,+0222:+0037,Denmark,20_to_50km,0.29991788,7,16,0.43478260869565216,0.43478260869565216,0.0,0
1779728,0,+0220:+0038,Denmark,20_to_50km,0.3527527,10,17,0.5925925925925926,0.5925925925925926,0.0,0
1782777,0,+0222:+0037,Denmark,20_to_50km,0.3423475,48,26,0.2972972972972973,0.2972972972972973,0.0,0
1783335,0,+0220:+0037,Denmark,20_to_50km,0.3363531,8,18,0.3076923076923077,0.3076923076923077,0.0,0
1786469,0,+0223:+0036,Denmark,20_to_50km,0.32803085,18,21,0.6153846153846154,0.6153846153846154,0.0,0
1786819,0,+0222:+0037,Denmark,20_to_50km,0.3264409,16,23,0.3076923076923077,0.3076923076923077,0.0,0
1790215,0,+0222:+0037,Denmark,20_to_50km,0.34766296,24,22,0.391304347826087,0.391304347826087,0.0,0
1790974,0,+0220:+0038,Denmark,20_to_50km,0.3308022,12,19,0.45161290322580644,0.45161290322580644,0.0,0
1792178,0,+0168:+0061,Italy,20_to_50km,0.2259906,9,17,0.46153846153846156,0.46153846153846156,0.0,0
1794420,0,+0223:+0036,Denmark,20_to_50km,0.31161806,18,15,0.36363636363636365,0.36363636363636365,0.0,0
1795666,0,+0222:+0037,Denmark,20_to_50km,0.30241233,9,21,0.3333333333333333,0.3333333333333333,0.0,0
1801862,0,+0222:+0037,Denmark,20_to_50km,0.3025124,26,20,0.34782608695652173,0.34782608695652173,0.0,0
1811384,0,+0189:+0040,Germany,20_to_50km,0.52387303,35,22,0.21052631578947367,0.21052631578947367,0.0,0
1814129,0,+0222:+0037,Denmark,20_to_50km,0.30575797,17,22,0.46153846153846156,0.46153846153846156,0.0,0
1814594,0,+0223:+0036,Denmark,20_to_50km,0.35398564,5,16,0.38095238095238093,0.38095238095238093,0.0,0
1815586,0,+0168:+0061,Italy,20_to_50km,0.22607103,10,17,0.2962962962962963,0.2962962962962963,0.0,0
1815841,0,+0187:+0003,France,20_to_50km,0.24530463,20,19,0.46153846153846156,0.46153846153846156,0.0,0
1820292,0,+0223:+0036,Denmark,20_to_50km,0.32196862,23,19,0.5714285714285714,0.5714285714285714,0.0,0
1820837,0,+0220:+0037,Denmark,20_to_50km,0.31876004,20,19,0.2564102564102564,0.2564102564102564,0.0,0
1822238,0,+0223:+0036,Denmark,20_to_50km,0.34544528,23,25,0.375,0.375,0.0,0
1823883,0,+0222:+0037,Denmark,20_to_50km,0.3347012,15,22,0.32432432432432434,0.32432432432432434,0.0,0
1824791,0,+0222:+0037,Denmark,20_to_50km,0.3114062,25,23,0.3333333333333333,0.3333333333333333,0.0,0
1825232,0,+0223:+0036,Denmark,20_to_50km,0.3024553,14,21,0.4,0.4,0.0,0
1825303,0,+0220:+0037,Denmark,20_to_50km,0.32521912,25,18,0.32558139534883723,0.32558139534883723,0.0,0
1825564,0,+0222:+0037,Denmark,20_to_50km,0.35153705,14,24,0.21052631578947367,0.21052631578947367,0.0,0
1826474,0,+0222:+0037,Denmark,20_to_50km,0.29668912,26,24,0.2,0.2,0.0,0
1828998,0,+0220:+0038,Denmark,20_to_50km,0.3311544,11,19,0.26666666666666666,0.26666666666666666,0.0,0
1830239,0,+0220:+0038,Denmark,20_to_50km,0.3528497,11,19,0.4,0.4,0.0,0
1830807,0,+0220:+0038,Denmark,20_to_50km,0.3571777,18,24,0.5714285714285714,0.5714285714285714,0.0,0
1831609,0,+0222:+0037,Denmark,20_to_50km,0.33773422,20,23,0.5116279069767442,0.5116279069767442,0.0,0
1831804,0,+0222:+0037,Denmark,20_to_50km,0.32487956,15,19,0.11764705882352941,0.11764705882352941,0.0,0
1832700,0,+0220:+0037,Denmark,20_to_50km,0.32804945,14,17,0.5161290322580645,0.5161290322580645,0.0,0
1836206,0,+0223:+0036,Denmark,20_to_50km,0.30850703,15,21,0.2222222222222222,0.2222222222222222,0.0,0
1840056,0,+0220:+0037,Denmark,20_to_50km,0.32823908,21,17,0.10526315789473684,0.10526315789473684,0.0,0
1843813,0,+0220:+0037,Denmark,20_to_50km,0.33196968,13,20,0.6060606060606061,0.6060606060606061,0.0,0
1844089,0,+0223:+0036,Denmark,20_to_50km,0.32874933,24,20,0.36363636363636365,0.36363636363636365,0.0,0
1845776,0,+0223:+0036,Denmark,20_to_50km,0.35360035,20,20,0.25,0.25,0.0,0
1849700,0,+0220:+0038,Denmark,20_to_50km,0.32235453,13,21,0.29411764705882354,0.29411764705882354,0.0,0
1850753,0,+0223:+0036,Denmark,20_to_50km,0.31710494,7,21,0.21428571428571427,0.21428571428571427,0.0,0
1855765,0,+0222:+0037,Denmark,20_to_50km,0.3005264,9,27,0.3888888888888889,0.3888888888888889,0.0,0
1857187,0,+0222:+0037,Denmark,20_to_50km,0.3035181,24,21,0.4444444444444444,0.4444444444444444,0.0,0
1857705,0,+0223:+0036,Denmark,20_to_50km,0.35444823,30,18,0.5416666666666666,0.5416666666666666,0.0,0
1859136,0,+0220:+0038,Denmark,20_to_50km,0.351044,14,18,0.5,0.5,0.0,0
1859170,0,+0222:+0037,Denmark,20_to_50km,0.35482156,20,20,0.45,0.45,0.0,0
1860707,0,+0223:+0036,Denmark,20_to_50km,0.33509934,20,17,0.4864864864864865,0.4864864864864865,0.0,0
1862556,0,+0220:+0038,Denmark,20_to_50km,0.31945372,12,13,0.0,0.0,0.0,0
1862625,0,+0222:+0037,Denmark,20_to_50km,0.34436545,15,22,0.32432432432432434,0.32432432432432434,0.0,0
1864387,0,+0220:+0037,Denmark,20_to_50km,0.32730323,10,15,0.4,0.4,0.0,0
1866792,0,+0222:+0037,Denmark,20_to_50km,0.3027526,34,25,0.4745762711864407,0.4745762711864407,0.0,0
1872413,0,+0223:+0036,Denmark,20_to_50km,0.3113545,20,22,0.38095238095238093,0.38095238095238093,0.0,0
1872494,0,+0222:+0037,Denmark,20_to_50km,0.34866527,7,20,0.2962962962962963,0.2962962962962963,0.0,0
1874234,0,+0223:+0036,Denmark,20_to_50km,0.3024863,21,17,0.42105263157894735,0.42105263157894735,0.0,0
1874237,0,+0223:+0036,Denmark,20_to_50km,0.32402748,9,21,0.2,0.2,0.0,0
1877572,0,+0220:+0037,Denmark,20_to_50km,0.32566223,25,19,0.4090909090909091,0.4090909090909091,0.0,0
1877617,0,+0222:+0037,Denmark,20_to_50km,0.32441184,11,27,0.2631578947368421,0.2631578947368421,0.0,0
1878776,0,+0222:+0037,Denmark,20_to_50km,0.30223238,35,29,0.40625,0.40625,0.0,0
1879174,0,+0220:+0038,Denmark,20_to_50km,0.35089335,14,20,0.47058823529411764,0.47058823529411764,0.0,0
1879390,0,+0219:+0038,Denmark,20_to_50km,0.34620628,13,19,0.25,0.25,0.0,0
1879957,0,+0223:+0036,Denmark,20_to_50km,0.308772,8,17,0.64,0.64,0.0,0
1884184,0,+0223:+0036,Denmark,20_to_50km,0.32423156,12,16,0.6428571428571429,0.6428571428571429,0.0,0
1884653,0,+0222:+0037,Denmark,20_to_50km,0.32686937,15,23,0.10526315789473684,0.10526315789473684,0.0,0
1885533,0,+0220:+0038,Denmark,20_to_50km,0.34771007,12,20,0.5,0.5,0.0,0
1891804,0,+0220:+0037,Denmark,20_to_50km,0.33256963,18,17,0.6285714285714286,0.6285714285714286,0.0,0
1892877,0,+0222:+0037,Denmark,20_to_50km,0.29918486,30,17,0.3829787234042553,0.3829787234042553,0.0,0
1897306,0,+0179:+0027,France,20_to_50km,0.27145034,10,20,0.26666666666666666,0.26666666666666666,0.0,0
1897566,0,+0168:+0061,Italy,20_to_50km,0.22671,10,15,0.08,0.08,0.0,0
1898566,0,+0219:+0038,Denmark,20_to_50km,0.31296667,12,19,0.3870967741935484,0.3870967741935484,0.0,0
1900354,0,+0222:+0037,Denmark,20_to_50km,0.35107216,10,21,0.3225806451612903,0.3225806451612903,0.0,0
1901970,0,+0220:+0037,Denmark,20_to_50km,0.3220004,15,18,0.42424242424242425,0.42424242424242425,0.0,0
1903347,0,+0222:+0037,Denmark,20_to_50km,0.35532144,20,21,0.3902439024390244,0.3902439024390244,0.0,0
1903736,0,+0223:+0036,Denmark,20_to_50km,0.33098626,9,16,0.24,0.24,0.0,0
1904269,0,+0219:+0038,Denmark,20_to_50km,0.34323284,17,20,0.2702702702702703,0.2702702702702703,0.0,0
1910359,0,+0222:+0037,Denmark,20_to_50km,0.33114976,35,23,0.3448275862068966,0.3448275862068966,0.0,0
1914300,0,+0220:+0037,Denmark,20_to_50km,0.33267942,14,21,0.2857142857142857,0.2857142857142857,0.0,0
1916924,0,+0223:+0036,Denmark,20_to_50km,0.3394321,16,22,0.21052631578947367,0.21052631578947367,0.0,0
1920843,0,+0223:+0036,Denmark,20_to_50km,0.320678,12,21,0.36363636363636365,0.36363636363636365,0.0,0
1923990,0,+0220:+0037,Denmark,20_to_50km,0.32963973,11,21,0.25,0.25,0.0,0
1926184,0,+0219:+0041,Denmark,20_to_50km,0.32910705,8,27,0.22857142857142856,0.22857142857142856,0.0,0
1926311,0,+0219:+0041,Denmark,20_to_50km,0.32959843,15,19,0.35294117647058826,0.35294117647058826,0.0,0
1932539,0,+0223:+0036,Denmark,20_to_50km,0.32180244,24,22,0.21739130434782608,0.21739130434782608,0.0,0
1934573,0,+0222:+0037,Denmark,20_to_50km,0.3560924,7,19,0.3076923076923077,0.3076923076923077,0.0,0
1935522,0,+0223:+0036,Denmark,20_to_50km,0.33057082,12,24,0.1111111111111111,0.1111111111111111,0.0,0
1938121,0,+0172:+0003,France,20_to_50km,0.24470341,30,22,0.5,0.5,0.0,0
1942762,0,+0223:+0036,Denmark,20_to_50km,0.33704716,18,23,0.5853658536585366,0.5853658536585366,0.0,0
1944148,0,+0223:+0036,Denmark,20_to_50km,0.33622748,12,24,0.3888888888888889,0.3888888888888889,0.0,0
1949978,0,+0220:+0037,Denmark,20_to_50km,0.2988291,9,20,0.27586206896551724,0.27586206896551724,0.0,0
1950076,0,+0220:+0037,Denmark,20_to_50km,0.32822588,18,19,0.32432432432432434,0.32432432432432434,0.0,0
1951923,0,+0222:+0037,Denmark,20_to_50km,0.34823057,8,19,0.2962962962962963,0.2962962962962963,0.0,0
1956231,0,+0222:+0037,Denmark,20_to_50km,0.35106197,18,24,0.38095238095238093,0.38095238095238093,0.0,0
1957612,0,+0223:+0036,Denmark,20_to_50km,0.34072655,22,21,0.5116279069767442,0.5116279069767442,0.0,0
1960157,0,+0185:+0053,Italy,20_to_50km,0.2467069,12,26,0.10526315789473684,0.10526315789473684,0.0,0
1960588,0,+0222:+0037,Denmark,20_to_50km,0.30211753,31,20,0.5490196078431373,0.5490196078431373,0.0,0
1961730,0,+0222:+0037,Denmark,20_to_50km,0.30245966,14,20,0.5882352941176471,0.5882352941176471,0.0,0
1967747,0,+0220:+0038,Denmark,20_to_50km,0.32274795,8,19,0.2222222222222222,0.2222222222222222,0.0,0
1967903,0,+0223:+0036,Denmark,20_to_50km,0.3167879,21,22,0.46511627906976744,0.46511627906976744,0.0,0
1967906,0,+0222:+0037,Denmark,20_to_50km,0.350793,30,23,0.5660377358490566,0.5660377358490566,0.0,0
1969470,0,+0223:+0036,Denmark,20_to_50km,0.32412952,16,19,0.2857142857142857,0.2857142857142857,0.0,0
1972834,0,+0168:+0061,Italy,20_to_50km,0.2238042,11,17,0.5,0.5,0.0,0
1975737,0,+0222:+0037,Denmark,20_to_50km,0.30718765,25,16,0.2926829268292683,0.2926829268292683,0.0,0
1978092,0,+0223:+0036,Denmark,20_to_50km,0.32696018,12,21,0.24242424242424243,0.24242424242424243,0.0,0
1979040,0,+0222:+0037,Denmark,20_to_50km,0.31217274,21,16,0.2702702702702703,0.2702702702702703,0.0,0
1979118,0,+0220:+0037,Denmark,20_to_50km,0.32591745,21,19,0.45,0.45,0.0,0
1982349,0,+0219:+0038,Denmark,20_to_50km,0.339967,9,21,0.06666666666666667,0.06666666666666667,0.0,0
1983035,0,+0222:+0037,Denmark,20_to_50km,0.31797272,27,22,0.20408163265306123,0.20408163265306123,0.0,0
1983062,0,+0222:+0037,Denmark,20_to_50km,0.33408785,14,21,0.17142857142857143,0.17142857142857143,0.0,0
1987035,0,+0222:+0037,Denmark,20_to_50km,0.3432328,18,22,0.45,0.45,0.0,0
1991741,0,+0219:+0038,Denmark,20_to_50km,0.31224757,15,16,0.3870967741935484,0.3870967741935484,0.0,0
2000326,0,+0220:+0037,Denmark,20_to_50km,0.3266093,8,19,0.2962962962962963,0.2962962962962963,0.0,0
2002927,0,+0219:+0038,Denmark,20_to_50km,0.31103668,11,18,0.4827586206896552,0.4827586206896552,0.0,0
2006492,0,+0222:+0037,Denmark,20_to_50km,0.3164554,10,19,0.41379310344827586,0.41379310344827586,0.0,0
2006824,0,+0220:+0038,Denmark,20_to_50km,0.3568725,25,19,0.6363636363636364,0.6363636363636364,0.0,0
2008441,0,+0187:+0055,Austria,20_to_50km,0.26116413,15,32,0.2553191489361702,0.2553191489361702,0.0,0
2012368,0,+0219:+0038,Denmark,20_to_50km,0.34306288,13,15,0.14285714285714285,0.14285714285714285,0.0,0
2012468,0,+0220:+0037,Denmark,20_to_50km,0.31527454,21,23,0.3181818181818182,0.3181818181818182,0.0,0
2023672,0,+0220:+0038,Denmark,20_to_50km,0.33153728,11,19,0.6,0.6,0.0,0
2024186,0,+0220:+0038,Denmark,20_to_50km,0.358068,14,16,0.3333333333333333,0.3333333333333333,0.0,0
2026266,0,+0168:+0061,Italy,20_to_50km,0.22650644,7,15,0.09090909090909091,0.09090909090909091,0.0,0
2026277,0,+0168:+0061,Italy,20_to_50km,0.22418135,11,16,0.5185185185185185,0.5185185185185185,0.0,0
2028436,0,+0223:+0036,Denmark,20_to_50km,0.30652365,8,23,0.06451612903225806,0.06451612903225806,0.0,0
2031412,0,+0168:+0061,Italy,20_to_50km,0.22418293,8,19,0.4444444444444444,0.4444444444444444,0.0,0
2033827,0,+0222:+0037,Denmark,20_to_50km,0.346271,9,20,0.4827586206896552,0.4827586206896552,0.0,0
2034620,0,+0222:+0037,Denmark,20_to_50km,0.32657465,17,20,0.32432432432432434,0.32432432432432434,0.0,0
2036444,0,+0223:+0036,Denmark,20_to_50km,0.32398117,12,22,0.47058823529411764,0.47058823529411764,0.0,0
2036982,0,+0223:+0036,Denmark,20_to_50km,0.32505682,9,21,0.3333333333333333,0.3333333333333333,0.0,0
2038271,0,+0222:+0037,Denmark,20_to_50km,0.32699558,20,22,0.23809523809523808,0.23809523809523808,0.0,0
2039104,0,+0223:+0036,Denmark,20_to_50km,0.32216933,11,21,0.25,0.25,0.0,0
2040874,0,+0223:+0036,Denmark,20_to_50km,0.34090555,16,22,0.2631578947368421,0.2631578947368421,0.0,0
2041896,0,+0222:+0037,Denmark,20_to_50km,0.3507512,37,22,0.4406779661016949,0.4406779661016949,0.0,0
2047002,0,+0223:+0036,Denmark,20_to_50km,0.3478541,27,17,0.36363636363636365,0.36363636363636365,0.0,0
2047963,0,+0220:+0037,Denmark,20_to_50km,0.3345622,22,19,0.2926829268292683,0.2926829268292683,0.0,0
2048767,0,+0168:+0061,Italy,20_to_50km,0.22638689,10,18,0.35714285714285715,0.35714285714285715,0.0,0
2049153,0,+0223:+0036,Denmark,20_to_50km,0.3258398,19,20,0.46153846153846156,0.46153846153846156,0.0,0
2049538,0,+0222:+0037,Denmark,20_to_50km,0.351073,11,21,0.3125,0.3125,0.0,0
2050676,0,+0219:+0038,Denmark,20_to_50km,0.34254068,15,16,0.3225806451612903,0.3225806451612903,0.0,0
2051348,0,+0220:+0037,Denmark,20_to_50km,0.30643484,20,20,0.35,0.35,0.0,0
2056080,0,+0193:+0011,France,20_to_50km,0.29996094,19,20,0.46153846153846156,0.46153846153846156,0.0,0
2058104,0,+0219:+0038,Denmark,20_to_50km,0.31897652,15,20,0.11428571428571428,0.11428571428571428,0.0,0
2059659,0,+0222:+0037,Denmark,20_to_50km,0.30408657,23,19,0.5238095238095238,0.5238095238095238,0.0,0
2062962,0,+0168:+0061,Italy,20_to_50km,0.22557831,31,20,0.35294117647058826,0.35294117647058826,0.0,0
2064578,0,+0220:+0038,Denmark,20_to_50km,0.35233435,8,19,0.37037037037037035,0.37037037037037035,0.0,0
2064990,0,+0223:+0036,Denmark,20_to_50km,0.31826714,25,20,0.5777777777777777,0.5777777777777777,0.0,0
2066204,0,+0223:+0036,Denmark,20_to_50km,0.32150954,11,21,0.4375,0.4375,0.0,0
2073076,0,+0223:+0036,Denmark,20_to_50km,0.30693507,9,21,0.2,0.2,0.0,0
2074496,0,+0222:+0037,Denmark,20_to_50km,0.29768106,8,20,0.42857142857142855,0.42857142857142855,0.0,0
2076567,0,+0223:+0036,Denmark,20_to_50km,0.32117844,14,17,0.25806451612903225,0.25806451612903225,0.0,0
2077788,0,+0219:+0038,Denmark,20_to_50km,0.31680825,21,19,0.4,0.4,0.0,0
2078735,0,+0223:+0036,Denmark,20_to_50km,0.3250637,10,20,0.4,0.4,0.0,0
2079766,0,+0223:+0036,Denmark,20_to_50km,0.32456204,6,22,0.14285714285714285,0.14285714285714285,0.0,0
2083795,0,+0220:+0038,Denmark,20_to_50km,0.3570181,8,17,0.32,0.32,0.0,0
2085948,0,+0219:+0038,Denmark,20_to_50km,0.31037706,18,22,0.5,0.5,0.0,0
2087432,0,+0220:+0038,Denmark,20_to_50km,0.35303068,13,19,0.4375,0.4375,0.0,0
2095129,0,+0223:+0036,Denmark,20_to_50km,0.33319306,27,24,0.5490196078431373,0.5490196078431373,0.0,0
2096500,0,+0219:+0038,Denmark,20_to_50km,0.34357858,15,22,0.21621621621621623,0.21621621621621623,0.0,0
2099800,0,+0219:+0038,Denmark,20_to_50km,0.31256038,15,17,0.25,0.25,0.0,0
2100403,0,+0223:+0036,Denmark,20_to_50km,0.3106791,24,26,0.24,0.24,0.0,0
2101479,0,+0223:+0036,Denmark,20_to_50km,0.3277843,8,22,0.4666666666666667,0.4666666666666667,0.0,0
2103649,0,+0220:+0038,Denmark,20_to_50km,0.3250109,16,17,0.42424242424242425,0.42424242424242425,0.0,0
2104336,0,+0222:+0037,Denmark,20_to_50km,0.32706922,10,22,0.25,0.25,0.0,0
2106202,0,+0219:+0041,Denmark,20_to_50km,0.33514488,8,16,0.25,0.25,0.0,0
2113714,0,+0223:+0036,Denmark,20_to_50km,0.2967592,10,20,0.4,0.4,0.0,0
2115139,0,+0220:+0037,Denmark,20_to_50km,0.28346813,12,22,0.35294117647058826,0.35294117647058826,0.0,0
2116999,0,+0191:-0018,France,20_to_50km,0.2602187,21,22,0.5116279069767442,0.5116279069767442,0.0,0
2117333,0,+0205:+0040,Germany,20_to_50km,0.45844212,8,35,0.09302325581395349,0.09302325581395349,0.0,0
2120562,0,+0220:+0038,Denmark,20_to_50km,0.32128704,12,21,0.30303030303030304,0.30303030303030304,0.0,0
2120917,0,+0223:+0036,Denmark,20_to_50km,0.31090897,17,24,0.24390243902439024,0.24390243902439024,0.0,0
2122579,0,+0223:+0036,Denmark,20_to_50km,0.3300745,11,21,0.25,0.25,0.0,0
2123150,0,+0220:+0037,Denmark,20_to_50km,0.3364891,5,18,0.34782608695652173,0.34782608695652173,0.0,0
2124104,0,+0177:+0025,France,20_to_50km,0.28383926,15,22,0.6486486486486487,0.6486486486486487,0.0,0
2124115,0,+0223:+0036,Denmark,20_to_50km,0.32949284,26,22,0.5,0.5,0.0,0
2124228,0,+0223:+0036,Denmark,20_to_50km,0.31795052,21,25,0.391304347826087,0.391304347826087,0.0,0
2124578,0,+0223:+0036,Denmark,20_to_50km,0.3275636,26,19,0.35555555555555557,0.35555555555555557,0.0,0
2125637,0,+0222:+0037,Denmark,20_to_50km,0.29804012,11,17,0.42857142857142855,0.42857142857142855,0.0,0
2127999,0,+0222:+0037,Denmark,20_to_50km,0.34318578,19,22,0.4878048780487805,0.4878048780487805,0.0,0
2128052,0,+0220:+0037,Denmark,20_to_50km,0.31868201,17,14,0.1935483870967742,0.1935483870967742,0.0,0
2129791,0,+0220:+0037,Denmark,20_to_50km,0.28650203,9,19,0.5,0.5,0.0,0
2130292,0,+0219:+0038,Denmark,20_to_50km,0.3470583,11,21,0.1875,0.1875,0.0,0
2130515,0,+0168:+0061,Italy,20_to_50km,0.22453623,23,19,0.23809523809523808,0.23809523809523808,0.0,0
2131670,0,+0223:+0036,Denmark,20_to_50km,0.31648296,12,27,0.3076923076923077,0.3076923076923077,0.0,0
2133597,0,+0220:+0038,Denmark,20_to_50km,0.3281673,17,20,0.4864864864864865,0.4864864864864865,0.0,0
2135898,0,+0222:+0037,Denmark,20_to_50km,0.3271709,16,23,0.358974358974359,0.358974358974359,0.0,0
2137301,0,+0220:+0037,Denmark,20_to_50km,0.32775053,18,18,0.5,0.5,0.0,0
2137987,0,+0223:+0036,Denmark,20_to_50km,0.3167966,4,17,0.2857142857142857,0.2857142857142857,0.0,0
2140647,0,+0222:+0037,Denmark,20_to_50km,0.33815786,4,24,0.07142857142857142,0.07142857142857142,0.0,0
2142099,0,+0222:+0037,Denmark,20_to_50km,0.30979785,29,21,0.48,0.48,0.0,0
2142712,0,+0223:+0036,Denmark,20_to_50km,0.32454747,19,21,0.5,0.5,0.0,0
2142999,0,+0223:+0036,Denmark,20_to_50km,0.31271505,16,20,0.2777777777777778,0.2777777777777778,0.0,0
2145059,0,+0223:+0036,Denmark,20_to_50km,0.31476438,18,20,0.15789473684210525,0.15789473684210525,0.0,0
2145149,0,+0223:+0036,Denmark,20_to_50km,0.3311098,18,20,0.2631578947368421,0.2631578947368421,0.0,0
2147370,0,+0222:+0037,Denmark,20_to_50km,0.33986378,21,24,0.4444444444444444,0.4444444444444444,0.0,0
2148066,0,+0220:+0037,Denmark,20_to_50km,0.32471588,12,19,0.3870967741935484,0.3870967741935484,0.0,0
2148448,0,+0222:+0037,Denmark,20_to_50km,0.33281127,6,23,0.20689655172413793,0.20689655172413793,0.0,0
2150909,0,+0223:+0036,Denmark,20_to_50km,0.320185,27,22,0.4897959183673469,0.4897959183673469,0.0,0
2151041,0,+0223:+0036,Denmark,20_to_50km,0.32264164,17,21,0.42105263157894735,0.42105263157894735,0.0,0
2153279,0,+0223:+0036,Denmark,20_to_50km,0.3357874,20,23,0.18604651162790697,0.18604651162790697,0.0,0
2155010,0,+0222:+0037,Denmark,20_to_50km,0.3028159,13,22,0.4,0.4,0.0,0
2158080,0,+0220:+0038,Denmark,20_to_50km,0.35238844,17,20,0.5945945945945946,0.5945945945945946,0.0,0
2158138,0,+0173:+0075,Bosnia and Herzegovina,20_to_50km,0.36386126,38,23,0.36065573770491804,0.36065573770491804,0.0,0
2161471,0,+0220:+0038,Denmark,20_to_50km,0.35697648,15,19,0.47058823529411764,0.47058823529411764,0.0,0
2161686,0,+0177:+0025,France,20_to_50km,0.28689393,14,21,0.4,0.4,0.0,0
2161973,0,+0178:+0025,France,20_to_50km,0.28167054,19,26,0.2222222222222222,0.2222222222222222,0.0,0
2162807,0,+0220:+0037,Denmark,20_to_50km,0.31076825,10,21,0.12903225806451613,0.12903225806451613,0.0,0
2168808,0,+0220:+0037,Denmark,20_to_50km,0.33260417,16,19,0.45714285714285713,0.45714285714285713,0.0,0
2171668,0,+0222:+0037,Denmark,20_to_50km,0.29902962,13,25,0.21052631578947367,0.21052631578947367,0.0,0
2171995,0,+0219:+0041,Denmark,20_to_50km,0.33404568,4,19,0.17391304347826086,0.17391304347826086,0.0,0
2173552,0,+0222:+0037,Denmark,20_to_50km,0.2958344,31,19,0.32,0.32,0.0,0
2174695,0,+0223:+0036,Denmark,20_to_50km,0.32437152,18,23,0.43902439024390244,0.43902439024390244,0.0,0
2175314,0,+0223:+0036,Denmark,20_to_50km,0.32330155,6,19,0.32,0.32,0.0,0
2181362,0,+0222:+0037,Denmark,20_to_50km,0.3291474,25,23,0.4166666666666667,0.4166666666666667,0.0,0
2182322,0,+0223:+0036,Denmark,20_to_50km,0.32641122,23,21,0.5454545454545454,0.5454545454545454,0.0,0
2183481,0,+0220:+0038,Denmark,20_to_50km,0.3376441,14,17,0.6451612903225806,0.6451612903225806,0.0,0
2184934,0,+0223:+0036,Denmark,20_to_50km,0.33357182,10,22,0.375,0.375,0.0,0
2188128,0,+0222:+0037,Denmark,20_to_50km,0.30257076,12,20,0.3125,0.3125,0.0,0
2188704,0,+0222:+0037,Denmark,20_to_50km,0.30281207,22,19,0.34146341463414637,0.34146341463414637,0.0,0
2194091,0,+0220:+0037,Denmark,20_to_50km,0.31895912,9,21,0.13333333333333333,0.13333333333333333,0.0,0
2198684,0,+0222:+0037,Denmark,20_to_50km,0.3166919,12,18,0.26666666666666666,0.26666666666666666,0.0,0
2199260,0,+0220:+0038,Denmark,20_to_50km,0.33099967,28,20,0.4583333333333333,0.4583333333333333,0.0,0
2205522,0,+0223:+0036,Denmark,20_to_50km,0.30340654,12,19,0.45161290322580644,0.45161290322580644,0.0,0
2207114,0,+0219:+0038,Denmark,20_to_50km,0.34141177,24,19,0.32558139534883723,0.32558139534883723,0.0,0
2208591,0,+0220:+0037,Denmark,20_to_50km,0.32591772,12,18,0.26666666666666666,0.26666666666666666,0.0,0
2212936,0,+0223:+0036,Denmark,20_to_50km,0.3249027,12,20,0.375,0.375,0.0,0
2214422,0,+0223:+0036,Denmark,20_to_50km,0.3175634,8,20,0.2857142857142857,0.2857142857142857,0.0,0
2216897,0,+0222:+0037,Denmark,20_to_50km,0.32788268,21,21,0.3333333333333333,0.3333333333333333,0.0,0
2217107,0,+0219:+0038,Denmark,20_to_50km,0.33150965,17,17,0.47058823529411764,0.47058823529411764,0.0,0
2218456,0,+0222:+0037,Denmark,20_to_50km,0.3271997,22,22,0.3181818181818182,0.3181818181818182,0.0,0
2219630,0,+0223:+0036,Denmark,20_to_50km,0.30930498,11,16,0.37037037037037035,0.37037037037037035,0.0,0
2219775,0,+0219:+0038,Denmark,20_to_50km,0.34911793,14,20,0.11764705882352941,0.11764705882352941,0.0,0
2225986,0,+0219:+0038,Denmark,20_to_50km,0.34288764,13,20,0.42424242424242425,0.42424242424242425,0.0,0
2231511,0,+0222:+0037,Denmark,20_to_50km,0.3165235,10,23,0.24242424242424243,0.24242424242424243,0.0,0
2235285,0,+0220:+0038,Denmark,20_to_50km,0.3293171,20,18,0.3157894736842105,0.3157894736842105,0.0,0
2237269,0,+0219:+0038,Denmark,20_to_50km,0.3419378,19,17,0.3888888888888889,0.3888888888888889,0.0,0
2238376,0,+0219:+0038,Denmark,20_to_50km,0.34676734,16,20,0.2777777777777778,0.2777777777777778,0.0,0
2239332,0,+0222:+0037,Denmark,20_to_50km,0.34935918,34,21,0.5454545454545454,0.5454545454545454,0.0,0
2241158,0,+0223:+0036,Denmark,20_to_50km,0.31269833,24,18,0.23809523809523808,0.23809523809523808,0.0,0
2243613,0,+0222:+0037,Denmark,20_to_50km,0.30053252,19,17,0.5,0.5,0.0,0
2244668,0,+0172:+0003,France,20_to_50km,0.2653496,27,22,0.5306122448979592,0.5306122448979592,0.0,0
2244803,0,+0223:+0036,Denmark,20_to_50km,0.33154407,17,21,0.5263157894736842,0.5263157894736842,0.0,0
2246027,0,+0223:+0036,Denmark,20_to_50km,0.33202752,16,20,0.3888888888888889,0.3888888888888889,0.0,0
2247343,0,+0168:+0061,Italy,20_to_50km,0.2237857,10,17,0.14814814814814814,0.14814814814814814,0.0,0
2247651,0,+0223:+0036,Denmark,20_to_50km,0.32385045,7,21,0.35714285714285715,0.35714285714285715,0.0,0
2252361,0,+0223:+0036,Denmark,20_to_50km,0.31151608,22,22,0.5,0.5,0.0,0
2255661,0,+0177:-0004,France,20_to_50km,0.21525744,6,13,0.5263157894736842,0.5263157894736842,0.0,0
2266188,0,+0222:+0037,Denmark,20_to_50km,0.33889142,14,25,0.41025641025641024,0.41025641025641024,0.0,0
2266725,0,+0222:+0037,Denmark,20_to_50km,0.31150585,17,22,0.5128205128205128,0.5128205128205128,0.0,0
2269749,0,+0222:+0037,Denmark,20_to_50km,0.3203738,9,22,0.25806451612903225,0.25806451612903225,0.0,0
2271204,0,+0219:+0038,Denmark,20_to_50km,0.31632593,13,16,0.27586206896551724,0.27586206896551724,0.0,0
2279123,0,+0222:+0037,Denmark,20_to_50km,0.3189123,28,22,0.28,0.28,0.0,0
2280307,0,+0220:+0038,Denmark,20_to_50km,0.32850978,20,17,0.4864864864864865,0.4864864864864865,0.0,0
2281813,0,+0223:+0036,Denmark,20_to_50km,0.3220147,7,22,0.41379310344827586,0.41379310344827586,0.0,0
2283560,0,+0220:+0037,Denmark,20_to_50km,0.3258259,18,19,0.5945945945945946,0.5945945945945946,0.0,0
2284677,0,+0220:+0037,Denmark,20_to_50km,0.3305018,21,16,0.32432432432432434,0.32432432432432434,0.0,0
2300641,0,+0220:+0037,Denmark,20_to_50km,0.32862458,24,22,0.391304347826087,0.391304347826087,0.0,0
2301455,0,+0223:+0036,Denmark,20_to_50km,0.3282205,22,22,0.4090909090909091,0.4090909090909091,0.0,0
2302059,0,+0222:+0037,Denmark,20_to_50km,0.3475511,12,22,0.29411764705882354,0.29411764705882354,0.0,0
2302062,0,+0223:+0036,Denmark,20_to_50km,0.34551612,17,21,0.3684210526315789,0.3684210526315789,0.0,0
2302503,0,+0222:+0037,Denmark,20_to_50km,0.3293662,23,26,0.4489795918367347,0.4489795918367347,0.0,0
2303275,0,+0220:+0037,Denmark,20_to_50km,0.31740344,12,20,0.375,0.375,0.0,0
2305171,0,+0223:+0036,Denmark,20_to_50km,0.30885914,11,16,0.2962962962962963,0.2962962962962963,0.0,0
2310997,0,+0222:+0037,Denmark,20_to_50km,0.2953975,12,24,0.4444444444444444,0.4444444444444444,0.0,0
2313328,0,+0223:+0036,Denmark,20_to_50km,0.3268438,16,22,0.3157894736842105,0.3157894736842105,0.0,0
2313601,0,+0220:+0038,Denmark,20_to_50km,0.33716857,17,16,0.6060606060606061,0.6060606060606061,0.0,0
2313682,0,+0219:+0038,Denmark,20_to_50km,0.345196,10,18,0.2857142857142857,0.2857142857142857,0.0,0
2313780,0,+0184:+0027,France,20_to_50km,0.2502486,39,27,0.30303030303030304,0.30303030303030304,0.0,0
2315200,0,+0222:+0037,Denmark,20_to_50km,0.35190734,25,21,0.4782608695652174,0.4782608695652174,0.0,0
2320608,0,+0220:+0037,Denmark,20_to_50km,0.32709318,22,21,0.4186046511627907,0.4186046511627907,0.0,0
2325301,0,+0223:+0036,Denmark,20_to_50km,0.32070267,16,21,0.2702702702702703,0.2702702702702703,0.0,0
2326190,0,+0220:+0038,Denmark,20_to_50km,0.35499743,19,21,0.4,0.4,0.0,0
2330221,0,+0220:+0038,Denmark,20_to_50km,0.33686563,5,14,0.21052631578947367,0.21052631578947367,0.0,0
2331577,0,+0223:+0036,Denmark,20_to_50km,0.32833523,10,21,0.3870967741935484,0.3870967741935484,0.0,0
2333384,0,+0219:+0038,Denmark,20_to_50km,0.34426248,39,15,0.14814814814814814,0.14814814814814814,0.0,0
2334055,0,+0168:+0061,Italy,20_to_50km,0.22497533,7,19,0.5384615384615384,0.5384615384615384,0.0,0
2336520,0,+0172:+0003,France,20_to_50km,0.27192983,21,22,0.4186046511627907,0.4186046511627907,0.0,0
2337163,0,+0205:+0040,Germany,20_to_50km,0.45956925,25,35,0.3,0.3,0.0,0
2341839,0,+0223:+0036,Denmark,20_to_50km,0.325032,6,23,0.20689655172413793,0.20689655172413793,0.0,0
2341903,0,+0220:+0038,Denmark,20_to_50km,0.35250506,16,18,0.5882352941176471,0.5882352941176471,0.0,0
2341981,0,+0220:+0037,Denmark,20_to_50km,0.34215564,19,17,0.2777777777777778,0.2777777777777778,0.0,0
2342694,0,+0223:+0036,Denmark,20_to_50km,0.30883068,5,16,0.19047619047619047,0.19047619047619047,0.0,0
2345454,0,+0222:+0037,Denmark,20_to_50km,0.30352843,23,26,0.5306122448979592,0.5306122448979592,0.0,0
2348365,0,+0220:+0038,Denmark,20_to_50km,0.35637796,13,17,0.5333333333333333,0.5333333333333333,0.0,0
2348551,0,+0223:+0036,Denmark,20_to_50km,0.3337339,14,21,0.4,0.4,0.0,0
2353060,0,+0223:+0036,Denmark,20_to_50km,0.31957263,13,19,0.125,0.125,0.0,0
2353408,0,+0223:+0036,Denmark,20_to_50km,0.35537595,22,25,0.5106382978723404,0.5106382978723404,0.0,0
2357196,0,+0219:+0038,Denmark,20_to_50km,0.3122141,18,22,0.35,0.35,0.0,0
2359146,0,+0223:+0036,Denmark,20_to_50km,0.3218477,21,21,0.5714285714285714,0.5714285714285714,0.0,0
2363860,0,+0168:+0061,Italy,20_to_50km,0.22442104,8,17,0.4,0.4,0.0,0
2364237,0,+0222:+0037,Denmark,20_to_50km,0.35080326,32,21,0.33962264150943394,0.33962264150943394,0.0,0
2366510,0,+0168:+0061,Italy,20_to_50km,0.22570406,9,16,0.48,0.48,0.0,0
2367055,0,+0223:+0036,Denmark,20_to_50km,0.30623007,20,21,0.3902439024390244,0.3902439024390244,0.0,0
2368233,0,+0222:+0037,Denmark,20_to_50km,0.3316086,22,22,0.4090909090909091,0.4090909090909091,0.0,0
2368236,0,+0222:+0037,Denmark,20_to_50km,0.3486731,22,22,0.3181818181818182,0.3181818181818182,0.0,0
2370415,0,+0223:+0036,Denmark,20_to_50km,0.31275296,17,25,0.2857142857142857,0.2857142857142857,0.0,0
2371946,0,+0223:+0036,Denmark,20_to_50km,0.3273134,21,24,0.35555555555555557,0.35555555555555557,0.0,0
2379129,0,+0223:+0036,Denmark,20_to_50km,0.35558617,16,25,0.43902439024390244,0.43902439024390244,0.0,0
2380483,0,+0220:+0037,Denmark,20_to_50km,0.3356361,10,18,0.21428571428571427,0.21428571428571427,0.0,0
2383296,0,+0219:+0038,Denmark,20_to_50km,0.34636545,10,15,0.4,0.4,0.0,0
2387751,0,+0222:+0037,Denmark,20_to_50km,0.2971692,19,20,0.3076923076923077,0.3076923076923077,0.0,0
2387808,0,+0220:+0037,Denmark,20_to_50km,0.32377312,22,19,0.1951219512195122,0.1951219512195122,0.0,0
2391675,0,+0219:+0038,Denmark,20_to_50km,0.34758455,24,16,0.35,0.35,0.0,0
2392693,0,+0220:+0037,Denmark,20_to_50km,0.2985452,14,20,0.4117647058823529,0.4117647058823529,0.0,0
2393832,0,+0223:+0036,Denmark,20_to_50km,0.31502208,6,20,0.38461538461538464,0.38461538461538464,0.0,0
2395995,0,+0223:+0036,Denmark,20_to_50km,0.3166822,16,21,0.3783783783783784,0.3783783783783784,0.0,0
2396508,0,+0223:+0036,Denmark,20_to_50km,0.3185562,7,19,0.38461538461538464,0.38461538461538464,0.0,0
2397457,0,+0222:+0037,Denmark,20_to_50km,0.33944046,31,21,0.38461538461538464,0.38461538461538464,0.0,0
2400695,0,+0223:+0036,Denmark,20_to_50km,0.32186767,6,17,0.34782608695652173,0.34782608695652173,0.0,0
2408271,0,+0223:+0036,Denmark,20_to_50km,0.31070396,20,22,0.42857142857142855,0.42857142857142855,0.0,0
2411449,0,+0222:+0037,Denmark,20_to_50km,0.29760525,12,23,0.2857142857142857,0.2857142857142857,0.0,0
2413730,0,+0223:+0036,Denmark,20_to_50km,0.31118596,16,23,0.41025641025641024,0.41025641025641024,0.0,0
2415736,0,+0222:+0037,Denmark,20_to_50km,0.3066917,14,25,0.3076923076923077,0.3076923076923077,0.0,0
2424345,0,+0222:+0037,Denmark,20_to_50km,0.3068821,15,18,0.42424242424242425,0.42424242424242425,0.0,0
2424568,0,+0223:+0036,Denmark,20_to_50km,0.31805667,19,19,0.47368421052631576,0.47368421052631576,0.0,0
2427075,0,+0219:+0038,Denmark,20_to_50km,0.31017238,19,17,0.3333333333333333,0.3333333333333333,0.0,0
2437641,0,+0220:+0038,Denmark,20_to_50km,0.3522681,9,18,0.4444444444444444,0.4444444444444444,0.0,0
2438682,0,+0173:+0075,Bosnia and Herzegovina,20_to_50km,0.36427072,40,28,0.35294117647058826,0.35294117647058826,0.0,0
2438723,0,+0222:+0037,Denmark,20_to_50km,0.3171106,20,23,0.37209302325581395,0.37209302325581395,0.0,0
2439268,0,+0222:+0037,Denmark,20_to_50km,0.30555567,12,19,0.5806451612903226,0.5806451612903226,0.0,0
2443009,0,+0177:-0004,France,20_to_50km,0.23446646,8,13,0.6666666666666666,0.6666666666666666,0.0,0
2443914,0,+0223:+0036,Denmark,20_to_50km,0.3322868,17,19,0.2222222222222222,0.2222222222222222,0.0,0
2447181,0,+0222:+0037,Denmark,20_to_50km,0.33074328,10,22,0.0625,0.0625,0.0,0
2447432,0,+0220:+0038,Denmark,20_to_50km,0.32839662,12,16,0.8571428571428571,0.8571428571428571,0.0,0
2447805,0,+0223:+0036,Denmark,20_to_50km,0.32037297,3,22,0.08,0.08,0.0,0
2448735,0,+0222:+0037,Denmark,20_to_50km,0.3418921,49,20,0.2608695652173913,0.2608695652173913,0.0,0
2450028,0,+0223:+0036,Denmark,20_to_50km,0.3222148,17,22,0.358974358974359,0.358974358974359,0.0,0
2450624,0,+0223:+0036,Denmark,20_to_50km,0.3207854,12,21,0.30303030303030304,0.30303030303030304,0.0,0
2454163,0,+0177:+0025,France,20_to_50km,0.26539057,39,22,0.36065573770491804,0.36065573770491804,0.0,0
2454708,0,+0219:+0038,Denmark,20_to_50km,0.3167275,16,15,0.5806451612903226,0.5806451612903226,0.0,0
2457603,0,+0222:+0037,Denmark,20_to_50km,0.2993522,27,22,0.12244897959183673,0.12244897959183673,0.0,0
2463485,0,+0223:+0036,Denmark,20_to_50km,0.29682207,10,18,0.2857142857142857,0.2857142857142857,0.0,0
2466708,0,+0219:+0038,Denmark,20_to_50km,0.31512958,11,23,0.4117647058823529,0.4117647058823529,0.0,0
2470339,0,+0223:+0036,Denmark,20_to_50km,0.31305337,10,16,0.6153846153846154,0.6153846153846154,0.0,0
2474386,0,+0219:+0038,Denmark,20_to_50km,0.3109763,9,16,0.56,0.56,0.0,0
2475037,0,+0223:+0036,Denmark,20_to_50km,0.31139284,24,22,0.5217391304347826,0.5217391304347826,0.0,0
2478550,0,+0222:+0037,Denmark,20_to_50km,0.33747444,29,21,0.44,0.44,0.0,0
2483372,0,+0219:+0038,Denmark,20_to_50km,0.3464515,17,26,0.23255813953488372,0.23255813953488372,0.0,0
2483639,0,+0220:+0038,Denmark,20_to_50km,0.35709316,28,13,0.34146341463414637,0.34146341463414637,0.0,0
2483892,0,+0223:+0036,Denmark,20_to_50km,0.33365038,18,21,0.5128205128205128,0.5128205128205128,0.0,0
2486941,0,+0220:+0037,Denmark,20_to_50km,0.32520923,19,18,0.43243243243243246,0.43243243243243246,0.0,0
2486991,0,+0223:+0036,Denmark,20_to_50km,0.31386238,22,23,0.26666666666666666,0.26666666666666666,0.0,0
2487591,0,+0222:+0037,Denmark,20_to_50km,0.34008577,29,23,0.38461538461538464,0.38461538461538464,0.0,0
2493538,0,+0205:+0040,Germany,20_to_50km,0.45957378,25,36,0.26229508196721313,0.26229508196721313,0.0,0
2493941,0,+0222:+0037,Denmark,20_to_50km,0.34417537,17,20,0.2702702702702703,0.2702702702702703,0.0,0
2496231,0,+0222:+0037,Denmark,20_to_50km,0.313551,25,22,0.2978723404255319,0.2978723404255319,0.0,0
2497125,0,+0222:+0037,Denmark,20_to_50km,0.3027656,16,19,0.22857142857142856,0.22857142857142856,0.0,0
2497518,0,+0222:+0037,Denmark,20_to_50km,0.30455956,21,21,0.2857142857142857,0.2857142857142857,0.0,0
2500976,0,+0220:+0037,Denmark,20_to_50km,0.30637282,12,20,0.25,0.25,0.0,0
2512968,0,+0222:+0037,Denmark,20_to_50km,0.33624408,34,23,0.38596491228070173,0.38596491228070173,0.0,0
2513118,0,+0223:+0036,Denmark,20_to_50km,0.3350882,19,16,0.5142857142857142,0.5142857142857142,0.0,0
2517138,0,+0219:+0038,Denmark,20_to_50km,0.30691403,17,16,0.30303030303030304,0.30303030303030304,0.0,0
2518139,0,+0223:+0036,Denmark,20_to_50km,0.3266063,22,20,0.42857142857142855,0.42857142857142855,0.0,0
2526293,0,+0219:+0038,Denmark,20_to_50km,0.34419742,22,17,0.10256410256410256,0.10256410256410256,0.0,0
2526481,0,+0223:+0036,Denmark,20_to_50km,0.31603715,9,21,0.5333333333333333,0.5333333333333333,0.0,0
2533093,0,+0222:+0037,Denmark,20_to_50km,0.34890687,33,22,0.4727272727272727,0.4727272727272727,0.0,0
2533379,0,+0220:+0037,Denmark,20_to_50km,0.33149078,26,24,0.36,0.36,0.0,0
2533453,0,+0219:+0038,Denmark,20_to_50km,0.3139216,11,18,0.27586206896551724,0.27586206896551724,0.0,0
2535151,0,+0187:+0003,France,20_to_50km,0.25252432,21,22,0.5581395348837209,0.5581395348837209,0.0,0
2536257,0,+0178:+0003,France,20_to_50km,0.3304814,9,21,0.5333333333333333,0.5333333333333333,0.0,0
2541442,0,+0220:+0037,Denmark,20_to_50km,0.32260263,19,17,0.4444444444444444,0.4444444444444444,0.0,0
2547973,0,+0222:+0037,Denmark,20_to_50km,0.34014907,22,24,0.34782608695652173,0.34782608695652173,0.0,0
2548117,0,+0222:+0037,Denmark,20_to_50km,0.35062143,38,22,0.43333333333333335,0.43333333333333335,0.0,0
2548578,0,+0185:+0052,Italy,20_to_50km,0.2502548,14,25,0.15384615384615385,0.15384615384615385,0.0,0
2550138,0,+0168:+0061,Italy,20_to_50km,0.22526076,6,16,0.5454545454545454,0.5454545454545454,0.0,0
2551979,0,+0220:+0037,Denmark,20_to_50km,0.33131623,20,17,0.4864864864864865,0.4864864864864865,0.0,0
2552911,0,+0222:+0037,Denmark,20_to_50km,0.3009824,32,21,0.4528301886792453,0.4528301886792453,0.0,0
2558485,0,+0220:+0038,Denmark,20_to_50km,0.32892638,19,17,0.5,0.5,0.0,0
2560082,0,+0220:+0038,Denmark,20_to_50km,0.3286517,6,18,0.0,0.0,0.0,0
2560988,0,+0219:+0038,Denmark,20_to_50km,0.3464965,6,20,0.0,0.0,0.0,0
2561151,0,+0220:+0037,Denmark,20_to_50km,0.32945842,10,21,0.5161290322580645,0.5161290322580645,0.0,0
2563581,0,+0220:+0037,Denmark,20_to_50km,0.32773742,18,19,0.5405405405405406,0.5405405405405406,0.0,0
2565240,0,+0223:+0036,Denmark,20_to_50km,0.3182057,6,17,0.2608695652173913,0.2608695652173913,0.0,0
2565848,0,+0223:+0036,Denmark,20_to_50km,0.3039238,21,19,0.45,0.45,0.0,0
2567041,0,+0219:+0038,Denmark,20_to_50km,0.3450937,15,15,0.26666666666666666,0.26666666666666666,0.0,0
2573667,0,+0223:+0036,Denmark,20_to_50km,0.32781163,22,21,0.37209302325581395,0.37209302325581395,0.0,0
2575685,0,+0222:+0037,Denmark,20_to_50km,0.34581974,23,23,0.43478260869565216,0.43478260869565216,0.0,0
2583046,0,+0222:+0037,Denmark,20_to_50km,0.2983359,14,20,0.5294117647058824,0.5294117647058824,0.0,0
2585443,0,+0222:+0037,Denmark,20_to_50km,0.31222185,22,23,0.3111111111111111,0.3111111111111111,0.0,0
2587856,0,+0223:+0036,Denmark,20_to_50km,0.31689164,16,17,0.36363636363636365,0.36363636363636365,0.0,0
2591096,0,+0172:+0003,France,20_to_50km,0.2454763,24,21,0.6222222222222222,0.6222222222222222,0.0,0
2592479,0,+0223:+0036,Denmark,20_to_50km,0.33089948,17,15,0.5625,0.5625,0.0,0
2593118,0,+0223:+0036,Denmark,20_to_50km,0.34050137,24,22,0.391304347826087,0.391304347826087,0.0,0
2597177,0,+0223:+0036,Denmark,20_to_50km,0.30904746,13,17,0.4,0.4,0.0,0
2607794,0,+0220:+0037,Denmark,20_to_50km,0.31377876,11,19,0.06666666666666667,0.06666666666666667,0.0,0
2607888,0,+0168:+0061,Italy,20_to_50km,0.22474028,17,18,0.5714285714285714,0.5714285714285714,0.0,0
2612980,0,+0177:-0004,France,20_to_50km,0.23124361,25,15,0.6,0.6,0.0,0
2613249,0,+0222:+0037,Denmark,20_to_50km,0.35596535,22,20,0.38095238095238093,0.38095238095238093,0.0,0
2617075,0,+0219:+0038,Denmark,20_to_50km,0.31143555,14,20,0.5294117647058824,0.5294117647058824,0.0,0
2620194,0,+0220:+0038,Denmark,20_to_50km,0.3562044,14,17,0.5806451612903226,0.5806451612903226,0.0,0
2623503,0,+0223:+0036,Denmark,20_to_50km,0.3394271,13,21,0.47058823529411764,0.47058823529411764,0.0,0
2623708,0,+0220:+0038,Denmark,20_to_50km,0.337678,18,16,0.47058823529411764,0.47058823529411764,0.0,0
2624755,0,+0222:+0037,Denmark,20_to_50km,0.33965778,34,24,0.2413793103448276,0.2413793103448276,0.0,0
2626345,0,+0223:+0036,Denmark,20_to_50km,0.3466864,8,21,0.0,0.0,0.0,0
2626792,0,+0222:+0037,Denmark,20_to_50km,0.3462216,14,22,0.2777777777777778,0.2777777777777778,0.0,0
2626891,0,+0219:+0038,Denmark,20_to_50km,0.34802198,14,20,0.17647058823529413,0.17647058823529413,0.0,0
2627461,0,+0220:+0037,Denmark,20_to_50km,0.3300024,14,20,0.5294117647058824,0.5294117647058824,0.0,0
2630777,0,+0223:+0036,Denmark,20_to_50km,0.32748172,12,22,0.23529411764705882,0.23529411764705882,0.0,0
2631595,0,+0222:+0037,Denmark,20_to_50km,0.3297298,21,21,0.3333333333333333,0.3333333333333333,0.0,0
2631669,0,+0219:+0038,Denmark,20_to_50km,0.34409678,23,19,0.14285714285714285,0.14285714285714285,0.0,0
2633555,0,+0222:+0037,Denmark,20_to_50km,0.29836446,11,25,0.16666666666666666,0.16666666666666666,0.0,0
2644692,0,+0223:+0036,Denmark,20_to_50km,0.31694928,22,22,0.22727272727272727,0.22727272727272727,0.0,0
2649473,0,+0223:+0036,Denmark,20_to_50km,0.30533415,20,22,0.42857142857142855,0.42857142857142855,0.0,0
2649536,0,+0220:+0038,Denmark,20_to_50km,0.35226524,19,18,0.43243243243243246,0.43243243243243246,0.0,0
2654390,0,+0223:+0036,Denmark,20_to_50km,0.33032057,11,22,0.36363636363636365,0.36363636363636365,0.0,0
2654482,0,+0168:+0061,Italy,20_to_50km,0.22586069,42,20,0.22580645161290322,0.22580645161290322,0.0,0
2655053,0,+0222:+0037,Denmark,20_to_50km,0.31178942,18,22,0.05,0.05,0.0,0
2655732,0,+0222:+0037,Denmark,20_to_50km,0.29831743,10,22,0.3125,0.3125,0.0,0
2656861,0,+0223:+0036,Denmark,20_to_50km,0.34099984,28,23,0.47058823529411764,0.47058823529411764,0.0,0
2661963,0,+0223:+0036,Denmark,20_to_50km,0.3422364,23,23,0.5217391304347826,0.5217391304347826,0.0,0
2663000,0,+0222:+0037,Denmark,20_to_50km,0.355833,17,20,0.2702702702702703,0.2702702702702703,0.0,0
2663548,0,+0219:+0038,Denmark,20_to_50km,0.34558186,19,21,0.25,0.25,0.0,0
2664162,0,+0220:+0038,Denmark,20_to_50km,0.32675418,4,20,0.08333333333333333,0.08333333333333333,0.0,0
2666661,0,+0222:+0037,Denmark,20_to_50km,0.34874716,9,20,0.27586206896551724,0.27586206896551724,0.0,0
2667246,0,+0220:+0038,Denmark,20_to_50km,0.35704562,14,19,0.5454545454545454,0.5454545454545454,0.0,0
2670459,0,+0220:+0037,Denmark,20_to_50km,0.3293496,15,17,0.625,0.625,0.0,0
2671030,0,+0223:+0036,Denmark,20_to_50km,0.31303966,13,22,0.5714285714285714,0.5714285714285714,0.0,0
2671063,0,+0220:+0037,Denmark,20_to_50km,0.32810473,21,16,0.3783783783783784,0.3783783783783784,0.0,0
2674112,0,+0222:+0037,Denmark,20_to_50km,0.3049874,24,20,0.5,0.5,0.0,0
2676699,0,+0168:+0061,Italy,20_to_50km,0.22371656,17,19,0.3333333333333333,0.3333333333333333,0.0,0
2677405,0,+0222:+0037,Denmark,20_to_50km,0.33951244,32,22,0.48148148148148145,0.48148148148148145,0.0,0
2679196,0,+0223:+0036,Denmark,20_to_50km,0.30380756,16,21,0.5405405405405406,0.5405405405405406,0.0,0
2680824,0,+0220:+0037,Denmark,20_to_50km,0.3221616,14,19,0.42424242424242425,0.42424242424242425,0.0,0
2682401,0,+0223:+0036,Denmark,20_to_50km,0.35425785,8,19,0.5185185185185185,0.5185185185185185,0.0,0
2682764,0,+0222:+0037,Denmark,20_to_50km,0.33708185,14,24,0.42105263157894735,0.42105263157894735,0.0,0
2685178,0,+0222:+0037,Denmark,20_to_50km,0.3045146,16,20,0.2777777777777778,0.2777777777777778,0.0,0
2686528,0,+0219:+0038,Denmark,20_to_50km,0.316714,15,17,0.3125,0.3125,0.0,0
2689932,0,+0223:+0036,Denmark,20_to_50km,0.32788697,25,24,0.3673469387755102,0.3673469387755102,0.0,0
2690036,0,+0220:+0037,Denmark,20_to_50km,0.32582617,7,19,0.38461538461538464,0.38461538461538464,0.0,0
2693397,0,+0223:+0036,Denmark,20_to_50km,0.32396352,9,22,0.3225806451612903,0.3225806451612903,0.0,0
2694003,0,+0220:+0037,Denmark,20_to_50km,0.3314451,23,21,0.5454545454545454,0.5454545454545454,0.0,0
2694127,0,+0219:+0038,Denmark,20_to_50km,0.31677175,16,19,0.4,0.4,0.0,0
2695027,0,+0223:+0036,Denmark,20_to_50km,0.3555552,24,18,0.23809523809523808,0.23809523809523808,0.0,0
2697765,0,+0223:+0036,Denmark,20_to_50km,0.31647018,17,20,0.4864864864864865,0.4864864864864865,0.0,0
2699390,0,+0222:+0037,Denmark,20_to_50km,0.3549901,16,22,0.21052631578947367,0.21052631578947367,0.0,0
2699784,0,+0222:+0037,Denmark,20_to_50km,0.32715654,34,21,0.36363636363636365,0.36363636363636365,0.0,0
2700151,0,+0222:+0037,Denmark,20_to_50km,0.3515282,20,18,0.42105263157894735,0.42105263157894735,0.0,0
2700259,0,+0223:+0036,Denmark,20_to_50km,0.31756493,8,22,0.2,0.2,0.0,0
2718549,0,+0222:+0037,Denmark,20_to_50km,0.3290347,26,26,0.23076923076923078,0.23076923076923078,0.0,0
2720168,0,+0220:+0038,Denmark,20_to_50km,0.32960844,16,17,0.24242424242424243,0.24242424242424243,0.0,0
2720618,0,+0222:+0037,Denmark,20_to_50km,0.31905988,36,21,0.24561403508771928,0.24561403508771928,0.0,0
2721296,0,+0220:+0038,Denmark,20_to_50km,0.33583668,16,20,0.3333333333333333,0.3333333333333333,0.0,0
2722181,0,+0219:+0038,Denmark,20_to_50km,0.3111779,12,16,0.5714285714285714,0.5714285714285714,0.0,0
2722227,0,+0223:+0036,Denmark,20_to_50km,0.32376993,13,22,0.5714285714285714,0.5714285714285714,0.0,0
2723045,0,+0220:+0037,Denmark,20_to_50km,0.33298096,8,16,0.3333333333333333,0.3333333333333333,0.0,0
2724628,0,+0222:+0037,Denmark,20_to_50km,0.30131936,35,23,0.6206896551724138,0.6206896551724138,0.0,0
2732998,0,+0223:+0036,Denmark,20_to_50km,0.32487556,16,20,0.3333333333333333,0.3333333333333333,0.0,0
2733367,0,+0219:+0038,Denmark,20_to_50km,0.345735,13,18,0.12903225806451613,0.12903225806451613,0.0,0
2736439,0,+0223:+0036,Denmark,20_to_50km,0.33141017,9,15,0.5,0.5,0.0,0
2736651,0,+0219:+0038,Denmark,20_to_50km,0.31153595,11,16,0.5925925925925926,0.5925925925925926,0.0,0
2737295,0,+0222:+0037,Denmark,20_to_50km,0.3282638,19,22,0.2926829268292683,0.2926829268292683,0.0,0
2739750,0,+0168:+0061,Italy,20_to_50km,0.22707407,2,15,0.0,0.0,0.0,0
2740090,0,+0222:+0037,Denmark,20_to_50km,0.33175614,19,21,0.4,0.4,0.0,0
2740119,0,+0220:+0038,Denmark,20_to_50km,0.3235657,16,22,0.10526315789473684,0.10526315789473684,0.0,0
2741770,0,+0222:+0037,Denmark,20_to_50km,0.32751596,18,23,0.0975609756097561,0.0975609756097561,0.0,0
2750333,0,+0219:+0038,Denmark,20_to_50km,0.3167867,6,15,0.2857142857142857,0.2857142857142857,0.0,0
2751530,0,+0172:+0003,France,20_to_50km,0.25878814,27,25,0.6153846153846154,0.6153846153846154,0.0,0
2754297,0,+0223:+0036,Denmark,20_to_50km,0.327675,14,22,0.3333333333333333,0.3333333333333333,0.0,0
2755193,0,+0220:+0037,Denmark,20_to_50km,0.3286891,8,18,0.0,0.0,0.0,0
2757417,0,+0222:+0037,Denmark,20_to_50km,0.35110936,30,20,0.36,0.36,0.0,0
2759436,0,+0220:+0037,Denmark,20_to_50km,0.32489958,14,15,0.5517241379310345,0.5517241379310345,0.0,0
2765853,0,+0222:+0037,Denmark,20_to_50km,0.34156525,25,20,0.5777777777777777,0.5777777777777777,0.0,0
2767025,0,+0205:+0040,Germany,20_to_50km,0.4585077,35,35,0.08571428571428572,0.08571428571428572,0.0,0
2771864,0,+0223:+0036,Denmark,20_to_50km,0.32823902,19,22,0.4878048780487805,0.4878048780487805,0.0,0
2772461,0,+0223:+0036,Denmark,20_to_50km,0.32977605,26,22,0.16666666666666666,0.16666666666666666,0.0,0
2774223,0,+0222:+0037,Denmark,20_to_50km,0.3320676,7,23,0.26666666666666666,0.26666666666666666,0.0,0
2775124,0,+0223:+0036,Denmark,20_to_50km,0.3182551,30,18,0.16666666666666666,0.16666666666666666,0.0,0
2777250,0,+0168:+0061,Italy,20_to_50km,0.22443315,18,19,0.3783783783783784,0.3783783783783784,0.0,0
2778337,0,+0219:+0041,Denmark,20_to_50km,0.32784194,15,19,0.4117647058823529,0.4117647058823529,0.0,0
2781207,0,+0223:+0036,Denmark,20_to_50km,0.31987438,18,22,0.15,0.15,0.0,0
2781936,0,+0223:+0036,Denmark,20_to_50km,0.31681624,19,23,0.47619047619047616,0.47619047619047616,0.0,0
2785932,0,+0219:+0038,Denmark,20_to_50km,0.31897983,17,19,0.3888888888888889,0.3888888888888889,0.0,0
2786336,0,+0219:+0041,Denmark,20_to_50km,0.3300647,12,19,0.45161290322580644,0.45161290322580644,0.0,0
2791228,0,+0220:+0037,Denmark,20_to_50km,0.3229657,8,20,0.14285714285714285,0.14285714285714285,0.0,0
2796233,0,+0223:+0036,Denmark,20_to_50km,0.30900204,11,16,0.6666666666666666,0.6666666666666666,0.0,0
2797922,0,+0222:+0037,Denmark,20_to_50km,0.35560095,18,20,0.3684210526315789,0.3684210526315789,0.0,0
2798647,0,+0222:+0037,Denmark,20_to_50km,0.3489869,3,20,0.2608695652173913,0.2608695652173913,0.0,0
2798656,0,+0220:+0037,Denmark,20_to_50km,0.33259782,13,18,0.3225806451612903,0.3225806451612903,0.0,0
2813725,0,+0222:+0037,Denmark,20_to_50km,0.3555397,18,17,0.34285714285714286,0.34285714285714286,0.0,0
2817244,0,+0223:+0036,Denmark,20_to_50km,0.3249654,9,20,0.5517241379310345,0.5517241379310345,0.0,0
2817378,0,+0222:+0037,Denmark,20_to_50km,0.30573475,17,22,0.2564102564102564,0.2564102564102564,0.0,0
2819254,0,+0168:+0061,Italy,20_to_50km,0.22429329,10,17,0.5185185185185185,0.5185185185185185,0.0,0
2820182,0,+0222:+0037,Denmark,20_to_50km,0.33030534,21,22,0.37209302325581395,0.37209302325581395,0.0,0
2821389,0,+0219:+0038,Denmark,20_to_50km,0.31136948,10,17,0.5185185185185185,0.5185185185185185,0.0,0
2824571,0,+0220:+0037,Denmark,20_to_50km,0.33113542,19,20,0.5128205128205128,0.5128205128205128,0.0,0
2828804,0,+0220:+0038,Denmark,20_to_50km,0.350767,14,19,0.5454545454545454,0.5454545454545454,0.0,0
2830535,0,+0220:+0038,Denmark,20_to_50km,0.35717416,9,18,0.5925925925925926,0.5925925925925926,0.0,0
2832259,0,+0220:+0038,Denmark,20_to_50km,0.33852577,20,23,0.18604651162790697,0.18604651162790697,0.0,0
2833858,0,+0222:+0037,Denmark,20_to_50km,0.3395358,43,24,0.44776119402985076,0.44776119402985076,0.0,0
2835049,0,+0222:+0037,Denmark,20_to_50km,0.3201721,16,21,0.43243243243243246,0.43243243243243246,0.0,0
2836273,0,+0223:+0036,Denmark,20_to_50km,0.33201763,13,17,0.4,0.4,0.0,0
2839613,0,+0223:+0036,Denmark,20_to_50km,0.31004336,10,22,0.375,0.375,0.0,0
2840187,0,+0223:+0036,Denmark,20_to_50km,0.3284294,18,22,0.55,0.55,0.0,0
2841156,0,+0220:+0038,Denmark,20_to_50km,0.3324377,13,18,0.0,0.0,0.0,0
2843360,0,+0223:+0036,Denmark,20_to_50km,0.35165232,20,21,0.5365853658536586,0.5365853658536586,0.0,0
2845635,0,+0223:+0036,Denmark,20_to_50km,0.30882353,18,23,0.4878048780487805,0.4878048780487805,0.0,0
2847126,0,+0220:+0037,Denmark,20_to_50km,0.32158902,22,16,0.47368421052631576,0.47368421052631576,0.0,0
2847742,0,+0222:+0037,Denmark,20_to_50km,0.35486385,7,20,0.14814814814814814,0.14814814814814814,0.0,0
2853355,0,+0219:+0038,Denmark,20_to_50km,0.31481698,8,15,0.43478260869565216,0.43478260869565216,0.0,0
2856937,0,+0223:+0036,Denmark,20_to_50km,0.31973892,4,16,0.3,0.3,0.0,0
2861372,0,+0222:+0037,Denmark,20_to_50km,0.33921948,22,26,0.4583333333333333,0.4583333333333333,0.0,0
2862004,0,+0205:+0040,Germany,20_to_50km,0.45842764,20,35,0.07272727272727272,0.07272727272727272,0.0,0
2862690,0,+0205:+0040,Germany,20_to_50km,0.45964804,25,37,0.41935483870967744,0.41935483870967744,0.0,0
2862906,0,+0222:+0037,Denmark,20_to_50km,0.35059842,29,22,0.27450980392156865,0.27450980392156865,0.0,0
2863225,0,+0220:+0037,Denmark,20_to_50km,0.32461601,18,18,0.5,0.5,0.0,0
2863238,0,+0222:+0037,Denmark,20_to_50km,0.31685126,18,23,0.3902439024390244,0.3902439024390244,0.0,0
2864550,0,+0222:+0037,Denmark,20_to_50km,0.32846585,31,23,0.3333333333333333,0.3333333333333333,0.0,0
2865574,0,+0220:+0038,Denmark,20_to_50km,0.35567462,20,14,0.5882352941176471,0.5882352941176471,0.0,0
2866645,0,+0168:+0061,Italy,20_to_50km,0.22335583,21,16,0.3783783783783784,0.3783783783783784,0.0,0
2869663,0,+0222:+0037,Denmark,20_to_50km,0.29405037,12,23,0.4,0.4,0.0,0
2870135,0,+0223:+0036,Denmark,20_to_50km,0.31757444,11,22,0.18181818181818182,0.18181818181818182,0.0,0
2874281,0,+0177:-0004,France,20_to_50km,0.2409804,16,17,0.48484848484848486,0.48484848484848486,0.0,0
2874757,0,+0219:+0038,Denmark,20_to_50km,0.31103835,17,19,0.2777777777777778,0.2777777777777778,0.0,0
2875073,0,+0223:+0036,Denmark,20_to_50km,0.3278292,16,19,0.45714285714285713,0.45714285714285713,0.0,0
2875721,0,+0219:+0038,Denmark,20_to_50km,0.34678575,8,19,0.14814814814814814,0.14814814814814814,0.0,0
2876942,0,+0223:+0036,Denmark,20_to_50km,0.32499588,10,20,0.13333333333333333,0.13333333333333333,0.0,0
2879026,0,+0219:+0038,Denmark,20_to_50km,0.3155675,9,22,0.3225806451612903,0.3225806451612903,0.0,0
2879655,0,+0223:+0036,Denmark,20_to_50km,0.32428694,20,18,0.42105263157894735,0.42105263157894735,0.0,0
2881789,0,+0191:-0018,France,20_to_50km,0.2599376,15,19,0.47058823529411764,0.47058823529411764,0.0,0
2887445,0,+0222:+0037,Denmark,20_to_50km,0.33994967,18,22,0.4,0.4,0.0,0
2889565,0,+0222:+0037,Denmark,20_to_50km,0.30245197,11,22,0.12121212121212122,0.12121212121212122,0.0,0
2891358,0,+0219:+0041,Denmark,20_to_50km,0.33005053,6,19,0.24,0.24,0.0,0
2891609,0,+0219:+0038,Denmark,20_to_50km,0.34519818,12,24,0.2222222222222222,0.2222222222222222,0.0,0
2893115,0,+0168:+0061,Italy,20_to_50km,0.22631738,6,18,0.3333333333333333,0.3333333333333333,0.0,0
2894310,0,+0222:+0037,Denmark,20_to_50km,0.3388907,17,27,0.2727272727272727,0.2727272727272727,0.0,0
2897514,0,+0222:+0037,Denmark,20_to_50km,0.3067978,19,20,0.46153846153846156,0.46153846153846156,0.0,0
2900249,0,+0219:+0038,Denmark,20_to_50km,0.3191949,7,17,0.5833333333333334,0.5833333333333334,0.0,0
2904914,0,+0168:+0061,Italy,20_to_50km,0.2270852,4,18,0.09090909090909091,0.09090909090909091,0.0,0
2905166,0,+0223:+0036,Denmark,20_to_50km,0.34077102,29,23,0.6153846153846154,0.6153846153846154,0.0,0
2905479,0,+0223:+0036,Denmark,20_to_50km,0.30791798,12,19,0.45161290322580644,0.45161290322580644,0.0,0
2905551,0,+0219:+0038,Denmark,20_to_50km,0.3113753,17,17,0.5882352941176471,0.5882352941176471,0.0,0
2908556,0,+0222:+0037,Denmark,20_to_50km,0.34648025,18,20,0.3684210526315789,0.3684210526315789,0.0,0
2909273,0,+0168:+0061,Italy,20_to_50km,0.22671779,10,14,0.3333333333333333,0.3333333333333333,0.0,0
2909581,0,+0223:+0036,Denmark,20_to_50km,0.32933772,21,22,0.4186046511627907,0.4186046511627907,0.0,0
2909918,0,+0222:+0037,Denmark,20_to_50km,0.34867567,12,19,0.45161290322580644,0.45161290322580644,0.0,0
2910270,0,+0223:+0036,Denmark,20_to_50km,0.3349918,17,21,0.3157894736842105,0.3157894736842105,0.0,0
2911990,0,+0222:+0037,Denmark,20_to_50km,0.30145308,15,21,0.3888888888888889,0.3888888888888889,0.0,0
2918123,0,+0219:+0038,Denmark,20_to_50km,0.31885335,14,17,0.3225806451612903,0.3225806451612903,0.0,0
2918578,0,+0219:+0038,Denmark,20_to_50km,0.3109379,7,17,0.25,0.25,0.0,0
2919341,0,+0219:+0038,Denmark,20_to_50km,0.3114742,14,18,0.5,0.5,0.0,0
2931913,0,+0223:+0036,Denmark,20_to_50km,0.3278375,19,22,0.4878048780487805,0.4878048780487805,0.0,0
2934003,0,+0220:+0038,Denmark,20_to_50km,0.32433137,12,19,0.3870967741935484,0.3870967741935484,0.0,0
2935264,0,+0174:+0001,France,20_to_50km,0.24985734,15,18,0.6060606060606061,0.6060606060606061,0.0,0
2935750,0,+0222:+0037,Denmark,20_to_50km,0.30002117,32,24,0.5357142857142857,0.5357142857142857,0.0,0
2938002,0,+0177:-0004,France,20_to_50km,0.232715,7,19,0.38461538461538464,0.38461538461538464,0.0,0
2938040,0,+0223:+0036,Denmark,20_to_50km,0.33787933,19,22,0.4878048780487805,0.4878048780487805,0.0,0
2945025,0,+0222:+0037,Denmark,20_to_50km,0.30537835,18,17,0.45714285714285713,0.45714285714285713,0.0,0
2951267,0,+0223:+0036,Denmark,20_to_50km,0.31335896,12,17,0.4827586206896552,0.4827586206896552,0.0,0
2951771,0,+0222:+0037,Denmark,20_to_50km,0.3417226,10,21,0.5161290322580645,0.5161290322580645,0.0,0
2956302,0,+0222:+0037,Denmark,20_to_50km,0.30731052,15,17,0.1875,0.1875,0.0,0
2960534,0,+0222:+0037,Denmark,20_to_50km,0.3001162,24,17,0.4878048780487805,0.4878048780487805,0.0,0
2960823,0,+0220:+0037,Denmark,20_to_50km,0.33364558,10,19,0.3448275862068966,0.3448275862068966,0.0,0
2964674,0,+0223:+0036,Denmark,20_to_50km,0.3207662,11,20,0.5161290322580645,0.5161290322580645,0.0,0
2966025,0,+0220:+0037,Denmark,20_to_50km,0.31832144,17,16,0.24242424242424243,0.24242424242424243,0.0,0
2968378,0,+0220:+0037,Denmark,20_to_50km,0.30050543,15,21,0.05555555555555555,0.05555555555555555,0.0,0
2968689,0,+0220:+0037,Denmark,20_to_50km,0.3323362,16,17,0.42424242424242425,0.42424242424242425,0.0,0
2969013,0,+0222:+0037,Denmark,20_to_50km,0.33859393,17,22,0.3076923076923077,0.3076923076923077,0.0,0
2970404,0,+0220:+0038,Denmark,20_to_50km,0.33724034,25,21,0.30434782608695654,0.30434782608695654,0.0,0
2973120,0,+0184:+0027,France,20_to_50km,0.25210348,74,26,0.32,0.32,0.0,0
2973210,0,+0223:+0036,Denmark,20_to_50km,0.32875338,23,21,0.4090909090909091,0.4090909090909091,0.0,0
2975114,0,+0179:+0027,France,20_to_50km,0.31185254,11,21,0.1875,0.1875,0.0,0
2977646,0,+0223:+0036,Denmark,20_to_50km,0.32740134,8,25,0.36363636363636365,0.36363636363636365,0.0,0
2980299,0,+0222:+0037,Denmark,20_to_50km,0.32283118,29,22,0.5490196078431373,0.5490196078431373,0.0,0
2986562,0,+0223:+0036,Denmark,20_to_50km,0.32380754,14,22,0.2777777777777778,0.2777777777777778,0.0,0
2992502,0,+0223:+0036,Denmark,20_to_50km,0.33197287,26,18,0.13636363636363635,0.13636363636363635,0.0,0
2995257,0,+0219:+0038,Denmark,20_to_50km,0.31089085,11,16,0.4444444444444444,0.4444444444444444,0.0,0
2995480,0,+0205:+0040,Germany,20_to_50km,0.45982996,32,35,0.47761194029850745,0.47761194029850745,0.0,0
2996322,0,+0222:+0037,Denmark,20_to_50km,0.3477742,19,18,0.43243243243243246,0.43243243243243246,0.0,0
3002707,0,+0222:+0037,Denmark,20_to_50km,0.33909613,24,23,0.2978723404255319,0.2978723404255319,0.0,0
3009872,0,+0223:+0036,Denmark,20_to_50km,0.30201685,23,21,0.3181818181818182,0.3181818181818182,0.0,0
3013740,0,+0223:+0036,Denmark,20_to_50km,0.32981724,11,25,0.3888888888888889,0.3888888888888889,0.0,0
3015651,0,+0220:+0037,Denmark,20_to_50km,0.3273948,13,18,0.45161290322580644,0.45161290322580644,0.0,0
3015966,0,+0193:+0011,France,20_to_50km,0.31293163,16,20,0.3333333333333333,0.3333333333333333,0.0,0
3016327,0,+0223:+0036,Denmark,20_to_50km,0.31946355,12,21,0.42424242424242425,0.42424242424242425,0.0,0
3016651,0,+0220:+0037,Denmark,20_to_50km,0.3218765,16,18,0.5294117647058824,0.5294117647058824,0.0,0
3019529,0,+0223:+0036,Denmark,20_to_50km,0.30875087,11,18,0.27586206896551724,0.27586206896551724,0.0,0
3021085,0,+0222:+0037,Denmark,20_to_50km,0.35090408,12,22,0.23529411764705882,0.23529411764705882,0.0,0
3023173,0,+0222:+0037,Denmark,20_to_50km,0.34643778,23,21,0.18181818181818182,0.18181818181818182,0.0,0
3024220,0,+0222:+0037,Denmark,20_to_50km,0.3353919,7,24,0.06451612903225806,0.06451612903225806,0.0,0
3024869,0,+0222:+0037,Denmark,20_to_50km,0.35137984,18,21,0.41025641025641024,0.41025641025641024,0.0,0
3025005,0,+0222:+0037,Denmark,20_to_50km,0.30884883,30,22,0.2692307692307692,0.2692307692307692,0.0,0
3025762,0,+0222:+0037,Denmark,20_to_50km,0.3485195,16,22,0.2631578947368421,0.2631578947368421,0.0,0
3025879,0,+0219:+0038,Denmark,20_to_50km,0.34632188,13,23,0.16666666666666666,0.16666666666666666,0.0,0
3032331,0,+0168:+0061,Italy,20_to_50km,0.22653136,7,17,0.25,0.25,0.0,0
3032508,0,+0219:+0038,Denmark,20_to_50km,0.34503484,19,17,0.1111111111111111,0.1111111111111111,0.0,0
3033536,0,+0185:+0052,Italy,20_to_50km,0.24972464,39,27,0.15151515151515152,0.15151515151515152,0.0,0
3033791,0,+0223:+0036,Denmark,20_to_50km,0.32319462,10,20,0.5333333333333333,0.5333333333333333,0.0,0
3035875,0,+0223:+0036,Denmark,20_to_50km,0.31512725,18,19,0.4864864864864865,0.4864864864864865,0.0,0
3037502,0,+0220:+0037,Denmark,20_to_50km,0.32487422,24,17,0.5365853658536586,0.5365853658536586,0.0,0
3039315,0,+0223:+0036,Denmark,20_to_50km,0.3335253,20,22,0.6190476190476191,0.6190476190476191,0.0,0
3039584,0,+0220:+0037,Denmark,20_to_50km,0.31001005,16,18,0.23529411764705882,0.23529411764705882,0.0,0
3041040,0,+0222:+0037,Denmark,20_to_50km,0.33351392,14,22,0.4444444444444444,0.4444444444444444,0.0,0
3043285,0,+0168:+0061,Italy,20_to_50km,0.2265671,5,16,0.09523809523809523,0.09523809523809523,0.0,0
3048349,0,+0222:+0037,Denmark,20_to_50km,0.3478658,12,19,0.3870967741935484,0.3870967741935484,0.0,0
3050566,0,+0220:+0038,Denmark,20_to_50km,0.35834402,8,16,0.08333333333333333,0.08333333333333333,0.0,0
3051229,0,+0223:+0036,Denmark,20_to_50km,0.3274508,9,20,0.4827586206896552,0.4827586206896552,0.0,0
3057952,0,+0168:+0061,Italy,20_to_50km,0.22591925,10,20,0.13333333333333333,0.13333333333333333,0.0,0
3059279,0,+0222:+0037,Denmark,20_to_50km,0.30955696,21,18,0.6153846153846154,0.6153846153846154,0.0,0
3059774,0,+0223:+0036,Denmark,20_to_50km,0.32127503,13,22,0.45714285714285713,0.45714285714285713,0.0,0
3060219,0,+0219:+0038,Denmark,20_to_50km,0.31951773,10,18,0.14285714285714285,0.14285714285714285,0.0,0
3060814,0,+0220:+0037,Denmark,20_to_50km,0.3272906,12,18,0.6,0.6,0.0,0
3061859,0,+0220:+0037,Denmark,20_to_50km,0.32843068,11,16,0.6666666666666666,0.6666666666666666,0.0,0
3064347,0,+0222:+0037,Denmark,20_to_50km,0.3269894,12,20,0.375,0.375,0.0,0
3065141,0,+0220:+0038,Denmark,20_to_50km,0.3570884,9,18,0.14814814814814814,0.14814814814814814,0.0,0
3065272,0,+0220:+0038,Denmark,20_to_50km,0.35109884,15,20,0.45714285714285713,0.45714285714285713,0.0,0
3067239,0,+0223:+0036,Denmark,20_to_50km,0.31704825,8,20,0.07142857142857142,0.07142857142857142,0.0,0
3068648,0,+0222:+0037,Denmark,20_to_50km,0.34879678,15,19,0.47058823529411764,0.47058823529411764,0.0,0
3068985,0,+0220:+0038,Denmark,20_to_50km,0.35156938,11,21,0.4375,0.4375,0.0,0
3069803,0,+0222:+0037,Denmark,20_to_50km,0.32684034,9,23,0.3125,0.3125,0.0,0
3070449,0,+0220:+0038,Denmark,20_to_50km,0.3367191,15,20,0.34285714285714286,0.34285714285714286,0.0,0
3073102,0,+0223:+0036,Denmark,20_to_50km,0.33458346,12,22,0.47058823529411764,0.47058823529411764,0.0,0
3074247,0,+0222:+0037,Denmark,20_to_50km,0.2970647,25,22,0.46808510638297873,0.46808510638297873,0.0,0
3077577,0,+0223:+0036,Denmark,20_to_50km,0.32591477,22,20,0.38095238095238093,0.38095238095238093,0.0,0
3078025,0,+0223:+0036,Denmark,20_to_50km,0.3227996,11,20,0.1935483870967742,0.1935483870967742,0.0,0
3078675,0,+0219:+0041,Denmark,20_to_50km,0.32495227,6,20,0.23076923076923078,0.23076923076923078,0.0,0
3084422,0,+0223:+0036,Denmark,20_to_50km,0.32687226,11,21,0.25,0.25,0.0,0
3084525,0,+0223:+0036,Denmark,20_to_50km,0.33910275,13,21,0.29411764705882354,0.29411764705882354,0.0,0
3084781,0,+0219:+0038,Denmark,20_to_50km,0.31446126,8,17,0.56,0.56,0.0,0
3084943,0,+0222:+0037,Denmark,20_to_50km,0.29992506,23,19,0.5714285714285714,0.5714285714285714,0.0,0
3084994,0,+0222:+0037,Denmark,20_to_50km,0.32994112,14,22,0.3333333333333333,0.3333333333333333,0.0,0
3085860,0,+0222:+0037,Denmark,20_to_50km,0.3311081,17,22,0.41025641025641024,0.41025641025641024,0.0,0
3088373,0,+0222:+0037,Denmark,20_to_50km,0.2972731,14,19,0.42424242424242425,0.42424242424242425,0.0,0
3088465,0,+0220:+0037,Denmark,20_to_50km,0.3292851,31,20,0.3137254901960784,0.3137254901960784,0.0,0
3094539,0,+0222:+0037,Denmark,20_to_50km,0.32885444,23,21,0.5,0.5,0.0,0
3096676,0,+0222:+0037,Denmark,20_to_50km,0.29756632,10,19,0.3448275862068966,0.3448275862068966,0.0,0
3097967,0,+0219:+0038,Denmark,20_to_50km,0.3145629,4,16,0.2,0.2,0.0,0
3098208,0,+0177:+0025,France,20_to_50km,0.28778303,23,23,0.5217391304347826,0.5217391304347826,0.0,0
3098863,0,+0220:+0037,Denmark,20_to_50km,0.32679337,17,18,0.34285714285714286,0.34285714285714286,0.0,0
3105879,0,+0222:+0037,Denmark,20_to_50km,0.35044864,27,22,0.2857142857142857,0.2857142857142857,0.0,0
3105920,0,+0222:+0037,Denmark,20_to_50km,0.3530328,23,21,0.4090909090909091,0.4090909090909091,0.0,0
3106747,0,+0220:+0037,Denmark,20_to_50km,0.32416698,14,19,0.5454545454545454,0.5454545454545454,0.0,0
3108329,0,+0223:+0036,Denmark,20_to_50km,0.3088299,30,22,0.5,0.5,0.0,0
3109142,0,+0222:+0037,Denmark,20_to_50km,0.32566792,18,22,0.25,0.25,0.0,0
3110969,0,+0222:+0037,Denmark,20_to_50km,0.29735756,12,25,0.21621621621621623,0.21621621621621623,0.0,0
3111499,0,+0222:+0037,Denmark,20_to_50km,0.35136098,12,21,0.30303030303030304,0.30303030303030304,0.0,0
3112021,0,+0223:+0036,Denmark,20_to_50km,0.34544262,30,21,0.39215686274509803,0.39215686274509803,0.0,0
3112059,0,+0168:+0061,Italy,20_to_50km,0.2259236,16,19,0.2857142857142857,0.2857142857142857,0.0,0
3113714,0,+0220:+0037,Denmark,20_to_50km,0.3306446,6,20,0.3076923076923077,0.3076923076923077,0.0,0
3113934,0,+0222:+0037,Denmark,20_to_50km,0.31795004,17,19,0.3888888888888889,0.3888888888888889,0.0,0
3117929,0,+0223:+0036,Denmark,20_to_50km,0.30044213,14,20,0.35294117647058826,0.35294117647058826,0.0,0
3120684,0,+0222:+0037,Denmark,20_to_50km,0.33829552,18,24,0.19047619047619047,0.19047619047619047,0.0,0
3122504,0,+0223:+0036,Denmark,20_to_50km,0.32987416,13,21,0.4117647058823529,0.4117647058823529,0.0,0
3123870,0,+0223:+0036,Denmark,20_to_50km,0.3193176,12,25,0.4864864864864865,0.4864864864864865,0.0,0
3128901,0,+0222:+0037,Denmark,20_to_50km,0.30246574,10,20,0.2,0.2,0.0,0
3130022,0,+0223:+0036,Denmark,20_to_50km,0.2979307,6,15,0.38095238095238093,0.38095238095238093,0.0,0
3130836,0,+0223:+0036,Denmark,20_to_50km,0.31768796,15,23,0.3157894736842105,0.3157894736842105,0.0,0
3131823,0,+0220:+0038,Denmark,20_to_50km,0.35701966,11,17,0.5,0.5,0.0,0
3132695,0,+0219:+0038,Denmark,20_to_50km,0.31978852,20,19,0.5641025641025641,0.5641025641025641,0.0,0
3134237,0,+0219:+0038,Denmark,20_to_50km,0.33995786,18,15,0.18181818181818182,0.18181818181818182,0.0,0
3136844,0,+0223:+0036,Denmark,20_to_50km,0.3408766,15,19,0.35294117647058826,0.35294117647058826,0.0,0
3139539,0,+0220:+0037,Denmark,20_to_50km,0.32445794,22,20,0.38095238095238093,0.38095238095238093,0.0,0
3140501,0,+0220:+0037,Denmark,20_to_50km,0.32318717,16,19,0.5142857142857142,0.5142857142857142,0.0,0
3141607,0,+0223:+0036,Denmark,20_to_50km,0.30886894,7,15,0.09090909090909091,0.09090909090909091,0.0,0
3142080,0,+0219:+0041,Denmark,20_to_50km,0.3293113,16,16,0.25,0.25,0.0,0
3143741,0,+0223:+0036,Denmark,20_to_50km,0.32452884,25,21,0.5652173913043478,0.5652173913043478,0.0,0
3144805,0,+0219:+0038,Denmark,20_to_50km,0.31958386,12,17,0.4827586206896552,0.4827586206896552,0.0,0
3144999,0,+0222:+0037,Denmark,20_to_50km,0.33585215,16,24,0.15,0.15,0.0,0
3145598,0,+0223:+0036,Denmark,20_to_50km,0.3314149,20,21,0.3902439024390244,0.3902439024390244,0.0,0
3145802,0,+0223:+0036,Denmark,20_to_50km,0.3469335,10,19,0.5517241379310345,0.5517241379310345,0.0,0
3147052,0,+0223:+0036,Denmark,20_to_50km,0.3003951,21,24,0.4888888888888889,0.4888888888888889,0.0,0
3147228,0,+0222:+0037,Denmark,20_to_50km,0.3322775,9,22,0.1935483870967742,0.1935483870967742,0.0,0
3157936,0,+0222:+0037,Denmark,20_to_50km,0.35267606,37,19,0.42857142857142855,0.42857142857142855,0.0,0
3158880,0,+0223:+0036,Denmark,20_to_50km,0.3112967,21,25,0.34782608695652173,0.34782608695652173,0.0,0
3159238,0,+0219:+0038,Denmark,20_to_50km,0.3190378,19,19,0.47368421052631576,0.47368421052631576,0.0,0
3160213,0,+0222:+0037,Denmark,20_to_50km,0.30052897,20,22,0.5238095238095238,0.5238095238095238,0.0,0
3163798,0,+0222:+0037,Denmark,20_to_50km,0.3396884,14,21,0.17142857142857143,0.17142857142857143,0.0,0
3164023,0,+0223:+0036,Denmark,20_to_50km,0.3244731,9,22,0.25806451612903225,0.25806451612903225,0.0,0
3165753,0,+0219:+0038,Denmark,20_to_50km,0.3435219,26,19,0.08888888888888889,0.08888888888888889,0.0,0
3166539,0,+0222:+0037,Denmark,20_to_50km,0.3314151,12,24,0.3333333333333333,0.3333333333333333,0.0,0
3167633,0,+0223:+0036,Denmark,20_to_50km,0.30868468,7,15,0.18181818181818182,0.18181818181818182,0.0,0
3169262,0,+0223:+0036,Denmark,20_to_50km,0.32604757,11,20,0.3225806451612903,0.3225806451612903,0.0,0
3171541,0,+0220:+0037,Denmark,20_to_50km,0.32320002,13,18,0.3870967741935484,0.3870967741935484,0.0,0
3174038,0,+0223:+0036,Denmark,20_to_50km,0.3309869,8,20,0.5,0.5,0.0,0
3174765,0,+0222:+0037,Denmark,20_to_50km,0.296853,10,22,0.25,0.25,0.0,0
3177534,0,+0222:+0037,Denmark,20_to_50km,0.30791593,25,19,0.5454545454545454,0.5454545454545454,0.0,0
3178240,0,+0220:+0037,Denmark,20_to_50km,0.32493538,10,15,0.4,0.4,0.0,0
3180174,0,+0219:+0041,Denmark,20_to_50km,0.29323187,15,19,0.5882352941176471,0.5882352941176471,0.0,0
3183122,0,+0223:+0036,Denmark,20_to_50km,0.3120229,19,21,0.2,0.2,0.0,0
3186598,0,+0223:+0036,Denmark,20_to_50km,0.32829016,11,23,0.47058823529411764,0.47058823529411764,0.0,0
3189575,0,+0220:+0037,Denmark,20_to_50km,0.32645184,15,18,0.24242424242424243,0.24242424242424243,0.0,0
3190902,0,+0223:+0036,Denmark,20_to_50km,0.32487592,17,16,0.30303030303030304,0.30303030303030304,0.0,0
3192121,0,+0222:+0037,Denmark,20_to_50km,0.3317737,25,22,0.2978723404255319,0.2978723404255319,0.0,0
3193250,0,+0222:+0037,Denmark,20_to_50km,0.34343123,30,18,0.25,0.25,0.0,0
3196045,0,+0223:+0036,Denmark,20_to_50km,0.3289242,9,22,0.3870967741935484,0.3870967741935484,0.0,0
3198306,0,+0223:+0036,Denmark,20_to_50km,0.32721347,15,20,0.45714285714285713,0.45714285714285713,0.0,0
3201108,0,+0219:+0041,Denmark,20_to_50km,0.33298,6,20,0.3076923076923077,0.3076923076923077,0.0,0
3201471,0,+0223:+0036,Denmark,20_to_50km,0.3213296,11,22,0.30303030303030304,0.30303030303030304,0.0,0
3201607,0,+0220:+0037,Denmark,20_to_50km,0.33510464,15,22,0.43243243243243246,0.43243243243243246,0.0,0
3202538,0,+0219:+0038,Denmark,20_to_50km,0.3424165,14,17,0.3870967741935484,0.3870967741935484,0.0,0
3203365,0,+0220:+0037,Denmark,20_to_50km,0.3214914,18,15,0.42424242424242425,0.42424242424242425,0.0,0
3203552,0,+0223:+0036,Denmark,20_to_50km,0.30447444,5,22,0.2222222222222222,0.2222222222222222,0.0,0
3203968,0,+0219:+0038,Denmark,20_to_50km,0.30747086,29,21,0.24,0.24,0.0,0
3205666,0,+0223:+0036,Denmark,20_to_50km,0.33029658,22,21,0.46511627906976744,0.46511627906976744,0.0,0
3206052,0,+0223:+0036,Denmark,20_to_50km,0.324468,8,22,0.26666666666666666,0.26666666666666666,0.0,0
3207843,0,+0222:+0037,Denmark,20_to_50km,0.3412619,10,25,0.2857142857142857,0.2857142857142857,0.0,0
3209159,0,+0168:+0061,Italy,20_to_50km,0.22334154,17,17,0.4117647058823529,0.4117647058823529,0.0,0
3214242,0,+0223:+0036,Denmark,20_to_50km,0.34936225,10,19,0.3448275862068966,0.3448275862068966,0.0,0
3215365,0,+0223:+0036,Denmark,20_to_50km,0.32838047,10,21,0.3225806451612903,0.3225806451612903,0.0,0
3216479,0,+0220:+0038,Denmark,20_to_50km,0.32703763,14,15,0.41379310344827586,0.41379310344827586,0.0,0
3217713,0,+0223:+0036,Denmark,20_to_50km,0.32896775,4,15,0.3157894736842105,0.3157894736842105,0.0,0
3220533,0,+0222:+0037,Denmark,20_to_50km,0.29815093,33,25,0.4482758620689655,0.4482758620689655,0.0,0
3220933,0,+0185:+0052,Italy,20_to_50km,0.2507077,14,22,0.16666666666666666,0.16666666666666666,0.0,0
3221263,0,+0185:+0052,Italy,20_to_50km,0.22472733,59,26,0.09411764705882353,0.09411764705882353,0.0,0
3225259,0,+0220:+0038,Denmark,20_to_50km,0.35735247,14,19,0.48484848484848486,0.48484848484848486,0.0,0
3226718,0,+0220:+0037,Denmark,20_to_50km,0.32620424,18,17,0.5142857142857142,0.5142857142857142,0.0,0
3228874,0,+0223:+0036,Denmark,20_to_50km,0.32859224,15,22,0.32432432432432434,0.32432432432432434,0.0,0
3234775,0,+0179:+0027,France,20_to_50km,0.2616513,14,21,0.34285714285714286,0.34285714285714286,0.0,0
3238107,0,+0222:+0037,Denmark,20_to_50km,0.3303001,4,23,0.14814814814814814,0.14814814814814814,0.0,0
3238245,0,+0223:+0036,Denmark,20_to_50km,0.32198718,13,20,0.48484848484848486,0.48484848484848486,0.0,0
3245786,0,+0223:+0036,Denmark,20_to_50km,0.35018593,19,19,0.3157894736842105,0.3157894736842105,0.0,0
3248429,0,+0222:+0037,Denmark,20_to_50km,0.30660766,25,18,0.18604651162790697,0.18604651162790697,0.0,0
3248778,0,+0222:+0037,Denmark,20_to_50km,0.30132157,18,19,0.5405405405405406,0.5405405405405406,0.0,0
3249982,0,+0220:+0037,Denmark,20_to_50km,0.32688153,17,19,0.3888888888888889,0.3888888888888889,0.0,0
3254470,0,+0223:+0036,Denmark,20_to_50km,0.32919273,21,21,0.38095238095238093,0.38095238095238093,0.0,0
3256930,0,+0222:+0037,Denmark,20_to_50km,0.35176393,14,16,0.6666666666666666,0.6666666666666666,0.0,0
3258605,0,+0222:+0037,Denmark,20_to_50km,0.33900118,20,24,0.4090909090909091,0.4090909090909091,0.0,0
3262634,0,+0222:+0037,Denmark,20_to_50km,0.3480333,21,22,0.4186046511627907,0.4186046511627907,0.0,0
3264993,0,+0223:+0036,Denmark,20_to_50km,0.32786852,21,21,0.3333333333333333,0.3333333333333333,0.0,0
3267576,0,+0222:+0037,Denmark,20_to_50km,0.3071533,13,25,0.3684210526315789,0.3684210526315789,0.0,0
3269003,0,+0222:+0037,Denmark,20_to_50km,0.2991522,28,20,0.4166666666666667,0.4166666666666667,0.0,0
3269866,0,+0223:+0036,Denmark,20_to_50km,0.30387878,12,23,0.22857142857142856,0.22857142857142856,0.0,0
3270979,0,+0222:+0037,Denmark,20_to_50km,0.3269672,21,22,0.46511627906976744,0.46511627906976744,0.0,0
3273417,0,+0222:+0037,Denmark,20_to_50km,0.35469797,11,18,0.41379310344827586,0.41379310344827586,0.0,0
3278599,0,+0223:+0036,Denmark,20_to_50km,0.33914405,9,21,0.13333333333333333,0.13333333333333333,0.0,0
3278862,0,+0220:+0037,Denmark,20_to_50km,0.32612416,23,18,0.4878048780487805,0.4878048780487805,0.0,0
3282805,0,+0219:+0038,Denmark,20_to_50km,0.31912327,15,18,0.48484848484848486,0.48484848484848486,0.0,0
3283805,0,+0223:+0036,Denmark,20_to_50km,0.32277513,19,22,0.5365853658536586,0.5365853658536586,0.0,0
3286309,0,+0223:+0036,Denmark,20_to_50km,0.35163498,20,21,0.34146341463414637,0.34146341463414637,0.0,0
3288001,0,+0220:+0038,Denmark,20_to_50km,0.32218787,11,20,0.45161290322580644,0.45161290322580644,0.0,0
3289287,0,+0168:+0061,Italy,20_to_50km,0.2245296,41,20,0.32786885245901637,0.32786885245901637,0.0,0
3290890,0,+0220:+0037,Denmark,20_to_50km,0.32528713,13,19,0.1875,0.1875,0.0,0
3291729,0,+0220:+0037,Denmark,20_to_50km,0.342652,12,22,0.23529411764705882,0.23529411764705882,0.0,0
3293672,0,+0177:-0004,France,20_to_50km,0.23768239,8,14,0.6363636363636364,0.6363636363636364,0.0,0
3295382,0,+0220:+0038,Denmark,20_to_50km,0.33788544,23,16,0.20512820512820512,0.20512820512820512,0.0,0
3301018,0,+0222:+0037,Denmark,20_to_50km,0.29964432,3,17,0.0,0.0,0.0,0
3304843,0,+0223:+0036,Denmark,20_to_50km,0.30254775,15,19,0.35294117647058826,0.35294117647058826,0.0,0
3307227,0,+0223:+0036,Denmark,20_to_50km,0.31183425,19,22,0.34146341463414637,0.34146341463414637,0.0,0
3309300,0,+0220:+0037,Denmark,20_to_50km,0.33386576,14,18,0.375,0.375,0.0,0
3312809,0,+0223:+0036,Denmark,20_to_50km,0.30053845,22,22,0.2727272727272727,0.2727272727272727,0.0,0
3314773,0,+0223:+0036,Denmark,20_to_50km,0.35291457,14,16,0.6,0.6,0.0,0
3318369,0,+0219:+0038,Denmark,20_to_50km,0.3470311,12,17,0.27586206896551724,0.27586206896551724,0.0,0
3321736,0,+0222:+0037,Denmark,20_to_50km,0.35061756,25,17,0.2857142857142857,0.2857142857142857,0.0,0
3322073,0,+0219:+0038,Denmark,20_to_50km,0.31097403,12,16,0.5714285714285714,0.5714285714285714,0.0,0
3322126,0,+0223:+0036,Denmark,20_to_50km,0.33732957,19,23,0.5714285714285714,0.5714285714285714,0.0,0
3322529,0,+0222:+0037,Denmark,20_to_50km,0.34763676,11,19,0.26666666666666666,0.26666666666666666,0.0,0
3324605,0,+0219:+0038,Denmark,20_to_50km,0.3446015,1,20,0.09523809523809523,0.09523809523809523,0.0,0
3328140,0,+0220:+0037,Denmark,20_to_50km,0.32873932,14,19,0.48484848484848486,0.48484848484848486,0.0,0
3329356,0,+0220:+0037,Denmark,20_to_50km,0.3283096,15,19,0.29411764705882354,0.29411764705882354,0.0,0
3330133,0,+0220:+0038,Denmark,20_to_50km,0.35275605,19,18,0.5945945945945946,0.5945945945945946,0.0,0
3330823,0,+0220:+0037,Denmark,20_to_50km,0.32163996,9,18,0.2962962962962963,0.2962962962962963,0.0,0
3333003,0,+0219:+0038,Denmark,20_to_50km,0.31937876,20,19,0.46153846153846156,0.46153846153846156,0.0,0
3336464,0,+0168:+0061,Italy,20_to_50km,0.22577818,10,17,0.5185185185185185,0.5185185185185185,0.0,0
3340303,0,+0222:+0037,Denmark,20_to_50km,0.34999043,15,20,0.22857142857142856,0.22857142857142856,0.0,0
3342721,0,+0219:+0038,Denmark,20_to_50km,0.3434685,10,19,0.20689655172413793,0.20689655172413793,0.0,0
3344473,0,+0219:+0038,Denmark,20_to_50km,0.34205288,37,19,0.39285714285714285,0.39285714285714285,0.0,0
3345974,0,+0222:+0037,Denmark,20_to_50km,0.3281252,10,21,0.06451612903225806,0.06451612903225806,0.0,0
3346615,0,+0223:+0036,Denmark,20_to_50km,0.29954338,7,17,0.3333333333333333,0.3333333333333333,0.0,0
3348191,0,+0222:+0037,Denmark,20_to_50km,0.3180407,22,22,0.36363636363636365,0.36363636363636365,0.0,0
3349643,0,+0223:+0036,Denmark,20_to_50km,0.32434845,6,20,0.0,0.0,0.0,0
3352903,0,+0223:+0036,Denmark,20_to_50km,0.30278432,31,21,0.38461538461538464,0.38461538461538464,0.0,0
3354160,0,+0223:+0036,Denmark,20_to_50km,0.3088362,6,14,0.3,0.3,0.0,0
3356285,0,+0223:+0036,Denmark,20_to_50km,0.3205648,11,21,0.25,0.25,0.0,0
3356998,0,+0220:+0037,Denmark,20_to_50km,0.32758656,16,18,0.4117647058823529,0.4117647058823529,0.0,0
3358835,0,+0219:+0038,Denmark,20_to_50km,0.31637824,10,16,0.38461538461538464,0.38461538461538464,0.0,0
3359554,0,+0220:+0038,Denmark,20_to_50km,0.35406202,23,19,0.3333333333333333,0.3333333333333333,0.0,0
3365621,0,+0177:+0025,France,20_to_50km,0.27161127,10,26,0.5,0.5,0.0,0
3366033,0,+0223:+0036,Denmark,20_to_50km,0.325851,10,22,0.25,0.25,0.0,0
3366710,0,+0219:+0038,Denmark,20_to_50km,0.34571522,21,18,0.2564102564102564,0.2564102564102564,0.0,0
3368312,0,+0219:+0038,Denmark,20_to_50km,0.31694034,18,17,0.2857142857142857,0.2857142857142857,0.0,0
3370567,0,+0168:+0061,Italy,20_to_50km,0.22630706,14,18,0.4375,0.4375,0.0,0
3371829,0,+0222:+0037,Denmark,20_to_50km,0.307345,15,21,0.3333333333333333,0.3333333333333333,0.0,0
3372025,0,+0172:+0003,France,20_to_50km,0.26045868,26,21,0.6808510638297872,0.6808510638297872,0.0,0
3374009,0,+0220:+0038,Denmark,20_to_50km,0.35728347,16,18,0.47058823529411764,0.47058823529411764,0.0,0
3380459,0,+0220:+0038,Denmark,20_to_50km,0.32954422,3,20,0.08695652173913043,0.08695652173913043,0.0,0
3381648,0,+0220:+0037,Denmark,20_to_50km,0.3300559,14,26,0.25,0.25,0.0,0
3387058,0,+0223:+0036,Denmark,20_to_50km,0.32083687,6,20,0.15384615384615385,0.15384615384615385,0.0,0
3387891,0,+0220:+0038,Denmark,20_to_50km,0.35260817,11,19,0.3333333333333333,0.3333333333333333,0.0,0
3389909,0,+0222:+0037,Denmark,20_to_50km,0.34810507,5,20,0.4,0.4,0.0,0
3391988,0,+0220:+0038,Denmark,20_to_50km,0.32288313,6,19,0.0,0.0,0.0,0
3393709,0,+0223:+0036,Denmark,20_to_50km,0.334246,12,19,0.5806451612903226,0.5806451612903226,0.0,0
3396507,0,+0220:+0037,Denmark,20_to_50km,0.33520207,19,15,0.47058823529411764,0.47058823529411764,0.0,0
3397616,0,+0223:+0036,Denmark,20_to_50km,0.3239543,24,23,0.1702127659574468,0.1702127659574468,0.0,0
3403225,0,+0223:+0036,Denmark,20_to_50km,0.33334932,16,22,0.42105263157894735,0.42105263157894735,0.0,0
3403859,0,+0222:+0037,Denmark,20_to_50km,0.33588824,20,22,0.5714285714285714,0.5714285714285714,0.0,0
3404039,0,+0168:+0061,Italy,20_to_50km,0.22331539,13,18,0.3870967741935484,0.3870967741935484,0.0,0
3407556,0,+0220:+0037,Denmark,20_to_50km,0.3247904,13,17,0.3333333333333333,0.3333333333333333,0.0,0
3412804,0,+0223:+0036,Denmark,20_to_50km,0.33034217,15,23,0.3157894736842105,0.3157894736842105,0.0,0
3417243,0,+0220:+0038,Denmark,20_to_50km,0.35225824,8,17,0.56,0.56,0.0,0
3418111,0,+0222:+0037,Denmark,20_to_50km,0.29511976,6,23,0.27586206896551724,0.27586206896551724,0.0,0
3419068,0,+0222:+0037,Denmark,20_to_50km,0.35102037,13,19,0.5,0.5,0.0,0
3419689,0,+0222:+0037,Denmark,20_to_50km,0.3502687,14,26,0.25,0.25,0.0,0
3420211,0,+0220:+0038,Denmark,20_to_50km,0.3531361,15,17,0.5,0.5,0.0,0
3420597,0,+0220:+0037,Denmark,20_to_50km,0.3287464,16,18,0.5882352941176471,0.5882352941176471,0.0,0
3428591,0,+0222:+0037,Denmark,20_to_50km,0.30947813,30,21,0.5882352941176471,0.5882352941176471,0.0,0
3429165,0,+0220:+0038,Denmark,20_to_50km,0.34089544,15,20,0.45714285714285713,0.45714285714285713,0.0,0
3429466,0,+0222:+0037,Denmark,20_to_50km,0.333571,26,22,0.5416666666666666,0.5416666666666666,0.0,0
3431943,0,+0223:+0036,Denmark,20_to_50km,0.33073625,21,22,0.37209302325581395,0.37209302325581395,0.0,0
3432380,0,+0223:+0036,Denmark,20_to_50km,0.3295841,9,18,0.5185185185185185,0.5185185185185185,0.0,0
3432782,0,+0220:+0037,Denmark,20_to_50km,0.33015874,11,17,0.42857142857142855,0.42857142857142855,0.0,0
3440000,0,+0219:+0038,Denmark,20_to_50km,0.34627205,21,18,0.20512820512820512,0.20512820512820512,0.0,0
3440741,0,+0219:+0038,Denmark,20_to_50km,0.312627,15,19,0.4117647058823529,0.4117647058823529,0.0,0
3441284,0,+0220:+0037,Denmark,20_to_50km,0.3279048,12,18,0.4,0.4,0.0,0
3441546,0,+0168:+0061,Italy,20_to_50km,0.2232954,12,18,0.2,0.2,0.0,0
3443009,0,+0223:+0036,Denmark,20_to_50km,0.3081671,15,22,0.21621621621621623,0.21621621621621623,0.0,0
3450590,0,+0223:+0036,Denmark,20_to_50km,0.32960814,24,22,0.17391304347826086,0.17391304347826086,0.0,0
3451558,0,+0220:+0038,Denmark,20_to_50km,0.33148804,19,21,0.55,0.55,0.0,0
3454401,0,+0220:+0037,Denmark,20_to_50km,0.31202346,8,19,0.14814814814814814,0.14814814814814814,0.0,0
3456982,0,+0222:+0037,Denmark,20_to_50km,0.30233142,15,22,0.32432432432432434,0.32432432432432434,0.0,0
3458481,0,+0223:+0036,Denmark,20_to_50km,0.30901098,11,16,0.6666666666666666,0.6666666666666666,0.0,0
3459701,0,+0219:+0038,Denmark,20_to_50km,0.31006894,18,17,0.4,0.4,0.0,0
3459893,0,+0223:+0036,Denmark,20_to_50km,0.29760668,8,16,0.3333333333333333,0.3333333333333333,0.0,0
3459920,0,+0168:+0061,Italy,20_to_50km,0.22655216,13,17,0.0,0.0,0.0,0
3460726,0,+0219:+0038,Denmark,20_to_50km,0.34468308,12,19,0.1935483870967742,0.1935483870967742,0.0,0
3463079,0,+0223:+0036,Denmark,20_to_50km,0.3315065,8,17,0.48,0.48,0.0,0
3463176,0,+0223:+0036,Denmark,20_to_50km,0.30984828,14,18,0.1875,0.1875,0.0,0
3463791,0,+0222:+0037,Denmark,20_to_50km,0.34846205,9,20,0.41379310344827586,0.41379310344827586,0.0,0
3466029,0,+0220:+0037,Denmark,20_to_50km,0.32723615,14,19,0.5454545454545454,0.5454545454545454,0.0,0
3466656,0,+0168:+0061,Italy,20_to_50km,0.22389169,9,21,0.3333333333333333,0.3333333333333333,0.0,0
3468118,0,+0223:+0036,Denmark,20_to_50km,0.3118104,23,17,0.15,0.15,0.0,0
3468978,0,+0193:+0011,France,20_to_50km,0.30300713,21,20,0.3902439024390244,0.3902439024390244,0.0,0
3472464,0,+0223:+0036,Denmark,20_to_50km,0.3367055,10,20,0.2,0.2,0.0,0
3473775,0,+0223:+0036,Denmark,20_to_50km,0.32825807,9,17,0.3076923076923077,0.3076923076923077,0.0,0
3474011,0,+0222:+0037,Denmark,20_to_50km,0.33098355,15,22,0.4864864864864865,0.4864864864864865,0.0,0
3475091,0,+0223:+0036,Denmark,20_to_50km,0.3099967,4,17,0.19047619047619047,0.19047619047619047,0.0,0
3475131,0,+0220:+0037,Denmark,20_to_50km,0.33105013,16,21,0.3783783783783784,0.3783783783783784,0.0,0
3477986,0,+0168:+0061,Italy,20_to_50km,0.22506712,10,20,0.4666666666666667,0.4666666666666667,0.0,0
3481105,0,+0219:+0038,Denmark,20_to_50km,0.31884858,22,16,0.47368421052631576,0.47368421052631576,0.0,0
3484103,0,+0222:+0037,Denmark,20_to_50km,0.3257692,13,22,0.34285714285714286,0.34285714285714286,0.0,0
3486258,0,+0219:+0038,Denmark,20_to_50km,0.31976208,18,16,0.17647058823529413,0.17647058823529413,0.0,0
3489058,0,+0222:+0037,Denmark,20_to_50km,0.32897922,7,22,0.0,0.0,0.0,0
3490734,0,+0223:+0036,Denmark,20_to_50km,0.32952234,7,15,0.45454545454545453,0.45454545454545453,0.0,0
3491641,0,+0222:+0037,Denmark,20_to_50km,0.3513277,18,26,0.36363636363636365,0.36363636363636365,0.0,0
3496041,0,+0222:+0037,Denmark,20_to_50km,0.35054582,23,22,0.5777777777777777,0.5777777777777777,0.0,0
3500647,0,+0184:+0053,Italy,20_to_50km,0.26920924,56,26,0.34146341463414637,0.34146341463414637,0.0,0
3501154,0,+0223:+0036,Denmark,20_to_50km,0.32769498,10,20,0.06666666666666667,0.06666666666666667,0.0,0
3502376,0,+0220:+0037,Denmark,20_to_50km,0.32010737,20,21,0.3902439024390244,0.3902439024390244,0.0,0
3503336,0,+0220:+0037,Denmark,20_to_50km,0.32623214,17,21,0.42105263157894735,0.42105263157894735,0.0,0
3508987,0,+0223:+0036,Denmark,20_to_50km,0.3050108,12,20,0.3125,0.3125,0.0,0
3510839,0,+0205:+0040,Germany,20_to_50km,0.45959905,28,36,0.21875,0.21875,0.0,0
3521076,0,+0222:+0037,Denmark,20_to_50km,0.3393457,16,18,0.4117647058823529,0.4117647058823529,0.0,0
3521611,0,+0223:+0036,Denmark,20_to_50km,0.3213061,8,19,0.2962962962962963,0.2962962962962963,0.0,0
3526025,0,+0223:+0036,Denmark,20_to_50km,0.3250016,27,19,0.30434782608695654,0.30434782608695654,0.0,0
3527118,0,+0223:+0036,Denmark,20_to_50km,0.3257673,27,22,0.4489795918367347,0.4489795918367347,0.0,0
3527485,0,+0222:+0037,Denmark,20_to_50km,0.29380608,12,23,0.5142857142857142,0.5142857142857142,0.0,0
3529751,0,+0220:+0038,Denmark,20_to_50km,0.33059245,1,17,0.0,0.0,0.0,0
3530691,0,+0219:+0038,Denmark,20_to_50km,0.348193,19,17,0.3888888888888889,0.3888888888888889,0.0,0
3531323,0,+0222:+0037,Denmark,20_to_50km,0.30509353,29,21,0.32,0.32,0.0,0
3533984,0,+0222:+0037,Denmark,20_to_50km,0.35071507,21,21,0.38095238095238093,0.38095238095238093,0.0,0
3536012,0,+0222:+0037,Denmark,20_to_50km,0.35062712,33,23,0.5,0.5,0.0,0
3537071,0,+0223:+0036,Denmark,20_to_50km,0.30796674,19,17,0.3888888888888889,0.3888888888888889,0.0,0
3537463,0,+0220:+0037,Denmark,20_to_50km,0.33541566,20,19,0.358974358974359,0.358974358974359,0.0,0
3538773,0,+0220:+0037,Denmark,20_to_50km,0.3491016,10,18,0.2857142857142857,0.2857142857142857,0.0,0
3539046,0,+0168:+0061,Italy,20_to_50km,0.22628155,7,19,0.38461538461538464,0.38461538461538464,0.0,0
3539279,0,+0167:+0098,Bulgaria,20_to_50km,0.39865527,57,25,0.12195121951219512,0.12195121951219512,0.0,0
3544136,0,+0223:+0036,Denmark,20_to_50km,0.32630727,13,21,0.47058823529411764,0.47058823529411764,0.0,0
3547767,0,+0222:+0037,Denmark,20_to_50km,0.34413773,12,21,0.18181818181818182,0.18181818181818182,0.0,0
3547881,0,+0223:+0036,Denmark,20_to_50km,0.32532582,12,19,0.3225806451612903,0.3225806451612903,0.0,0
3548194,0,+0223:+0036,Denmark,20_to_50km,0.3177951,23,22,0.4,0.4,0.0,0
3550562,0,+0223:+0036,Denmark,20_to_50km,0.31294066,7,15,0.5454545454545454,0.5454545454545454,0.0,0
3554810,0,+0222:+0037,Denmark,20_to_50km,0.3443051,20,21,0.5365853658536586,0.5365853658536586,0.0,0
3555384,0,+0220:+0038,Denmark,20_to_50km,0.35781178,17,16,0.06060606060606061,0.06060606060606061,0.0,0
3557598,0,+0219:+0041,Denmark,20_to_50km,0.3288114,8,19,0.0,0.0,0.0,0
3558374,0,+0220:+0037,Denmark,20_to_50km,0.32399133,12,19,0.3870967741935484,0.3870967741935484,0.0,0
3559012,0,+0220:+0037,Denmark,20_to_50km,0.3289909,11,18,0.20689655172413793,0.20689655172413793,0.0,0
3564284,0,+0223:+0036,Denmark,20_to_50km,0.33441105,16,22,0.5789473684210527,0.5789473684210527,0.0,0
3565435,0,+0220:+0038,Denmark,20_to_50km,0.3555137,4,12,0.125,0.125,0.0,0
3567018,0,+0168:+0061,Italy,20_to_50km,0.22737177,3,18,0.0,0.0,0.0,0
3567324,0,+0168:+0061,Italy,20_to_50km,0.22542757,16,19,0.45714285714285713,0.45714285714285713,0.0,0
3567605,0,+0223:+0036,Denmark,20_to_50km,0.31553078,14,22,0.5,0.5,0.0,0
3567891,0,+0223:+0036,Denmark,20_to_50km,0.31062123,32,20,0.46153846153846156,0.46153846153846156,0.0,0
3568441,0,+0223:+0036,Denmark,20_to_50km,0.30963776,17,18,0.17142857142857143,0.17142857142857143,0.0,0
3569688,0,+0222:+0037,Denmark,20_to_50km,0.30949694,20,19,0.358974358974359,0.358974358974359,0.0,0
3569725,0,+0223:+0036,Denmark,20_to_50km,0.32630062,15,20,0.6285714285714286,0.6285714285714286,0.0,0
3570616,0,+0223:+0036,Denmark,20_to_50km,0.3200776,10,17,0.37037037037037035,0.37037037037037035,0.0,0
3574286,0,+0179:+0027,France,20_to_50km,0.2940179,13,24,0.10810810810810811,0.10810810810810811,0.0,0
3576242,0,+0223:+0036,Denmark,20_to_50km,0.31567463,10,22,0.375,0.375,0.0,0
3592868,0,+0174:+0001,France,20_to_50km,0.26627758,12,23,0.45714285714285713,0.45714285714285713,0.0,0
3593825,0,+0168:+0061,Italy,20_to_50km,0.22579661,10,19,0.3448275862068966,0.3448275862068966,0.0,0
3594001,0,+0222:+0037,Denmark,20_to_50km,0.3501821,8,21,0.41379310344827586,0.41379310344827586,0.0,0
3597339,0,+0220:+0038,Denmark,20_to_50km,0.33127567,13,20,0.24242424242424243,0.24242424242424243,0.0,0
3598295,0,+0219:+0041,Denmark,20_to_50km,0.32978243,16,16,0.4375,0.4375,0.0,0
3599724,0,+0220:+0037,Denmark,20_to_50km,0.3422381,13,20,0.36363636363636365,0.36363636363636365,0.0,0
3602617,0,+0223:+0036,Denmark,20_to_50km,0.31751424,15,20,0.7428571428571429,0.7428571428571429,0.0,0
3603977,0,+0177:-0004,France,20_to_50km,0.19474187,9,17,0.38461538461538464,0.38461538461538464,0.0,0
3605299,0,+0220:+0037,Denmark,20_to_50km,0.3231067,18,17,0.5714285714285714,0.5714285714285714,0.0,0
3606084,0,+0222:+0037,Denmark,20_to_50km,0.32470965,18,22,0.15,0.15,0.0,0
3612857,0,+0223:+0036,Denmark,20_to_50km,0.3277608,17,22,0.358974358974359,0.358974358974359,0.0,0
3613689,0,+0220:+0037,Denmark,20_to_50km,0.32810566,24,16,0.3,0.3,0.0,0
3613730,0,+0220:+0037,Denmark,20_to_50km,0.3295648,15,19,0.5294117647058824,0.5294117647058824,0.0,0
3615704,0,+0222:+0037,Denmark,20_to_50km,0.35554028,21,21,0.19047619047619047,0.19047619047619047,0.0,0
3618745,0,+0220:+0037,Denmark,20_to_50km,0.32833123,23,17,0.4,0.4,0.0,0
3619840,0,+0222:+0037,Denmark,20_to_50km,0.3454398,21,21,0.5238095238095238,0.5238095238095238,0.0,0
3620867,0,+0220:+0037,Denmark,20_to_50km,0.32486713,11,18,0.20689655172413793,0.20689655172413793,0.0,0
3621907,0,+0222:+0037,Denmark,20_to_50km,0.30250952,16,22,0.5789473684210527,0.5789473684210527,0.0,0
3622082,0,+0220:+0038,Denmark,20_to_50km,0.35094643,16,19,0.5142857142857142,0.5142857142857142,0.0,0
3622512,0,+0168:+0061,Italy,20_to_50km,0.2246033,18,18,0.5,0.5,0.0,0
3624960,0,+0220:+0037,Denmark,20_to_50km,0.32633513,15,16,0.45161290322580644,0.45161290322580644,0.0,0
3627084,0,+0223:+0036,Denmark,20_to_50km,0.33008972,9,17,0.38461538461538464,0.38461538461538464,0.0,0
3627386,0,+0220:+0038,Denmark,20_to_50km,0.35665092,26,19,0.4888888888888889,0.4888888888888889,0.0,0
3628853,0,+0220:+0038,Denmark,20_to_50km,0.3316615,23,19,0.3333333333333333,0.3333333333333333,0.0,0
3632393,0,+0219:+0038,Denmark,20_to_50km,0.30992168,12,18,0.4,0.4,0.0,0
3635133,0,+0219:+0041,Denmark,20_to_50km,0.34803265,8,20,0.2857142857142857,0.2857142857142857,0.0,0
3635224,0,+0223:+0036,Denmark,20_to_50km,0.30007318,26,23,0.4489795918367347,0.4489795918367347,0.0,0
3636821,0,+0220:+0038,Denmark,20_to_50km,0.3575204,15,21,0.3888888888888889,0.3888888888888889,0.0,0
3637061,0,+0222:+0037,Denmark,20_to_50km,0.29921973,19,18,0.3783783783783784,0.3783783783783784,0.0,0
3641717,0,+0219:+0038,Denmark,20_to_50km,0.31033796,9,17,0.46153846153846156,0.46153846153846156,0.0,0
3642376,0,+0223:+0036,Denmark,20_to_50km,0.32749742,18,22,0.35,0.35,0.0,0
3642999,0,+0172:+0003,France,20_to_50km,0.28141242,38,22,0.5,0.5,0.0,0
3644501,0,+0178:+0003,France,20_to_50km,0.3571064,17,23,0.65,0.65,0.0,0
3645020,0,+0222:+0037,Denmark,20_to_50km,0.34838605,26,21,0.46808510638297873,0.46808510638297873,0.0,0
3645332,0,+0223:+0036,Denmark,20_to_50km,0.30307463,14,21,0.6285714285714286,0.6285714285714286,0.0,0
3645802,0,+0222:+0037,Denmark,20_to_50km,0.29780337,33,26,0.2033898305084746,0.2033898305084746,0.0,0
3646150,0,+0223:+0036,Denmark,20_to_50km,0.315836,23,21,0.3181818181818182,0.3181818181818182,0.0,0
3648099,0,+0220:+0037,Denmark,20_to_50km,0.3495767,13,18,0.3870967741935484,0.3870967741935484,0.0,0
3648593,0,+0222:+0037,Denmark,20_to_50km,0.3273214,19,25,0.3181818181818182,0.3181818181818182,0.0,0
3649494,0,+0222:+0037,Denmark,20_to_50km,0.35527012,16,21,0.4864864864864865,0.4864864864864865,0.0,0
3650289,0,+0223:+0036,Denmark,20_to_50km,0.31152773,8,25,0.30303030303030304,0.30303030303030304,0.0,0
3653349,0,+0222:+0037,Denmark,20_to_50km,0.30852565,15,17,0.25,0.25,0.0,0
3660503,0,+0222:+0037,Denmark,20_to_50km,0.30933926,18,19,0.4864864864864865,0.4864864864864865,0.0,0
3661904,0,+0205:+0040,Germany,20_to_50km,0.45987228,46,37,0.5301204819277109,0.5301204819277109,0.0,0
3664814,0,+0223:+0036,Denmark,20_to_50km,0.30424136,7,19,0.3076923076923077,0.3076923076923077,0.0,0
3666833,0,+0223:+0036,Denmark,20_to_50km,0.30471516,11,20,0.45161290322580644,0.45161290322580644,0.0,0
3667698,0,+0185:+0052,Italy,20_to_50km,0.25066513,16,23,0.3076923076923077,0.3076923076923077,0.0,0
3670024,0,+0223:+0036,Denmark,20_to_50km,0.33376178,10,18,0.5714285714285714,0.5714285714285714,0.0,0
3672178,0,+0222:+0037,Denmark,20_to_50km,0.34359828,21,22,0.32558139534883723,0.32558139534883723,0.0,0
3675774,0,+0168:+0061,Italy,20_to_50km,0.2238671,5,15,0.0,0.0,0.0,0
3676448,0,+0222:+0037,Denmark,20_to_50km,0.3417996,18,22,0.3,0.3,0.0,0
3679685,0,+0222:+0037,Denmark,20_to_50km,0.34320235,18,21,0.20512820512820512,0.20512820512820512,0.0,0
3682656,0,+0168:+0061,Italy,20_to_50km,0.22381447,14,18,0.25,0.25,0.0,0
3687667,0,+0223:+0036,Denmark,20_to_50km,0.3252958,12,21,0.24242424242424243,0.24242424242424243,0.0,0
3690755,0,+0222:+0037,Denmark,20_to_50km,0.2993177,3,23,0.15384615384615385,0.15384615384615385,0.0,0
3690773,0,+0219:+0038,Denmark,20_to_50km,0.3102374,19,20,0.46153846153846156,0.46153846153846156,0.0,0
3691038,0,+0223:+0036,Denmark,20_to_50km,0.30550325,20,22,0.6190476190476191,0.6190476190476191,0.0,0
3692086,0,+0223:+0036,Denmark,20_to_50km,0.32374886,14,20,0.4117647058823529,0.4117647058823529,0.0,0
3692515,0,+0223:+0036,Denmark,20_to_50km,0.35609627,21,26,0.5106382978723404,0.5106382978723404,0.0,0
3695100,0,+0220:+0037,Denmark,20_to_50km,0.32718816,23,17,0.5,0.5,0.0,0
3700247,0,+0223:+0036,Denmark,20_to_50km,0.32662737,15,21,0.16666666666666666,0.16666666666666666,0.0,0
3705256,0,+0222:+0037,Denmark,20_to_50km,0.30546615,15,21,0.4444444444444444,0.4444444444444444,0.0,0
3705563,0,+0222:+0037,Denmark,20_to_50km,0.3478667,23,22,0.4888888888888889,0.4888888888888889,0.0,0
3706522,0,+0220:+0037,Denmark,20_to_50km,0.33058938,16,20,0.5,0.5,0.0,0
3708985,0,+0223:+0036,Denmark,20_to_50km,0.31418625,11,21,0.4375,0.4375,0.0,0
3711618,0,+0222:+0037,Denmark,20_to_50km,0.33250138,10,22,0.0625,0.0625,0.0,0
3712122,0,+0223:+0036,Denmark,20_to_50km,0.34099624,26,23,0.3673469387755102,0.3673469387755102,0.0,0
3713640,0,+0168:+0061,Italy,20_to_50km,0.22613135,7,17,0.16666666666666666,0.16666666666666666,0.0,0
3713707,0,+0193:+0011,France,20_to_50km,0.30251142,8,21,0.27586206896551724,0.27586206896551724,0.0,0
3717204,0,+0219:+0038,Denmark,20_to_50km,0.3048081,16,17,0.36363636363636365,0.36363636363636365,0.0,0
3718715,0,+0222:+0037,Denmark,20_to_50km,0.31144997,22,22,0.5,0.5,0.0,0
3720286,0,+0222:+0037,Denmark,20_to_50km,0.3091624,20,22,0.47619047619047616,0.47619047619047616,0.0,0
3722369,0,+0220:+0038,Denmark,20_to_50km,0.3370685,27,15,0.5714285714285714,0.5714285714285714,0.0,0
3723396,0,+0223:+0036,Denmark,20_to_50km,0.32485962,10,20,0.2,0.2,0.0,0
3724883,0,+0222:+0037,Denmark,20_to_50km,0.34032723,27,24,0.23529411764705882,0.23529411764705882,0.0,0
3725260,0,+0223:+0036,Denmark,20_to_50km,0.30309623,12,20,0.4375,0.4375,0.0,0
3726721,0,+0222:+0037,Denmark,20_to_50km,0.34653372,10,21,0.3870967741935484,0.3870967741935484,0.0,0
3727981,0,+0223:+0036,Denmark,20_to_50km,0.3311383,5,14,0.42105263157894735,0.42105263157894735,0.0,0
3729041,0,+0220:+0038,Denmark,20_to_50km,0.35208133,7,20,0.2962962962962963,0.2962962962962963,0.0,0
3731318,0,+0222:+0037,Denmark,20_to_50km,0.31610316,19,25,0.3181818181818182,0.3181818181818182,0.0,0
3732649,0,+0220:+0038,Denmark,20_to_50km,0.32896867,31,16,0.2978723404255319,0.2978723404255319,0.0,0
3733393,0,+0220:+0037,Denmark,20_to_50km,0.33115637,13,19,0.5,0.5,0.0,0
3736399,0,+0223:+0036,Denmark,20_to_50km,0.32877064,11,17,0.42857142857142855,0.42857142857142855,0.0,0
3737288,0,+0223:+0036,Denmark,20_to_50km,0.30607396,5,19,0.16666666666666666,0.16666666666666666,0.0,0
3740690,0,+0168:+0061,Italy,20_to_50km,0.22403327,8,18,0.23076923076923078,0.23076923076923078,0.0,0
3742192,0,+0223:+0036,Denmark,20_to_50km,0.31931302,18,22,0.4,0.4,0.0,0
3742731,0,+0222:+0037,Denmark,20_to_50km,0.339775,25,25,0.56,0.56,0.0,0
3742764,0,+0172:+0003,France,20_to_50km,0.2502326,26,25,0.5490196078431373,0.5490196078431373,0.0,0
3749898,0,+0223:+0036,Denmark,20_to_50km,0.30670995,4,19,0.17391304347826086,0.17391304347826086,0.0,0
3754964,0,+0168:+0061,Italy,20_to_50km,0.22300309,14,17,0.1935483870967742,0.1935483870967742,0.0,0
3756226,0,+0223:+0036,Denmark,20_to_50km,0.30441025,12,20,0.4375,0.4375,0.0,0
3757335,0,+0223:+0036,Denmark,20_to_50km,0.30731556,17,21,0.5263157894736842,0.5263157894736842,0.0,0
3759769,0,+0219:+0041,Denmark,20_to_50km,0.3301884,13,16,0.3448275862068966,0.3448275862068966,0.0,0
3761451,0,+0220:+0037,Denmark,20_to_50km,0.32725558,15,16,0.5161290322580645,0.5161290322580645,0.0,0
3762189,0,+0220:+0037,Denmark,20_to_50km,0.32885104,16,18,0.4117647058823529,0.4117647058823529,0.0,0
3762704,0,+0222:+0037,Denmark,20_to_50km,0.3545811,16,19,0.6285714285714286,0.6285714285714286,0.0,0
3762983,0,+0222:+0037,Denmark,20_to_50km,0.29857606,8,20,0.2857142857142857,0.2857142857142857,0.0,0
3766890,0,+0222:+0037,Denmark,20_to_50km,0.30180782,38,25,0.47619047619047616,0.47619047619047616,0.0,0
3771144,0,+0223:+0036,Denmark,20_to_50km,0.3080465,7,21,0.07142857142857142,0.07142857142857142,0.0,0
3774337,0,+0222:+0037,Denmark,20_to_50km,0.29698867,14,22,0.16666666666666666,0.16666666666666666,0.0,0
3774769,0,+0222:+0037,Denmark,20_to_50km,0.31092757,26,22,0.4583333333333333,0.4583333333333333,0.0,0
3774834,0,+0222:+0037,Denmark,20_to_50km,0.3344425,11,23,0.17647058823529413,0.17647058823529413,0.0,0
3784878,0,+0222:+0037,Denmark,20_to_50km,0.3080761,13,22,0.17142857142857143,0.17142857142857143,0.0,0
3789031,0,+0220:+0038,Denmark,20_to_50km,0.35218173,12,19,0.5161290322580645,0.5161290322580645,0.0,0
3790338,0,+0222:+0037,Denmark,20_to_50km,0.3434782,14,23,0.2702702702702703,0.2702702702702703,0.0,0
3790411,0,+0223:+0036,Denmark,20_to_50km,0.3289642,9,22,0.25806451612903225,0.25806451612903225,0.0,0
3790929,0,+0219:+0038,Denmark,20_to_50km,0.32082254,18,19,0.2702702702702703,0.2702702702702703,0.0,0
3792195,0,+0205:+0040,Germany,20_to_50km,0.45844904,10,35,0.08888888888888889,0.08888888888888889,0.0,0
3792680,0,+0222:+0037,Denmark,20_to_50km,0.31161502,35,22,0.45614035087719296,0.45614035087719296,0.0,0
3793153,0,+0220:+0038,Denmark,20_to_50km,0.35767692,18,16,0.4117647058823529,0.4117647058823529,0.0,0
3795959,0,+0223:+0036,Denmark,20_to_50km,0.3266213,9,21,0.4,0.4,0.0,0
3795962,0,+0223:+0036,Denmark,20_to_50km,0.31798917,10,19,0.4827586206896552,0.4827586206896552,0.0,0
3796480,0,+0222:+0037,Denmark,20_to_50km,0.29931024,9,22,0.12903225806451613,0.12903225806451613,0.0,0
3799013,0,+0220:+0037,Denmark,20_to_50km,0.33048296,10,15,0.4,0.4,0.0,0
3800252,0,+0168:+0061,Italy,20_to_50km,0.22553654,12,18,0.4,0.4,0.0,0
3800592,0,+0168:+0061,Italy,20_to_50km,0.22325723,17,19,0.4444444444444444,0.4444444444444444,0.0,0
3811348,0,+0222:+0037,Denmark,20_to_50km,0.33009025,9,25,0.29411764705882354,0.29411764705882354,0.0,0
3815221,0,+0222:+0037,Denmark,20_to_50km,0.29796553,18,19,0.5405405405405406,0.5405405405405406,0.0,0
3816489,0,+0222:+0037,Denmark,20_to_50km,0.30085027,18,22,0.4,0.4,0.0,0
3818853,0,+0168:+0061,Italy,20_to_50km,0.22649607,8,18,0.3076923076923077,0.3076923076923077,0.0,0
3826376,0,+0220:+0037,Denmark,20_to_50km,0.31711614,13,21,0.17647058823529413,0.17647058823529413,0.0,0
3834538,0,+0222:+0037,Denmark,20_to_50km,0.30121377,14,22,0.4444444444444444,0.4444444444444444,0.0,0
3835756,0,+0222:+0037,Denmark,20_to_50km,0.3200293,9,23,0.1875,0.1875,0.0,0
3835940,0,+0222:+0037,Denmark,20_to_50km,0.2982867,9,22,0.12903225806451613,0.12903225806451613,0.0,0
3840263,0,+0222:+0037,Denmark,20_to_50km,0.31066796,17,21,0.47368421052631576,0.47368421052631576,0.0,0
3841555,0,+0222:+0037,Denmark,20_to_50km,0.33430088,19,22,0.34146341463414637,0.34146341463414637,0.0,0
3847704,0,+0223:+0036,Denmark,20_to_50km,0.32953942,19,22,0.43902439024390244,0.43902439024390244,0.0,0
3848500,0,+0223:+0036,Denmark,20_to_50km,0.32974154,11,24,0.34285714285714286,0.34285714285714286,0.0,0
3854833,0,+0223:+0036,Denmark,20_to_50km,0.30748016,20,22,0.2857142857142857,0.2857142857142857,0.0,0
3856173,0,+0223:+0036,Denmark,20_to_50km,0.32561928,21,22,0.46511627906976744,0.46511627906976744,0.0,0
3856288,0,+0220:+0038,Denmark,20_to_50km,0.32976794,12,19,0.25806451612903225,0.25806451612903225,0.0,0
3857144,0,+0220:+0038,Denmark,20_to_50km,0.35793138,14,19,0.48484848484848486,0.48484848484848486,0.0,0
3857407,0,+0223:+0036,Denmark,20_to_50km,0.3318115,36,19,0.32727272727272727,0.32727272727272727,0.0,0
3859681,0,+0222:+0037,Denmark,20_to_50km,0.3512181,16,21,0.4864864864864865,0.4864864864864865,0.0,0
3861794,0,+0222:+0037,Denmark,20_to_50km,0.32088202,20,20,0.3,0.3,0.0,0
3863007,0,+0222:+0037,Denmark,20_to_50km,0.35261548,19,20,0.358974358974359,0.358974358974359,0.0,0
3863183,0,+0223:+0036,Denmark,20_to_50km,0.3409968,17,21,0.3157894736842105,0.3157894736842105,0.0,0
3867132,0,+0220:+0037,Denmark,20_to_50km,0.327923,19,20,0.41025641025641024,0.41025641025641024,0.0,0
3869036,0,+0222:+0037,Denmark,20_to_50km,0.3558636,20,20,0.5,0.5,0.0,0
3870289,0,+0185:+0052,Italy,20_to_50km,0.25025052,14,25,0.2564102564102564,0.2564102564102564,0.0,0
3871088,0,+0223:+0036,Denmark,20_to_50km,0.31360427,6,16,0.18181818181818182,0.18181818181818182,0.0,0
3872402,0,+0223:+0036,Denmark,20_to_50km,0.2968028,7,20,0.2962962962962963,0.2962962962962963,0.0,0
3872738,0,+0220:+0037,Denmark,20_to_50km,0.3265472,18,20,0.42105263157894735,0.42105263157894735,0.0,0
3873430,0,+0222:+0037,Denmark,20_to_50km,0.30973023,8,16,0.4166666666666667,0.4166666666666667,0.0,0
3873923,0,+0220:+0037,Denmark,20_to_50km,0.3265031,29,18,0.2553191489361702,0.2553191489361702,0.0,0
3874795,0,+0222:+0037,Denmark,20_to_50km,0.35112163,14,21,0.34285714285714286,0.34285714285714286,0.0,0
3881821,0,+0223:+0036,Denmark,20_to_50km,0.30357888,17,20,0.4864864864864865,0.4864864864864865,0.0,0
3888575,0,+0222:+0037,Denmark,20_to_50km,0.32726982,22,22,0.45454545454545453,0.45454545454545453,0.0,0
3890935,0,+0220:+0038,Denmark,20_to_50km,0.32655254,21,23,0.45454545454545453,0.45454545454545453,0.0,0
3892225,0,+0177:-0004,France,20_to_50km,0.23189944,10,17,0.4444444444444444,0.4444444444444444,0.0,0
3896249,0,+0168:+0061,Italy,20_to_50km,0.22347657,7,18,0.0,0.0,0.0,0
3899024,0,+0223:+0036,Denmark,20_to_50km,0.33095777,39,20,0.2033898305084746,0.2033898305084746,0.0,0
3899768,0,+0223:+0036,Denmark,20_to_50km,0.30825248,17,17,0.6470588235294118,0.6470588235294118,0.0,0
3902932,0,+0219:+0041,Denmark,20_to_50km,0.28785357,23,17,0.25,0.25,0.0,0
3904010,0,+0219:+0038,Denmark,20_to_50km,0.31664148,9,15,0.3333333333333333,0.3333333333333333,0.0,0
3904070,0,+0223:+0036,Denmark,20_to_50km,0.32042858,23,20,0.32558139534883723,0.32558139534883723,0.0,0
3905151,0,+0222:+0037,Denmark,20_to_50km,0.3121499,36,21,0.2807017543859649,0.2807017543859649,0.0,0
3905350,0,+0222:+0037,Denmark,20_to_50km,0.32510868,20,17,0.32432432432432434,0.32432432432432434,0.0,0
3908898,0,+0220:+0037,Denmark,20_to_50km,0.3311051,9,18,0.4444444444444444,0.4444444444444444,0.0,0
3911750,0,+0222:+0037,Denmark,20_to_50km,0.3019322,21,22,0.37209302325581395,0.37209302325581395,0.0,0
3913607,0,+0223:+0036,Denmark,20_to_50km,0.32540762,10,21,0.25806451612903225,0.25806451612903225,0.0,0
3918863,0,+0220:+0038,Denmark,20_to_50km,0.32313475,8,20,0.35714285714285715,0.35714285714285715,0.0,0
2966,1,+0221:+0039,Denmark,20_to_50km,0.33167675,6,23,0.13793103448275862,0.13793103448275862,0.0,0
3145,1,+0223:+0038,Denmark,20_to_50km,0.29691732,18,25,0.37209302325581395,0.37209302325581395,0.0,0
9078,1,+0221:+0036,Denmark,20_to_50km,0.3126394,17,22,0.5128205128205128,0.5128205128205128,0.0,0
11428,1,+0221:+0036,Denmark,20_to_50km,0.30528495,10,22,0.25,0.25,0.0,0
12685,1,+0223:+0038,Denmark,20_to_50km,0.31548437,14,24,0.3684210526315789,0.3684210526315789,0.0,0
17039,1,+0221:+0039,Denmark,20_to_50km,0.32398129,16,20,0.5,0.5,0.0,0
17429,1,+0223:+0039,Denmark,20_to_50km,0.30524907,20,23,0.4186046511627907,0.4186046511627907,0.0,0
18247,1,+0223:+0039,Denmark,20_to_50km,0.31042188,20,21,0.1951219512195122,0.1951219512195122,0.0,0
19529,1,+0150:+0054,Italy,50_to_100km,0.30718127,1,14,0.0,0.0,0.0,0
20130,1,+0221:+0039,Denmark,20_to_50km,0.3218503,15,23,0.3684210526315789,0.3684210526315789,0.0,0
20230,1,+0212:+0028,Netherlands,50_to_100km,0.35619286,15,18,0.24242424242424243,0.24242424242424243,0.0,0
22057,1,+0221:+0039,Denmark,20_to_50km,0.33281636,20,24,0.36363636363636365,0.36363636363636365,0.0,0
24793,1,+0221:+0039,Denmark,20_to_50km,0.3027562,8,22,0.2,0.2,0.0,0
30226,1,+0221:+0039,Denmark,20_to_50km,0.3280046,16,22,0.3157894736842105,0.3157894736842105,0.0,0
30259,1,+0221:+0039,Denmark,20_to_50km,0.31451803,13,24,0.3783783783783784,0.3783783783783784,0.0,0
30820,1,+0221:+0039,Denmark,20_to_50km,0.33205137,7,23,0.4,0.4,0.0,0
31426,1,+0172:+0000,France,20_to_50km,0.27040806,9,21,0.2,0.2,0.0,0
32950,1,+0223:+0039,Denmark,20_to_50km,0.338022,28,30,0.4482758620689655,0.4482758620689655,0.0,0
33335,1,+0223:+0039,Denmark,20_to_50km,0.29219857,15,22,0.32432432432432434,0.32432432432432434,0.0,0
34658,1,+0221:+0036,Denmark,20_to_50km,0.29191086,12,20,0.3125,0.3125,0.0,0
35308,1,+0213:+0028,Netherlands,50_to_100km,0.34364322,5,15,0.0,0.0,0.0,0
35968,1,+0171:+0003,France,20_to_50km,0.27205792,8,24,0.3125,0.3125,0.0,0
41036,1,+0213:+0028,Netherlands,50_to_100km,0.34301582,7,15,0.2727272727272727,0.2727272727272727,0.0,0
41373,1,+0221:+0036,Denmark,20_to_50km,0.27325436,15,18,0.36363636363636365,0.36363636363636365,0.0,0
42788,1,+0221:+0036,Denmark,20_to_50km,0.29687345,12,21,0.36363636363636365,0.36363636363636365,0.0,0
45034,1,+0223:+0038,Denmark,20_to_50km,0.33322576,16,25,0.2926829268292683,0.2926829268292683,0.0,0
45710,1,+0221:+0039,Denmark,20_to_50km,0.3242343,23,20,0.5116279069767442,0.5116279069767442,0.0,0
49084,1,+0223:+0039,Denmark,20_to_50km,0.34048113,13,23,0.2222222222222222,0.2222222222222222,0.0,0
49500,1,+0223:+0039,Denmark,20_to_50km,0.34531462,14,30,0.4090909090909091,0.4090909090909091,0.0,0
52287,1,+0221:+0039,Denmark,20_to_50km,0.3251914,5,24,0.20689655172413793,0.20689655172413793,0.0,0
52739,1,+0221:+0036,Denmark,20_to_50km,0.31620464,23,22,0.35555555555555557,0.35555555555555557,0.0,0
59147,1,+0223:+0039,Denmark,20_to_50km,0.32963344,31,25,0.21428571428571427,0.21428571428571427,0.0,0
60942,1,+0223:+0039,Denmark,20_to_50km,0.32840464,22,26,0.3333333333333333,0.3333333333333333,0.0,0
61250,1,+0221:+0039,Denmark,20_to_50km,0.30127352,12,18,0.6666666666666666,0.6666666666666666,0.0,0
67150,1,+0223:+0039,Denmark,20_to_50km,0.30387753,20,24,0.45454545454545453,0.45454545454545453,0.0,0
67348,1,+0213:+0028,Netherlands,50_to_100km,0.34340218,4,14,0.3333333333333333,0.3333333333333333,0.0,0
67996,1,+0221:+0039,Denmark,20_to_50km,0.30399504,11,21,0.25,0.25,0.0,0
68069,1,+0223:+0038,Denmark,20_to_50km,0.34597442,20,23,0.37209302325581395,0.37209302325581395,0.0,0
71384,1,+0221:+0039,Denmark,20_to_50km,0.31414536,15,21,0.3888888888888889,0.3888888888888889,0.0,0
72266,1,+0221:+0039,Denmark,20_to_50km,0.31517938,14,22,0.3888888888888889,0.3888888888888889,0.0,0
74505,1,+0213:+0028,Netherlands,50_to_100km,0.34265313,7,13,0.7,0.7,0.0,0
77391,1,+0150:+0052,Italy,20_to_50km,0.23500039,19,19,0.3157894736842105,0.3157894736842105,0.0,0
77707,1,+0223:+0038,Denmark,20_to_50km,0.34307358,21,23,0.4090909090909091,0.4090909090909091,0.0,0
78492,1,+0221:+0039,Denmark,20_to_50km,0.33275554,12,22,0.29411764705882354,0.29411764705882354,0.0,0
78621,1,+0212:+0028,Netherlands,50_to_100km,0.34415388,11,21,0.1875,0.1875,0.0,0
79487,1,+0173:+0000,France,50_to_100km,0.31742322,31,24,0.509090909090909,0.509090909090909,0.0,0
84485,1,+0221:+0039,Denmark,20_to_50km,0.29270563,18,19,0.4864864864864865,0.4864864864864865,0.0,0
91976,1,+0223:+0038,Denmark,20_to_50km,0.3423067,24,23,0.2978723404255319,0.2978723404255319,0.0,0
93237,1,+0221:+0039,Denmark,20_to_50km,0.33908615,27,22,0.2857142857142857,0.2857142857142857,0.0,0
94031,1,+0223:+0038,Denmark,20_to_50km,0.34465426,26,25,0.23529411764705882,0.23529411764705882,0.0,0
94270,1,+0221:+0036,Denmark,20_to_50km,0.3133504,18,20,0.3684210526315789,0.3684210526315789,0.0,0
99818,1,+0221:+0039,Denmark,20_to_50km,0.30921078,25,23,0.5416666666666666,0.5416666666666666,0.0,0
101890,1,+0221:+0036,Denmark,20_to_50km,0.3112345,17,23,0.6,0.6,0.0,0
102416,1,+0173:+0002,France,20_to_50km,0.32317036,16,21,0.4864864864864865,0.4864864864864865,0.0,0
105714,1,+0221:+0036,Denmark,20_to_50km,0.30132228,9,20,0.20689655172413793,0.20689655172413793,0.0,0
107269,1,+0213:+0028,Netherlands,50_to_100km,0.34272814,8,12,0.7,0.7,0.0,0
108090,1,+0173:+0002,France,50_to_100km,0.3260269,28,20,0.5833333333333334,0.5833333333333334,0.0,0
108763,1,+0221:+0036,Denmark,20_to_50km,0.2921128,5,15,0.5,0.5,0.0,0
109597,1,+0221:+0039,Denmark,20_to_50km,0.29178518,10,20,0.26666666666666666,0.26666666666666666,0.0,0
110201,1,+0176:-0001,France,20_to_50km,0.24882618,7,17,0.5833333333333334,0.5833333333333334,0.0,0
113439,1,+0223:+0039,Denmark,20_to_50km,0.31759363,12,25,0.3783783783783784,0.3783783783783784,0.0,0
114404,1,+0221:+0036,Denmark,20_to_50km,0.31522053,8,23,0.3225806451612903,0.3225806451612903,0.0,0
117209,1,+0223:+0038,Denmark,20_to_50km,0.31336474,10,24,0.29411764705882354,0.29411764705882354,0.0,0
117589,1,+0223:+0039,Denmark,20_to_50km,0.31637746,23,25,0.16666666666666666,0.16666666666666666,0.0,0
118192,1,+0223:+0039,Denmark,20_to_50km,0.3178997,14,21,0.45714285714285713,0.45714285714285713,0.0,0
118719,1,+0221:+0036,Denmark,20_to_50km,0.29571745,9,19,0.21428571428571427,0.21428571428571427,0.0,0
119105,1,+0179:-0004,France,20_to_50km,0.20172884,14,14,0.7142857142857143,0.7142857142857143,0.0,0
120293,1,+0221:+0036,Denmark,20_to_50km,0.2964681,24,21,0.4444444444444444,0.4444444444444444,0.0,0
122022,1,+0223:+0039,Denmark,20_to_50km,0.3203054,18,25,0.37209302325581395,0.37209302325581395,0.0,0
122238,1,+0162:+0055,Italy,20_to_50km,0.2876897,10,18,0.35714285714285715,0.35714285714285715,0.0,0
122873,1,+0221:+0036,Denmark,20_to_50km,0.30180186,13,21,0.35294117647058826,0.35294117647058826,0.0,0
123348,1,+0223:+0039,Denmark,20_to_50km,0.32796234,1,24,0.08,0.08,0.0,0
127330,1,+0221:+0039,Denmark,20_to_50km,0.29914838,9,20,0.13793103448275862,0.13793103448275862,0.0,0
127731,1,+0164:+0035,Italy,20_to_50km,0.2795019,21,16,0.6486486486486487,0.6486486486486487,0.0,0
128343,1,+0221:+0039,Denmark,20_to_50km,0.3207685,12,19,0.45161290322580644,0.45161290322580644,0.0,0
131598,1,+0221:+0036,Denmark,20_to_50km,0.28337052,16,20,0.3333333333333333,0.3333333333333333,0.0,0
132077,1,+0223:+0038,Denmark,20_to_50km,0.30806407,14,23,0.32432432432432434,0.32432432432432434,0.0,0
132141,1,+0213:+0028,Netherlands,50_to_100km,0.3441308,9,16,0.24,0.24,0.0,0
133300,1,+0223:+0039,Denmark,20_to_50km,0.341087,26,22,0.4166666666666667,0.4166666666666667,0.0,0
135324,1,+0223:+0039,Denmark,20_to_50km,0.3343178,16,24,0.6,0.6,0.0,0
136187,1,+0213:+0028,Netherlands,50_to_100km,0.3430845,6,13,0.5263157894736842,0.5263157894736842,0.0,0
141625,1,+0223:+0039,Denmark,20_to_50km,0.33552644,20,22,0.47619047619047616,0.47619047619047616,0.0,0
142968,1,+0223:+0039,Denmark,20_to_50km,0.30223346,24,28,0.3076923076923077,0.3076923076923077,0.0,0
146251,1,+0212:+0028,Netherlands,50_to_100km,0.35076436,5,18,0.0,0.0,0.0,0
146267,1,+0223:+0038,Denmark,20_to_50km,0.30951518,10,24,0.23529411764705882,0.23529411764705882,0.0,0
146875,1,+0223:+0039,Denmark,20_to_50km,0.3028723,30,27,0.49122807017543857,0.49122807017543857,0.0,0
147180,1,+0223:+0038,Denmark,20_to_50km,0.3203865,29,24,0.3018867924528302,0.3018867924528302,0.0,0
147403,1,+0221:+0036,Denmark,20_to_50km,0.30416876,8,19,0.2222222222222222,0.2222222222222222,0.0,0
149553,1,+0212:+0028,Netherlands,50_to_100km,0.355113,9,21,0.2,0.2,0.0,0
149682,1,+0221:+0039,Denmark,20_to_50km,0.3233617,15,24,0.41025641025641024,0.41025641025641024,0.0,0
152004,1,+0212:+0028,Netherlands,50_to_100km,0.3350981,7,18,0.48,0.48,0.0,0
156579,1,+0221:+0039,Denmark,20_to_50km,0.32852048,17,21,0.42105263157894735,0.42105263157894735,0.0,0
158332,1,+0221:+0039,Denmark,20_to_50km,0.324766,9,23,0.3125,0.3125,0.0,0
159518,1,+0212:+0028,Netherlands,50_to_100km,0.35195324,6,17,0.17391304347826086,0.17391304347826086,0.0,0
162295,1,+0223:+0039,Denmark,20_to_50km,0.30001378,19,23,0.19047619047619047,0.19047619047619047,0.0,0
162952,1,+0212:+0028,Netherlands,50_to_100km,0.34535778,8,12,0.6,0.6,0.0,0
168383,1,+0223:+0039,Denmark,20_to_50km,0.3336612,13,26,0.46153846153846156,0.46153846153846156,0.0,0
168464,1,+0221:+0039,Denmark,20_to_50km,0.3149505,11,22,0.18181818181818182,0.18181818181818182,0.0,0
169232,1,+0221:+0036,Denmark,20_to_50km,0.29786584,14,20,0.5294117647058824,0.5294117647058824,0.0,0
170422,1,+0221:+0039,Denmark,20_to_50km,0.33552355,28,20,0.25,0.25,0.0,0
170893,1,+0221:+0039,Denmark,20_to_50km,0.29294962,29,21,0.4,0.4,0.0,0
174141,1,+0187:+0024,France,20_to_50km,0.25566587,29,26,0.36363636363636365,0.36363636363636365,0.0,0
177113,1,+0223:+0038,Denmark,20_to_50km,0.32182667,17,24,0.34146341463414637,0.34146341463414637,0.0,0
177305,1,+0223:+0039,Denmark,20_to_50km,0.32962835,25,26,0.19607843137254902,0.19607843137254902,0.0,0
184671,1,+0223:+0039,Denmark,20_to_50km,0.33912563,34,25,0.4067796610169492,0.4067796610169492,0.0,0
186062,1,+0223:+0038,Denmark,20_to_50km,0.34512535,18,24,0.2857142857142857,0.2857142857142857,0.0,0
186961,1,+0212:+0028,Netherlands,50_to_100km,0.3470933,9,13,0.5454545454545454,0.5454545454545454,0.0,0
187792,1,+0221:+0036,Denmark,20_to_50km,0.31713068,18,23,0.43902439024390244,0.43902439024390244,0.0,0
190757,1,+0213:+0028,Netherlands,50_to_100km,0.34366566,6,16,0.09090909090909091,0.09090909090909091,0.0,0
192231,1,+0223:+0039,Denmark,20_to_50km,0.30279595,14,26,0.2,0.2,0.0,0
197275,1,+0213:+0028,Netherlands,50_to_100km,0.34260213,4,12,0.375,0.375,0.0,0
198506,1,+0221:+0036,Denmark,20_to_50km,0.26815823,6,19,0.4,0.4,0.0,0
201747,1,+0223:+0039,Denmark,20_to_50km,0.31732902,20,25,0.4888888888888889,0.4888888888888889,0.0,0
202766,1,+0192:+0011,France,20_to_50km,0.3308249,18,22,0.5,0.5,0.0,0
204851,1,+0221:+0036,Denmark,20_to_50km,0.31516793,19,23,0.2857142857142857,0.2857142857142857,0.0,0
207754,1,+0171:+0003,France,20_to_50km,0.27108267,28,21,0.2857142857142857,0.2857142857142857,0.0,0
214698,1,+0221:+0036,Denmark,20_to_50km,0.2653513,5,22,0.14814814814814814,0.14814814814814814,0.0,0
215505,1,+0221:+0036,Denmark,20_to_50km,0.26829255,7,17,0.25,0.25,0.0,0
219539,1,+0223:+0039,Denmark,20_to_50km,0.32237276,12,22,0.29411764705882354,0.29411764705882354,0.0,0
220263,1,+0223:+0038,Denmark,20_to_50km,0.34234336,30,22,0.38461538461538464,0.38461538461538464,0.0,0
221846,1,+0221:+0039,Denmark,20_to_50km,0.31866065,21,25,0.34782608695652173,0.34782608695652173,0.0,0
222026,1,+0221:+0039,Denmark,20_to_50km,0.32735062,28,23,0.5098039215686274,0.5098039215686274,0.0,0
224972,1,+0174:+0003,France,20_to_50km,0.26181498,17,19,0.5555555555555556,0.5555555555555556,0.0,0
225850,1,+0162:+0055,Italy,20_to_50km,0.28081375,25,17,0.38095238095238093,0.38095238095238093,0.0,0
226628,1,+0223:+0039,Denmark,20_to_50km,0.34047735,15,25,0.3,0.3,0.0,0
228765,1,+0221:+0036,Denmark,20_to_50km,0.2649552,8,22,0.4666666666666667,0.4666666666666667,0.0,0
228883,1,+0221:+0036,Denmark,20_to_50km,0.29314724,4,17,0.38095238095238093,0.38095238095238093,0.0,0
229796,1,+0221:+0036,Denmark,20_to_50km,0.26969036,16,18,0.11764705882352941,0.11764705882352941,0.0,0
230361,1,+0221:+0036,Denmark,20_to_50km,0.29689485,19,22,0.4878048780487805,0.4878048780487805,0.0,0
233777,1,+0172:+0001,France,50_to_100km,0.28553867,23,22,0.4,0.4,0.0,0
236711,1,+0177:+0024,France,20_to_50km,0.25100994,8,21,0.3448275862068966,0.3448275862068966,0.0,0
237389,1,+0223:+0039,Denmark,20_to_50km,0.3452307,9,30,0.10256410256410256,0.10256410256410256,0.0,0
238424,1,+0212:+0028,Netherlands,50_to_100km,0.3498842,6,18,0.0,0.0,0.0,0
238700,1,+0223:+0039,Denmark,20_to_50km,0.34466365,19,24,0.18604651162790697,0.18604651162790697,0.0,0
238767,1,+0223:+0039,Denmark,20_to_50km,0.3213078,18,23,0.2926829268292683,0.2926829268292683,0.0,0
239392,1,+0221:+0036,Denmark,20_to_50km,0.31041163,18,25,0.37209302325581395,0.37209302325581395,0.0,0
243604,1,+0223:+0039,Denmark,20_to_50km,0.30290514,13,26,0.20512820512820512,0.20512820512820512,0.0,0
244439,1,+0223:+0039,Denmark,20_to_50km,0.30401102,11,21,0.5,0.5,0.0,0
244475,1,+0221:+0039,Denmark,20_to_50km,0.29788113,9,18,0.2962962962962963,0.2962962962962963,0.0,0
245805,1,+0221:+0036,Denmark,20_to_50km,0.31270635,14,22,0.2777777777777778,0.2777777777777778,0.0,0
250641,1,+0213:+0028,Netherlands,50_to_100km,0.34373474,6,14,0.1,0.1,0.0,0
256321,1,+0172:+0000,France,20_to_50km,0.24746452,8,24,0.1875,0.1875,0.0,0
257186,1,+0221:+0039,Denmark,20_to_50km,0.32230762,21,20,0.4878048780487805,0.4878048780487805,0.0,0
261520,1,+0221:+0039,Denmark,20_to_50km,0.30259866,17,23,0.35,0.35,0.0,0
262002,1,+0221:+0039,Denmark,20_to_50km,0.30220345,12,20,0.375,0.375,0.0,0
269841,1,+0223:+0039,Denmark,20_to_50km,0.32128662,44,26,0.3142857142857143,0.3142857142857143,0.0,0
271816,1,+0221:+0039,Denmark,20_to_50km,0.31812775,18,24,0.2857142857142857,0.2857142857142857,0.0,0
271971,1,+0223:+0039,Denmark,20_to_50km,0.3349243,8,30,0.15789473684210525,0.15789473684210525,0.0,0
275108,1,+0221:+0036,Denmark,20_to_50km,0.31478432,6,19,0.08,0.08,0.0,0
275372,1,+0221:+0039,Denmark,20_to_50km,0.32583982,31,23,0.4074074074074074,0.4074074074074074,0.0,0
277331,1,+0141:+0097,Greece,100_to_200km,0.4585269,17,20,0.05405405405405406,0.05405405405405406,0.0,0
279247,1,+0223:+0039,Denmark,20_to_50km,0.3116333,19,25,0.2727272727272727,0.2727272727272727,0.0,0
280164,1,+0179:+0026,France,20_to_50km,0.26739684,12,22,0.35294117647058826,0.35294117647058826,0.0,0
280502,1,+0162:+0055,Italy,20_to_50km,0.27848637,10,16,0.38461538461538464,0.38461538461538464,0.0,0
281458,1,+0221:+0039,Denmark,20_to_50km,0.31916717,35,20,0.2545454545454545,0.2545454545454545,0.0,0
283720,1,+0223:+0039,Denmark,20_to_50km,0.34066656,16,27,0.23255813953488372,0.23255813953488372,0.0,0
285254,1,+0212:+0028,Netherlands,50_to_100km,0.35221368,5,19,0.08333333333333333,0.08333333333333333,0.0,0
285706,1,+0221:+0036,Denmark,20_to_50km,0.2753143,13,21,0.5294117647058824,0.5294117647058824,0.0,0
286935,1,+0213:+0028,Netherlands,50_to_100km,0.3428732,4,12,0.375,0.375,0.0,0
288704,1,+0223:+0039,Denmark,20_to_50km,0.329264,29,25,0.48148148148148145,0.48148148148148145,0.0,0
292309,1,+0223:+0039,Denmark,20_to_50km,0.33985895,36,27,0.38095238095238093,0.38095238095238093,0.0,0
294422,1,+0223:+0039,Denmark,20_to_50km,0.29748645,11,25,0.4444444444444444,0.4444444444444444,0.0,0
297601,1,+0213:+0028,Netherlands,50_to_100km,0.34431365,5,14,0.21052631578947367,0.21052631578947367,0.0,0
298133,1,+0221:+0036,Denmark,20_to_50km,0.30771473,12,21,0.30303030303030304,0.30303030303030304,0.0,0
298171,1,+0223:+0039,Denmark,20_to_50km,0.34525657,13,26,0.41025641025641024,0.41025641025641024,0.0,0
303201,1,+0223:+0038,Denmark,20_to_50km,0.31894457,40,23,0.4444444444444444,0.4444444444444444,0.0,0
304149,1,+0179:+0000,France,20_to_50km,0.26295108,20,23,0.6511627906976745,0.6511627906976745,0.0,0
304704,1,+0223:+0039,Denmark,20_to_50km,0.331354,25,23,0.4583333333333333,0.4583333333333333,0.0,0
305904,1,+0221:+0039,Denmark,20_to_50km,0.3127034,23,21,0.5454545454545454,0.5454545454545454,0.0,0
306004,1,+0221:+0039,Denmark,20_to_50km,0.32340875,18,20,0.2631578947368421,0.2631578947368421,0.0,0
306824,1,+0213:+0028,Netherlands,50_to_100km,0.3427574,6,17,0.08695652173913043,0.08695652173913043,0.0,0
307917,1,+0221:+0036,Denmark,20_to_50km,0.27267823,15,20,0.22857142857142856,0.22857142857142856,0.0,0
310987,1,+0173:+0000,France,20_to_50km,0.31279594,33,22,0.43636363636363634,0.43636363636363634,0.0,0
312465,1,+0221:+0036,Denmark,20_to_50km,0.2703341,8,22,0.4666666666666667,0.4666666666666667,0.0,0
316297,1,+0223:+0039,Denmark,20_to_50km,0.32700172,10,23,0.06060606060606061,0.06060606060606061,0.0,0
317045,1,+0221:+0039,Denmark,20_to_50km,0.319911,10,24,0.17647058823529413,0.17647058823529413,0.0,0
319058,1,+0221:+0036,Denmark,20_to_50km,0.30180374,15,19,0.35294117647058826,0.35294117647058826,0.0,0
319196,1,+0221:+0039,Denmark,20_to_50km,0.33532047,16,22,0.2631578947368421,0.2631578947368421,0.0,0
322420,1,+0221:+0036,Denmark,20_to_50km,0.29778892,13,21,0.23529411764705882,0.23529411764705882,0.0,0
326289,1,+0187:+0024,France,20_to_50km,0.20811267,32,28,0.6,0.6,0.0,0
330651,1,+0221:+0039,Denmark,20_to_50km,0.30193868,14,15,0.20689655172413793,0.20689655172413793,0.0,0
332440,1,+0221:+0039,Denmark,20_to_50km,0.32703432,20,22,0.42857142857142855,0.42857142857142855,0.0,0
332567,1,+0221:+0039,Denmark,20_to_50km,0.3362726,20,22,0.19047619047619047,0.19047619047619047,0.0,0
336456,1,+0162:+0055,Italy,20_to_50km,0.27589184,16,15,0.25806451612903225,0.25806451612903225,0.0,0
338715,1,+0223:+0038,Denmark,20_to_50km,0.34455967,16,24,0.1,0.1,0.0,0
340051,1,+0221:+0039,Denmark,20_to_50km,0.3236061,14,20,0.5294117647058824,0.5294117647058824,0.0,0
341872,1,+0221:+0039,Denmark,20_to_50km,0.32583514,20,22,0.47619047619047616,0.47619047619047616,0.0,0
342192,1,+0213:+0028,Netherlands,50_to_100km,0.34388143,5,17,0.18181818181818182,0.18181818181818182,0.0,0
343215,1,+0221:+0039,Denmark,20_to_50km,0.3260291,10,22,0.4375,0.4375,0.0,0
344311,1,+0191:-0017,France,20_to_50km,0.23408346,13,18,0.5161290322580645,0.5161290322580645,0.0,0
344364,1,+0223:+0039,Denmark,20_to_50km,0.33910966,18,30,0.4166666666666667,0.4166666666666667,0.0,0
345988,1,+0213:+0028,Netherlands,50_to_100km,0.3430258,5,13,0.3333333333333333,0.3333333333333333,0.0,0
347565,1,+0221:+0039,Denmark,20_to_50km,0.32960734,17,19,0.4444444444444444,0.4444444444444444,0.0,0
347647,1,+0221:+0039,Denmark,20_to_50km,0.33170763,12,20,0.1875,0.1875,0.0,0
351022,1,+0223:+0039,Denmark,20_to_50km,0.29838893,7,20,0.2962962962962963,0.2962962962962963,0.0,0
353383,1,+0221:+0039,Denmark,20_to_50km,0.2711315,8,17,0.32,0.32,0.0,0
355588,1,+0221:+0036,Denmark,20_to_50km,0.29498658,8,16,0.6666666666666666,0.6666666666666666,0.0,0
355942,1,+0221:+0039,Denmark,20_to_50km,0.32212913,10,22,0.3125,0.3125,0.0,0
355997,1,+0221:+0036,Denmark,20_to_50km,0.30591425,11,21,0.375,0.375,0.0,0
356469,1,+0221:+0036,Denmark,20_to_50km,0.29424283,5,23,0.2857142857142857,0.2857142857142857,0.0,0
359327,1,+0221:+0036,Denmark,20_to_50km,0.26541305,15,23,0.42105263157894735,0.42105263157894735,0.0,0
359628,1,+0221:+0039,Denmark,20_to_50km,0.29141033,4,18,0.18181818181818182,0.18181818181818182,0.0,0
360897,1,+0221:+0039,Denmark,20_to_50km,0.33942828,24,22,0.21739130434782608,0.21739130434782608,0.0,0
364459,1,+0221:+0036,Denmark,20_to_50km,0.26177892,23,21,0.45454545454545453,0.45454545454545453,0.0,0
365768,1,+0223:+0039,Denmark,20_to_50km,0.31214052,9,24,0.36363636363636365,0.36363636363636365,0.0,0
367422,1,+0221:+0036,Denmark,20_to_50km,0.3184938,6,23,0.27586206896551724,0.27586206896551724,0.0,0
368289,1,+0223:+0039,Denmark,20_to_50km,0.33489344,15,26,0.24390243902439024,0.24390243902439024,0.0,0
370928,1,+0221:+0039,Denmark,20_to_50km,0.31794396,12,20,0.25,0.25,0.0,0
371287,1,+0221:+0039,Denmark,20_to_50km,0.26378867,6,19,0.4,0.4,0.0,0
373657,1,+0221:+0039,Denmark,20_to_50km,0.28690636,14,21,0.17142857142857143,0.17142857142857143,0.0,0
374474,1,+0221:+0039,Denmark,20_to_50km,0.31915718,18,25,0.4186046511627907,0.4186046511627907,0.0,0
375485,1,+0223:+0038,Denmark,20_to_50km,0.32735938,17,25,0.19047619047619047,0.19047619047619047,0.0,0
376514,1,+0221:+0039,Denmark,20_to_50km,0.32205322,16,22,0.3157894736842105,0.3157894736842105,0.0,0
376846,1,+0212:+0028,Netherlands,50_to_100km,0.34718207,2,16,0.2222222222222222,0.2222222222222222,0.0,0
379570,1,+0171:+0003,France,20_to_50km,0.26989624,28,23,0.47058823529411764,0.47058823529411764,0.0,0
383146,1,+0213:+0028,Netherlands,50_to_100km,0.34259698,6,13,0.3157894736842105,0.3157894736842105,0.0,0
385872,1,+0221:+0039,Denmark,20_to_50km,0.32438362,7,22,0.06896551724137931,0.06896551724137931,0.0,0
387808,1,+0223:+0039,Denmark,20_to_50km,0.34504476,11,25,0.16666666666666666,0.16666666666666666,0.0,0
388378,1,+0164:+0035,Italy,20_to_50km,0.27904624,15,16,0.5161290322580645,0.5161290322580645,0.0,0
388724,1,+0162:+0055,Italy,20_to_50km,0.28670725,19,16,0.5714285714285714,0.5714285714285714,0.0,0
389056,1,+0221:+0039,Denmark,20_to_50km,0.3275893,15,20,0.22857142857142856,0.22857142857142856,0.0,0
394193,1,+0213:+0028,Netherlands,50_to_100km,0.3305422,9,18,0.2222222222222222,0.2222222222222222,0.0,0
394399,1,+0223:+0038,Denmark,20_to_50km,0.3301528,15,25,0.2,0.2,0.0,0
396639,1,+0221:+0036,Denmark,20_to_50km,0.29322475,19,23,0.23809523809523808,0.23809523809523808,0.0,0
396922,1,+0221:+0039,Denmark,20_to_50km,0.32879868,17,24,0.43902439024390244,0.43902439024390244,0.0,0
400842,1,+0221:+0036,Denmark,20_to_50km,0.25765598,20,21,0.3902439024390244,0.3902439024390244,0.0,0
401312,1,+0221:+0036,Denmark,20_to_50km,0.26700166,12,23,0.5142857142857142,0.5142857142857142,0.0,0
401431,1,+0221:+0036,Denmark,20_to_50km,0.2953187,12,22,0.4117647058823529,0.4117647058823529,0.0,0
403306,1,+0223:+0039,Denmark,20_to_50km,0.30237705,21,27,0.25,0.25,0.0,0
404166,1,+0173:+0003,France,20_to_50km,0.2771364,23,21,0.5454545454545454,0.5454545454545454,0.0,0
404963,1,+0221:+0036,Denmark,20_to_50km,0.27612096,11,23,0.23529411764705882,0.23529411764705882,0.0,0
405353,1,+0221:+0036,Denmark,20_to_50km,0.28851977,17,25,0.2857142857142857,0.2857142857142857,0.0,0
410947,1,+0212:+0028,Netherlands,50_to_100km,0.35625488,9,20,0.20689655172413793,0.20689655172413793,0.0,0
412545,1,+0221:+0036,Denmark,20_to_50km,0.27186838,9,20,0.27586206896551724,0.27586206896551724,0.0,0
413207,1,+0221:+0039,Denmark,20_to_50km,0.3263927,6,22,0.2857142857142857,0.2857142857142857,0.0,0
413780,1,+0172:+0000,France,20_to_50km,0.28317457,31,21,0.5384615384615384,0.5384615384615384,0.0,0
416571,1,+0212:+0028,Netherlands,50_to_100km,0.34539616,6,15,0.09523809523809523,0.09523809523809523,0.0,0
421148,1,+0221:+0039,Denmark,20_to_50km,0.27648756,15,16,0.12903225806451613,0.12903225806451613,0.0,0
422439,1,+0162:+0055,Italy,20_to_50km,0.27717012,5,14,0.21052631578947367,0.21052631578947367,0.0,0
423109,1,+0221:+0036,Denmark,20_to_50km,0.29726666,17,23,0.45,0.45,0.0,0
423407,1,+0221:+0036,Denmark,20_to_50km,0.291241,10,20,0.26666666666666666,0.26666666666666666,0.0,0
426872,1,+0221:+0036,Denmark,20_to_50km,0.3169362,7,23,0.26666666666666666,0.26666666666666666,0.0,0
428595,1,+0223:+0039,Denmark,20_to_50km,0.31066135,28,24,0.34615384615384615,0.34615384615384615,0.0,0
429840,1,+0223:+0038,Denmark,20_to_50km,0.29627737,16,27,0.32558139534883723,0.32558139534883723,0.0,0
430488,1,+0223:+0039,Denmark,20_to_50km,0.3234608,12,22,0.23529411764705882,0.23529411764705882,0.0,0
430540,1,+0221:+0036,Denmark,20_to_50km,0.2757806,10,22,0.375,0.375,0.0,0
430880,1,+0223:+0039,Denmark,20_to_50km,0.33465558,5,26,0.12903225806451613,0.12903225806451613,0.0,0
432032,1,+0223:+0039,Denmark,20_to_50km,0.33466604,9,26,0.17142857142857143,0.17142857142857143,0.0,0
435846,1,+0221:+0039,Denmark,20_to_50km,0.32783145,16,20,0.2222222222222222,0.2222222222222222,0.0,0
436795,1,+0179:+0025,France,20_to_50km,0.28988057,11,23,0.23529411764705882,0.23529411764705882,0.0,0
438836,1,+0223:+0039,Denmark,20_to_50km,0.33321086,22,23,0.5333333333333333,0.5333333333333333,0.0,0
439961,1,+0221:+0039,Denmark,20_to_50km,0.32422978,13,24,0.32432432432432434,0.32432432432432434,0.0,0
440351,1,+0223:+0039,Denmark,20_to_50km,0.30440968,14,22,0.4444444444444444,0.4444444444444444,0.0,0
441391,1,+0221:+0039,Denmark,20_to_50km,0.32240924,12,23,0.22857142857142856,0.22857142857142856,0.0,0
442050,1,+0223:+0039,Denmark,20_to_50km,0.30041844,6,15,0.2857142857142857,0.2857142857142857,0.0,0
445513,1,+0212:+0028,Netherlands,50_to_100km,0.34946772,7,20,0.2962962962962963,0.2962962962962963,0.0,0
450543,1,+0221:+0039,Denmark,20_to_50km,0.32476506,16,24,0.4,0.4,0.0,0
455657,1,+0223:+0039,Denmark,20_to_50km,0.3024327,13,26,0.46153846153846156,0.46153846153846156,0.0,0
455848,1,+0221:+0036,Denmark,20_to_50km,0.29516724,24,23,0.1702127659574468,0.1702127659574468,0.0,0
456082,1,+0221:+0036,Denmark,20_to_50km,0.27182382,16,20,0.5,0.5,0.0,0
460737,1,+0221:+0039,Denmark,20_to_50km,0.32632127,10,22,0.25,0.25,0.0,0
462005,1,+0223:+0039,Denmark,20_to_50km,0.3023675,3,22,0.16,0.16,0.0,0
465217,1,+0221:+0036,Denmark,20_to_50km,0.3174862,15,16,0.1935483870967742,0.1935483870967742,0.0,0
465296,1,+0221:+0036,Denmark,20_to_50km,0.27332753,11,20,0.3870967741935484,0.3870967741935484,0.0,0
465474,1,+0213:+0028,Netherlands,50_to_100km,0.34257314,5,15,0.3,0.3,0.0,0
470652,1,+0223:+0039,Denmark,20_to_50km,0.31655946,19,25,0.3181818181818182,0.3181818181818182,0.0,0
470893,1,+0223:+0039,Denmark,20_to_50km,0.33760878,19,26,0.35555555555555557,0.35555555555555557,0.0,0
471044,1,+0221:+0039,Denmark,20_to_50km,0.32980913,14,20,0.23529411764705882,0.23529411764705882,0.0,0
479595,1,+0223:+0038,Denmark,20_to_50km,0.3363742,10,23,0.30303030303030304,0.30303030303030304,0.0,0
480110,1,+0221:+0036,Denmark,20_to_50km,0.3024172,21,23,0.5,0.5,0.0,0
481560,1,+0223:+0038,Denmark,20_to_50km,0.29697853,26,26,0.46153846153846156,0.46153846153846156,0.0,0
482300,1,+0212:+0028,Netherlands,50_to_100km,0.3561954,10,18,0.21428571428571427,0.21428571428571427,0.0,0
482491,1,+0221:+0039,Denmark,20_to_50km,0.319236,15,24,0.358974358974359,0.358974358974359,0.0,0
499915,1,+0221:+0039,Denmark,20_to_50km,0.33290884,16,20,0.16666666666666666,0.16666666666666666,0.0,0
502401,1,+0221:+0039,Denmark,20_to_50km,0.32714674,12,21,0.24242424242424243,0.24242424242424243,0.0,0
503564,1,+0221:+0039,Denmark,20_to_50km,0.29663876,23,19,0.3333333333333333,0.3333333333333333,0.0,0
503820,1,+0212:+0028,Netherlands,50_to_100km,0.35510746,12,20,0.4375,0.4375,0.0,0
504123,1,+0212:+0028,Netherlands,50_to_100km,0.3347511,1,19,0.1,0.1,0.0,0
504401,1,+0212:+0028,Netherlands,50_to_100km,0.35064128,11,19,0.26666666666666666,0.26666666666666666,0.0,0
505822,1,+0221:+0039,Denmark,20_to_50km,0.32672697,11,20,0.1935483870967742,0.1935483870967742,0.0,0
506961,1,+0221:+0039,Denmark,20_to_50km,0.31991428,21,21,0.2857142857142857,0.2857142857142857,0.0,0
511256,1,+0221:+0036,Denmark,20_to_50km,0.27061665,12,18,0.6,0.6,0.0,0
511840,1,+0223:+0038,Denmark,20_to_50km,0.33123663,17,25,0.42857142857142855,0.42857142857142855,0.0,0
517931,1,+0221:+0039,Denmark,20_to_50km,0.32578155,10,22,0.3125,0.3125,0.0,0
518388,1,+0221:+0039,Denmark,20_to_50km,0.33250934,23,18,0.2926829268292683,0.2926829268292683,0.0,0
521516,1,+0221:+0036,Denmark,20_to_50km,0.2788084,13,20,0.42424242424242425,0.42424242424242425,0.0,0
525524,1,+0221:+0039,Denmark,20_to_50km,0.29759747,15,20,0.2857142857142857,0.2857142857142857,0.0,0
526039,1,+0213:+0028,Netherlands,50_to_100km,0.34249458,5,14,0.42105263157894735,0.42105263157894735,0.0,0
526883,1,+0223:+0039,Denmark,20_to_50km,0.3247632,51,26,0.4935064935064935,0.4935064935064935,0.0,0
527273,1,+0223:+0039,Denmark,20_to_50km,0.33125287,21,24,0.2222222222222222,0.2222222222222222,0.0,0
529371,1,+0223:+0038,Denmark,20_to_50km,0.30467898,22,25,0.2553191489361702,0.2553191489361702,0.0,0
534209,1,+0223:+0038,Denmark,20_to_50km,0.3406717,24,26,0.48,0.48,0.0,0
540031,1,+0223:+0039,Denmark,20_to_50km,0.32258078,21,22,0.32558139534883723,0.32558139534883723,0.0,0
541847,1,+0221:+0036,Denmark,20_to_50km,0.29502046,16,22,0.2631578947368421,0.2631578947368421,0.0,0
543254,1,+0191:-0017,France,20_to_50km,0.26472244,21,18,0.46153846153846156,0.46153846153846156,0.0,0
544863,1,+0221:+0036,Denmark,20_to_50km,0.3172228,11,14,0.4,0.4,0.0,0
546669,1,+0221:+0036,Denmark,20_to_50km,0.27214357,20,20,0.4,0.4,0.0,0
549894,1,+0164:+0035,Italy,20_to_50km,0.279153,16,16,0.5625,0.5625,0.0,0
550517,1,+0221:+0039,Denmark,20_to_50km,0.3183419,20,25,0.3111111111111111,0.3111111111111111,0.0,0
551753,1,+0192:+0008,France,20_to_50km,0.2654341,15,18,0.48484848484848486,0.48484848484848486,0.0,0
553576,1,+0221:+0039,Denmark,20_to_50km,0.329282,24,22,0.4782608695652174,0.4782608695652174,0.0,0
553837,1,+0221:+0039,Denmark,20_to_50km,0.29810452,18,17,0.4,0.4,0.0,0
554544,1,+0221:+0036,Denmark,20_to_50km,0.31598765,23,25,0.5416666666666666,0.5416666666666666,0.0,0
555353,1,+0221:+0039,Denmark,20_to_50km,0.30049145,6,19,0.4,0.4,0.0,0
556511,1,+0212:+0028,Netherlands,50_to_100km,0.35216084,9,19,0.21428571428571427,0.21428571428571427,0.0,0
561485,1,+0174:+0000,France,20_to_50km,0.28886977,20,23,0.6511627906976745,0.6511627906976745,0.0,0
562686,1,+0221:+0039,Denmark,20_to_50km,0.31156018,27,21,0.2916666666666667,0.2916666666666667,0.0,0
565257,1,+0171:+0003,France,20_to_50km,0.26895165,28,21,0.32653061224489793,0.32653061224489793,0.0,0
566337,1,+0223:+0039,Denmark,20_to_50km,0.32276276,8,25,0.18181818181818182,0.18181818181818182,0.0,0
566453,1,+0213:+0028,Netherlands,50_to_100km,0.34304923,3,14,0.23529411764705882,0.23529411764705882,0.0,0
567018,1,+0223:+0039,Denmark,20_to_50km,0.33440113,16,26,0.5714285714285714,0.5714285714285714,0.0,0
571289,1,+0223:+0038,Denmark,20_to_50km,0.3292462,25,23,0.4583333333333333,0.4583333333333333,0.0,0
575043,1,+0221:+0039,Denmark,20_to_50km,0.31969026,22,19,0.24390243902439024,0.24390243902439024,0.0,0
576554,1,+0221:+0036,Denmark,20_to_50km,0.28680637,15,24,0.3076923076923077,0.3076923076923077,0.0,0
577014,1,+0162:+0055,Italy,20_to_50km,0.28716952,11,19,0.26666666666666666,0.26666666666666666,0.0,0
577152,1,+0223:+0039,Denmark,20_to_50km,0.33460414,26,26,0.5384615384615384,0.5384615384615384,0.0,0
579326,1,+0221:+0039,Denmark,20_to_50km,0.29377633,18,20,0.42105263157894735,0.42105263157894735,0.0,0
579338,1,+0212:+0028,Netherlands,50_to_100km,0.34509215,10,13,0.6956521739130435,0.6956521739130435,0.0,0
582334,1,+0221:+0039,Denmark,20_to_50km,0.32614246,16,23,0.5641025641025641,0.5641025641025641,0.0,0
582379,1,+0223:+0039,Denmark,20_to_50km,0.31803125,13,31,0.3181818181818182,0.3181818181818182,0.0,0
583717,1,+0221:+0039,Denmark,20_to_50km,0.33353686,14,18,0.4375,0.4375,0.0,0
585085,1,+0223:+0038,Denmark,20_to_50km,0.30142415,29,26,0.4,0.4,0.0,0
585151,1,+0213:+0028,Netherlands,50_to_100km,0.34354532,5,15,0.5,0.5,0.0,0
587540,1,+0221:+0039,Denmark,20_to_50km,0.33892924,16,23,0.41025641025641024,0.41025641025641024,0.0,0
588502,1,+0187:+0024,France,20_to_50km,0.20458321,58,25,0.4578313253012048,0.4578313253012048,0.0,0
588920,1,+0221:+0039,Denmark,20_to_50km,0.31998995,20,25,0.2222222222222222,0.2222222222222222,0.0,0
591885,1,+0221:+0039,Denmark,20_to_50km,0.3218984,9,21,0.13333333333333333,0.13333333333333333,0.0,0
592093,1,+0221:+0036,Denmark,20_to_50km,0.30001488,12,20,0.3125,0.3125,0.0,0
592976,1,+0221:+0039,Denmark,20_to_50km,0.30321214,16,19,0.2857142857142857,0.2857142857142857,0.0,0
595074,1,+0212:+0028,Netherlands,50_to_100km,0.3454606,6,14,0.2,0.2,0.0,0
595760,1,+0223:+0039,Denmark,20_to_50km,0.32248166,21,23,0.5,0.5,0.0,0
600969,1,+0223:+0039,Denmark,20_to_50km,0.3411412,29,24,0.2641509433962264,0.2641509433962264,0.0,0
601577,1,+0223:+0038,Denmark,20_to_50km,0.3431315,19,20,0.41025641025641024,0.41025641025641024,0.0,0
603233,1,+0221:+0036,Denmark,20_to_50km,0.31462756,16,20,0.3333333333333333,0.3333333333333333,0.0,0
604737,1,+0221:+0036,Denmark,20_to_50km,0.29729873,14,17,0.12903225806451613,0.12903225806451613,0.0,0
604867,1,+0213:+0028,Netherlands,50_to_100km,0.331011,3,15,0.3333333333333333,0.3333333333333333,0.0,0
605022,1,+0221:+0036,Denmark,20_to_50km,0.27528197,13,23,0.2777777777777778,0.2777777777777778,0.0,0
606456,1,+0221:+0036,Denmark,20_to_50km,0.28532526,7,21,0.42857142857142855,0.42857142857142855,0.0,0
607028,1,+0221:+0039,Denmark,20_to_50km,0.2721932,8,21,0.13793103448275862,0.13793103448275862,0.0,0
607787,1,+0223:+0038,Denmark,20_to_50km,0.3450052,22,23,0.3111111111111111,0.3111111111111111,0.0,0
609580,1,+0223:+0039,Denmark,20_to_50km,0.31147653,9,26,0.22857142857142856,0.22857142857142856,0.0,0
615303,1,+0221:+0036,Denmark,20_to_50km,0.28036582,16,20,0.3888888888888889,0.3888888888888889,0.0,0
616397,1,+0213:+0028,Netherlands,50_to_100km,0.34443152,7,15,0.36363636363636365,0.36363636363636365,0.0,0
617701,1,+0172:+0001,France,50_to_100km,0.29975098,35,24,0.4745762711864407,0.4745762711864407,0.0,0
620651,1,+0221:+0036,Denmark,20_to_50km,0.3122865,18,22,0.15,0.15,0.0,0
621167,1,+0223:+0039,Denmark,20_to_50km,0.30300254,17,25,0.3333333333333333,0.3333333333333333,0.0,0
621196,1,+0223:+0039,Denmark,20_to_50km,0.31321168,14,24,0.3157894736842105,0.3157894736842105,0.0,0
626743,1,+0221:+0039,Denmark,20_to_50km,0.33340877,25,23,0.5833333333333334,0.5833333333333334,0.0,0
626831,1,+0223:+0038,Denmark,20_to_50km,0.34518597,20,22,0.47619047619047616,0.47619047619047616,0.0,0
633371,1,+0223:+0038,Denmark,20_to_50km,0.3443288,28,25,0.5660377358490566,0.5660377358490566,0.0,0
636576,1,+0164:+0035,Italy,20_to_50km,0.28152013,17,17,0.6470588235294118,0.6470588235294118,0.0,0
637573,1,+0221:+0039,Denmark,20_to_50km,0.32411638,15,21,0.2777777777777778,0.2777777777777778,0.0,0
638089,1,+0223:+0039,Denmark,20_to_50km,0.30813676,20,25,0.5777777777777777,0.5777777777777777,0.0,0
641534,1,+0221:+0039,Denmark,20_to_50km,0.3321426,11,18,0.4827586206896552,0.4827586206896552,0.0,0
642129,1,+0212:+0028,Netherlands,50_to_100km,0.3493513,9,20,0.06896551724137931,0.06896551724137931,0.0,0
642823,1,+0176:+0025,France,20_to_50km,0.2698213,25,21,0.391304347826087,0.391304347826087,0.0,0
643772,1,+0221:+0039,Denmark,20_to_50km,0.30072334,10,24,0.35294117647058826,0.35294117647058826,0.0,0
644780,1,+0223:+0038,Denmark,20_to_50km,0.30797824,5,23,0.14285714285714285,0.14285714285714285,0.0,0
647224,1,+0223:+0039,Denmark,20_to_50km,0.3054694,34,27,0.5573770491803278,0.5573770491803278,0.0,0
647305,1,+0221:+0036,Denmark,20_to_50km,0.27860457,17,21,0.5789473684210527,0.5789473684210527,0.0,0
647941,1,+0221:+0039,Denmark,20_to_50km,0.30059254,8,18,0.38461538461538464,0.38461538461538464,0.0,0
648474,1,+0221:+0036,Denmark,20_to_50km,0.29479012,10,20,0.06666666666666667,0.06666666666666667,0.0,0
648824,1,+0221:+0036,Denmark,20_to_50km,0.2982245,3,20,0.08695652173913043,0.08695652173913043,0.0,0
648923,1,+0221:+0036,Denmark,20_to_50km,0.3204546,17,24,0.3902439024390244,0.3902439024390244,0.0,0
649560,1,+0221:+0039,Denmark,20_to_50km,0.33320466,5,24,0.06896551724137931,0.06896551724137931,0.0,0
652976,1,+0223:+0038,Denmark,20_to_50km,0.34620616,19,25,0.5,0.5,0.0,0
653650,1,+0164:+0035,Italy,20_to_50km,0.27923718,16,16,0.4375,0.4375,0.0,0
656080,1,+0223:+0039,Denmark,20_to_50km,0.3054807,14,22,0.3888888888888889,0.3888888888888889,0.0,0
658329,1,+0221:+0036,Denmark,20_to_50km,0.29059792,17,23,0.4,0.4,0.0,0
664068,1,+0187:+0024,France,20_to_50km,0.22097674,6,27,0.12121212121212122,0.12121212121212122,0.0,0
665461,1,+0223:+0038,Denmark,20_to_50km,0.34364107,27,23,0.32,0.32,0.0,0
667128,1,+0221:+0036,Denmark,20_to_50km,0.2799424,25,21,0.391304347826087,0.391304347826087,0.0,0
670210,1,+0221:+0039,Denmark,20_to_50km,0.29192433,11,20,0.25806451612903225,0.25806451612903225,0.0,0
671025,1,+0221:+0036,Denmark,20_to_50km,0.3007933,8,21,0.3448275862068966,0.3448275862068966,0.0,0
672271,1,+0176:-0001,France,20_to_50km,0.2764393,9,15,0.75,0.75,0.0,0
672472,1,+0212:+0028,Netherlands,50_to_100km,0.35211575,11,17,0.14285714285714285,0.14285714285714285,0.0,0
676408,1,+0178:+0024,France,20_to_50km,0.30174696,7,20,0.2962962962962963,0.2962962962962963,0.0,0
676986,1,+0223:+0038,Denmark,20_to_50km,0.29626903,14,27,0.34146341463414637,0.34146341463414637,0.0,0
678403,1,+0223:+0039,Denmark,20_to_50km,0.30174258,26,27,0.5660377358490566,0.5660377358490566,0.0,0
678687,1,+0223:+0038,Denmark,20_to_50km,0.31870353,22,26,0.4166666666666667,0.4166666666666667,0.0,0
683564,1,+0221:+0039,Denmark,20_to_50km,0.30149817,4,17,0.19047619047619047,0.19047619047619047,0.0,0
686065,1,+0221:+0036,Denmark,20_to_50km,0.2747965,21,19,0.5,0.5,0.0,0
688546,1,+0221:+0039,Denmark,20_to_50km,0.33131835,27,20,0.46808510638297873,0.46808510638297873,0.0,0
694476,1,+0221:+0039,Denmark,20_to_50km,0.3055768,17,22,0.3076923076923077,0.3076923076923077,0.0,0
695087,1,+0171:+0002,France,50_to_100km,0.28439987,31,23,0.4444444444444444,0.4444444444444444,0.0,0
698336,1,+0221:+0039,Denmark,20_to_50km,0.3281122,11,20,0.12903225806451613,0.12903225806451613,0.0,0
700927,1,+0221:+0039,Denmark,20_to_50km,0.33115017,24,20,0.4090909090909091,0.4090909090909091,0.0,0
701772,1,+0221:+0036,Denmark,20_to_50km,0.29461777,9,20,0.27586206896551724,0.27586206896551724,0.0,0
703163,1,+0172:+0001,France,50_to_100km,0.29839873,17,23,0.4,0.4,0.0,0
703587,1,+0223:+0039,Denmark,20_to_50km,0.3365116,18,25,0.5116279069767442,0.5116279069767442,0.0,0
705301,1,+0221:+0036,Denmark,20_to_50km,0.2971934,20,21,0.24390243902439024,0.24390243902439024,0.0,0
706272,1,+0221:+0039,Denmark,20_to_50km,0.32404518,10,19,0.27586206896551724,0.27586206896551724,0.0,0
710337,1,+0221:+0039,Denmark,20_to_50km,0.32171834,22,24,0.391304347826087,0.391304347826087,0.0,0
710536,1,+0171:+0002,France,20_to_50km,0.2770436,27,23,0.52,0.52,0.0,0
711652,1,+0221:+0039,Denmark,20_to_50km,0.32182547,17,20,0.2702702702702703,0.2702702702702703,0.0,0
713447,1,+0221:+0036,Denmark,20_to_50km,0.29304656,8,27,0.4,0.4,0.0,0
717539,1,+0223:+0039,Denmark,20_to_50km,0.29809815,7,21,0.2857142857142857,0.2857142857142857,0.0,0
717963,1,+0221:+0036,Denmark,20_to_50km,0.29291207,15,27,0.47619047619047616,0.47619047619047616,0.0,0
718358,1,+0221:+0039,Denmark,20_to_50km,0.32861307,25,25,0.44,0.44,0.0,0
719281,1,+0221:+0036,Denmark,20_to_50km,0.310435,10,18,0.21428571428571427,0.21428571428571427,0.0,0
719314,1,+0162:+0055,Italy,20_to_50km,0.28763855,19,19,0.5263157894736842,0.5263157894736842,0.0,0
722210,1,+0221:+0039,Denmark,20_to_50km,0.32050833,11,24,0.2857142857142857,0.2857142857142857,0.0,0
724619,1,+0221:+0039,Denmark,20_to_50km,0.32779485,11,23,0.29411764705882354,0.29411764705882354,0.0,0
726690,1,+0221:+0036,Denmark,20_to_50km,0.29798582,12,21,0.42424242424242425,0.42424242424242425,0.0,0
727483,1,+0223:+0038,Denmark,20_to_50km,0.34308752,25,28,0.4528301886792453,0.4528301886792453,0.0,0
727505,1,+0187:+0024,France,20_to_50km,0.20148279,52,25,0.4935064935064935,0.4935064935064935,0.0,0
727744,1,+0221:+0039,Denmark,20_to_50km,0.31311047,11,16,0.14814814814814814,0.14814814814814814,0.0,0
727752,1,+0221:+0039,Denmark,20_to_50km,0.33170784,22,21,0.4186046511627907,0.4186046511627907,0.0,0
728643,1,+0213:+0028,Netherlands,50_to_100km,0.3436188,6,14,0.5,0.5,0.0,0
729392,1,+0221:+0039,Denmark,20_to_50km,0.26443815,10,20,0.3333333333333333,0.3333333333333333,0.0,0
730671,1,+0223:+0038,Denmark,20_to_50km,0.3163832,17,23,0.35,0.35,0.0,0
731956,1,+0221:+0039,Denmark,20_to_50km,0.32140192,19,23,0.09523809523809523,0.09523809523809523,0.0,0
733474,1,+0173:+0003,France,20_to_50km,0.2566288,20,23,0.5116279069767442,0.5116279069767442,0.0,0
735939,1,+0221:+0039,Denmark,20_to_50km,0.3358074,23,23,0.17391304347826086,0.17391304347826086,0.0,0
735959,1,+0192:+0011,France,20_to_50km,0.29117027,11,18,0.27586206896551724,0.27586206896551724,0.0,0
736003,1,+0223:+0039,Denmark,20_to_50km,0.33378178,8,25,0.36363636363636365,0.36363636363636365,0.0,0
738712,1,+0151:+0053,Italy,20_to_50km,0.2850198,7,15,0.0,0.0,0.0,0
739050,1,+0223:+0039,Denmark,20_to_50km,0.32218704,19,24,0.46511627906976744,0.46511627906976744,0.0,0
741142,1,+0177:+0024,France,20_to_50km,0.24276464,16,20,0.16666666666666666,0.16666666666666666,0.0,0
742073,1,+0223:+0038,Denmark,20_to_50km,0.30887738,12,22,0.4117647058823529,0.4117647058823529,0.0,0
742572,1,+0221:+0039,Denmark,20_to_50km,0.26236615,7,18,0.56,0.56,0.0,0
742587,1,+0223:+0038,Denmark,20_to_50km,0.32190564,29,23,0.5384615384615384,0.5384615384615384,0.0,0
746275,1,+0221:+0039,Denmark,20_to_50km,0.3299233,12,23,0.34285714285714286,0.34285714285714286,0.0,0
748720,1,+0221:+0036,Denmark,20_to_50km,0.3146452,18,23,0.43902439024390244,0.43902439024390244,0.0,0
750308,1,+0221:+0039,Denmark,20_to_50km,0.2627935,12,17,0.4827586206896552,0.4827586206896552,0.0,0
750825,1,+0223:+0039,Denmark,20_to_50km,0.33388293,16,24,0.25,0.25,0.0,0
751144,1,+0223:+0039,Denmark,20_to_50km,0.32674128,13,22,0.0,0.0,0.0,0
753606,1,+0223:+0039,Denmark,20_to_50km,0.34339237,26,22,0.375,0.375,0.0,0
753788,1,+0213:+0028,Netherlands,50_to_100km,0.3437024,3,13,0.125,0.125,0.0,0
755747,1,+0213:+0028,Netherlands,50_to_100km,0.34446284,5,15,0.2,0.2,0.0,0
759153,1,+0223:+0039,Denmark,20_to_50km,0.31711936,22,24,0.2608695652173913,0.2608695652173913,0.0,0
766668,1,+0164:+0035,Italy,20_to_50km,0.28093386,14,17,0.5806451612903226,0.5806451612903226,0.0,0
769655,1,+0221:+0039,Denmark,20_to_50km,0.34099275,16,22,0.2631578947368421,0.2631578947368421,0.0,0
771510,1,+0223:+0038,Denmark,20_to_50km,0.32905996,17,25,0.47619047619047616,0.47619047619047616,0.0,0
772113,1,+0221:+0039,Denmark,20_to_50km,0.3191794,25,25,0.44,0.44,0.0,0
773986,1,+0221:+0036,Denmark,20_to_50km,0.2689786,10,21,0.3225806451612903,0.3225806451612903,0.0,0
774540,1,+0223:+0039,Denmark,20_to_50km,0.30251572,27,21,0.20833333333333334,0.20833333333333334,0.0,0
775138,1,+0223:+0038,Denmark,20_to_50km,0.3128719,18,23,0.24390243902439024,0.24390243902439024,0.0,0
776233,1,+0221:+0036,Denmark,20_to_50km,0.27438906,6,16,0.18181818181818182,0.18181818181818182,0.0,0
778742,1,+0171:+0003,France,20_to_50km,0.26134172,38,25,0.38095238095238093,0.38095238095238093,0.0,0
779585,1,+0141:+0096,Greece,100_to_200km,0.46071082,21,25,0.2608695652173913,0.2608695652173913,0.0,0
780691,1,+0221:+0039,Denmark,20_to_50km,0.32232094,15,20,0.4,0.4,0.0,0
782240,1,+0221:+0036,Denmark,20_to_50km,0.2704171,11,21,0.3125,0.3125,0.0,0
784038,1,+0223:+0039,Denmark,20_to_50km,0.3441804,13,25,0.3157894736842105,0.3157894736842105,0.0,0
787689,1,+0223:+0038,Denmark,20_to_50km,0.34403417,9,26,0.4,0.4,0.0,0
792206,1,+0212:+0028,Netherlands,50_to_100km,0.3452079,4,13,0.11764705882352941,0.11764705882352941,0.0,0
796388,1,+0221:+0036,Denmark,20_to_50km,0.31882742,11,20,0.5161290322580645,0.5161290322580645,0.0,0
796699,1,+0221:+0039,Denmark,20_to_50km,0.3387788,15,20,0.05714285714285714,0.05714285714285714,0.0,0
797330,1,+0221:+0039,Denmark,20_to_50km,0.32410738,9,19,0.2857142857142857,0.2857142857142857,0.0,0
801353,1,+0223:+0039,Denmark,20_to_50km,0.33244327,21,22,0.13953488372093023,0.13953488372093023,0.0,0
804871,1,+0221:+0039,Denmark,20_to_50km,0.27738985,16,19,0.2857142857142857,0.2857142857142857,0.0,0
805706,1,+0221:+0039,Denmark,20_to_50km,0.29255462,6,20,0.3076923076923077,0.3076923076923077,0.0,0
805846,1,+0221:+0036,Denmark,20_to_50km,0.27241746,9,21,0.4,0.4,0.0,0
806805,1,+0172:+0001,France,50_to_100km,0.32022768,9,21,0.4,0.4,0.0,0
807961,1,+0223:+0039,Denmark,20_to_50km,0.30438718,14,26,0.5,0.5,0.0,0
809406,1,+0221:+0039,Denmark,20_to_50km,0.33860627,23,22,0.4888888888888889,0.4888888888888889,0.0,0
814955,1,+0223:+0039,Denmark,20_to_50km,0.29936725,21,22,0.46511627906976744,0.46511627906976744,0.0,0
815039,1,+0223:+0039,Denmark,20_to_50km,0.32125995,18,22,0.5,0.5,0.0,0
815801,1,+0221:+0039,Denmark,20_to_50km,0.31195796,13,19,0.3125,0.3125,0.0,0
816361,1,+0223:+0039,Denmark,20_to_50km,0.30859444,12,26,0.3157894736842105,0.3157894736842105,0.0,0
816636,1,+0223:+0038,Denmark,20_to_50km,0.33395603,12,25,0.21621621621621623,0.21621621621621623,0.0,0
818180,1,+0223:+0039,Denmark,20_to_50km,0.31037354,12,27,0.2564102564102564,0.2564102564102564,0.0,0
819042,1,+0223:+0039,Denmark,20_to_50km,0.30914727,20,24,0.4090909090909091,0.4090909090909091,0.0,0
821130,1,+0221:+0036,Denmark,20_to_50km,0.29908216,15,20,0.34285714285714286,0.34285714285714286,0.0,0
824756,1,+0221:+0036,Denmark,20_to_50km,0.32128775,23,22,0.4444444444444444,0.4444444444444444,0.0,0
826378,1,+0221:+0036,Denmark,20_to_50km,0.29314288,5,21,0.07692307692307693,0.07692307692307693,0.0,0
827090,1,+0223:+0039,Denmark,20_to_50km,0.32886544,33,25,0.2413793103448276,0.2413793103448276,0.0,0
829074,1,+0223:+0039,Denmark,20_to_50km,0.3004,12,21,0.36363636363636365,0.36363636363636365,0.0,0
832924,1,+0171:+0002,France,20_to_50km,0.27677462,19,24,0.37209302325581395,0.37209302325581395,0.0,0
834197,1,+0212:+0028,Netherlands,50_to_100km,0.33501387,7,16,0.34782608695652173,0.34782608695652173,0.0,0
838965,1,+0176:+0025,France,20_to_50km,0.2842375,23,21,0.45454545454545453,0.45454545454545453,0.0,0
839771,1,+0223:+0039,Denmark,20_to_50km,0.33295625,15,25,0.5,0.5,0.0,0
840361,1,+0192:+0011,France,20_to_50km,0.29076353,19,19,0.15789473684210525,0.15789473684210525,0.0,0
840617,1,+0221:+0039,Denmark,20_to_50km,0.29134032,10,19,0.13793103448275862,0.13793103448275862,0.0,0
841947,1,+0221:+0039,Denmark,20_to_50km,0.33536893,27,23,0.28,0.28,0.0,0
845681,1,+0223:+0039,Denmark,20_to_50km,0.32422626,6,23,0.20689655172413793,0.20689655172413793,0.0,0
846337,1,+0223:+0039,Denmark,20_to_50km,0.31018785,26,25,0.5098039215686274,0.5098039215686274,0.0,0
847795,1,+0176:+0045,Italy,20_to_50km,0.30806988,23,24,0.425531914893617,0.425531914893617,0.0,0
851275,1,+0223:+0038,Denmark,20_to_50km,0.34463364,19,22,0.3902439024390244,0.3902439024390244,0.0,0
851708,1,+0223:+0039,Denmark,20_to_50km,0.30442783,12,27,0.41025641025641024,0.41025641025641024,0.0,0
855953,1,+0221:+0039,Denmark,20_to_50km,0.31040117,18,20,0.42105263157894735,0.42105263157894735,0.0,0
856492,1,+0223:+0039,Denmark,20_to_50km,0.30363393,17,23,0.35,0.35,0.0,0
857897,1,+0223:+0039,Denmark,20_to_50km,0.341843,17,22,0.3076923076923077,0.3076923076923077,0.0,0
858689,1,+0223:+0039,Denmark,20_to_50km,0.30393964,9,23,0.1875,0.1875,0.0,0
860628,1,+0212:+0028,Netherlands,50_to_100km,0.3438711,6,17,0.34782608695652173,0.34782608695652173,0.0,0
862067,1,+0171:+0002,France,50_to_100km,0.29697335,61,23,0.19047619047619047,0.19047619047619047,0.0,0
862084,1,+0221:+0036,Denmark,20_to_50km,0.30724728,15,21,0.2222222222222222,0.2222222222222222,0.0,0
862246,1,+0223:+0039,Denmark,20_to_50km,0.33113903,13,24,0.3783783783783784,0.3783783783783784,0.0,0
866081,1,+0221:+0036,Denmark,20_to_50km,0.2777371,11,20,0.45161290322580644,0.45161290322580644,0.0,0
866938,1,+0221:+0039,Denmark,20_to_50km,0.29760495,17,21,0.3157894736842105,0.3157894736842105,0.0,0
869090,1,+0213:+0028,Netherlands,50_to_100km,0.34304124,4,16,0.0,0.0,0.0,0
871315,1,+0223:+0039,Denmark,20_to_50km,0.33502728,20,26,0.5217391304347826,0.5217391304347826,0.0,0
872859,1,+0221:+0036,Denmark,20_to_50km,0.2931888,15,21,0.5,0.5,0.0,0
873174,1,+0221:+0039,Denmark,20_to_50km,0.32244244,13,24,0.3783783783783784,0.3783783783783784,0.0,0
874501,1,+0172:+0000,France,50_to_100km,0.28552318,35,23,0.3448275862068966,0.3448275862068966,0.0,0
877841,1,+0223:+0039,Denmark,20_to_50km,0.33542508,22,27,0.32653061224489793,0.32653061224489793,0.0,0
878488,1,+0171:+0003,France,20_to_50km,0.2574348,16,21,0.2702702702702703,0.2702702702702703,0.0,0
878873,1,+0221:+0036,Denmark,20_to_50km,0.3113554,19,25,0.22727272727272727,0.22727272727272727,0.0,0
881343,1,+0223:+0039,Denmark,20_to_50km,0.33819857,22,28,0.44,0.44,0.0,0
882767,1,+0223:+0039,Denmark,20_to_50km,0.32116124,18,24,0.23809523809523808,0.23809523809523808,0.0,0
883586,1,+0221:+0036,Denmark,20_to_50km,0.29932368,7,23,0.06666666666666667,0.06666666666666667,0.0,0
884455,1,+0221:+0036,Denmark,20_to_50km,0.3082209,19,20,0.358974358974359,0.358974358974359,0.0,0
888405,1,+0150:+0052,Italy,20_to_50km,0.23584548,18,18,0.2222222222222222,0.2222222222222222,0.0,0
888802,1,+0174:+0003,France,20_to_50km,0.29658625,29,19,0.5833333333333334,0.5833333333333334,0.0,0
896234,1,+0162:+0055,Italy,20_to_50km,0.28764835,19,20,0.3076923076923077,0.3076923076923077,0.0,0
897304,1,+0176:+0045,Italy,20_to_50km,0.31895205,48,24,0.1388888888888889,0.1388888888888889,0.0,0
899770,1,+0173:+0002,France,20_to_50km,0.2930395,12,21,0.5454545454545454,0.5454545454545454,0.0,0
899799,1,+0221:+0036,Denmark,20_to_50km,0.30669045,10,23,0.36363636363636365,0.36363636363636365,0.0,0
901888,1,+0221:+0039,Denmark,20_to_50km,0.29701668,11,20,0.06451612903225806,0.06451612903225806,0.0,0
902154,1,+0221:+0039,Denmark,20_to_50km,0.31494385,14,18,0.25,0.25,0.0,0
902990,1,+0221:+0036,Denmark,20_to_50km,0.31272563,26,24,0.56,0.56,0.0,0
903194,1,+0221:+0036,Denmark,20_to_50km,0.26147485,15,22,0.43243243243243246,0.43243243243243246,0.0,0
903887,1,+0223:+0039,Denmark,20_to_50km,0.3227676,22,24,0.30434782608695654,0.30434782608695654,0.0,0
906923,1,+0221:+0039,Denmark,20_to_50km,0.30786473,15,22,0.43243243243243246,0.43243243243243246,0.0,0
907166,1,+0221:+0039,Denmark,20_to_50km,0.32845706,14,24,0.2631578947368421,0.2631578947368421,0.0,0
907524,1,+0162:+0055,Italy,20_to_50km,0.28118277,42,23,0.2153846153846154,0.2153846153846154,0.0,0
910048,1,+0223:+0039,Denmark,20_to_50km,0.33546123,15,26,0.24390243902439024,0.24390243902439024,0.0,0
914994,1,+0221:+0036,Denmark,20_to_50km,0.30978757,15,21,0.4444444444444444,0.4444444444444444,0.0,0
916790,1,+0213:+0028,Netherlands,50_to_100km,0.33046773,6,18,0.0,0.0,0.0,0
918100,1,+0221:+0036,Denmark,20_to_50km,0.2958363,24,21,0.4,0.4,0.0,0
918269,1,+0221:+0039,Denmark,20_to_50km,0.26435688,6,19,0.16,0.16,0.0,0
919517,1,+0221:+0036,Denmark,20_to_50km,0.27342552,17,20,0.5405405405405406,0.5405405405405406,0.0,0
919606,1,+0223:+0039,Denmark,20_to_50km,0.33484933,11,28,0.41025641025641024,0.41025641025641024,0.0,0
921760,1,+0212:+0028,Netherlands,50_to_100km,0.3456853,2,15,0.0,0.0,0.0,0
923759,1,+0223:+0038,Denmark,20_to_50km,0.34391508,21,25,0.43478260869565216,0.43478260869565216,0.0,0
926912,1,+0212:+0028,Netherlands,50_to_100km,0.35512298,4,21,0.08,0.08,0.0,0
932097,1,+0221:+0039,Denmark,20_to_50km,0.32407135,8,23,0.25806451612903225,0.25806451612903225,0.0,0
934226,1,+0221:+0039,Denmark,20_to_50km,0.33265206,28,21,0.2857142857142857,0.2857142857142857,0.0,0
938707,1,+0221:+0039,Denmark,20_to_50km,0.29390553,7,18,0.24,0.24,0.0,0
939739,1,+0172:+0000,France,50_to_100km,0.29089418,29,23,0.5769230769230769,0.5769230769230769,0.0,0
939784,1,+0223:+0039,Denmark,20_to_50km,0.34169877,22,25,0.5106382978723404,0.5106382978723404,0.0,0
941402,1,+0223:+0039,Denmark,20_to_50km,0.3380695,18,23,0.24390243902439024,0.24390243902439024,0.0,0
943057,1,+0176:-0001,France,20_to_50km,0.22334978,13,16,0.6896551724137931,0.6896551724137931,0.0,0
943744,1,+0223:+0039,Denmark,20_to_50km,0.3263062,13,25,0.5263157894736842,0.5263157894736842,0.0,0
944345,1,+0221:+0036,Denmark,20_to_50km,0.29498494,12,21,0.48484848484848486,0.48484848484848486,0.0,0
949596,1,+0191:-0017,France,20_to_50km,0.2363226,12,22,0.4117647058823529,0.4117647058823529,0.0,0
950621,1,+0221:+0039,Denmark,20_to_50km,0.28824076,9,20,0.06896551724137931,0.06896551724137931,0.0,0
951167,1,+0221:+0039,Denmark,20_to_50km,0.31814945,7,18,0.16,0.16,0.0,0
952175,1,+0221:+0036,Denmark,20_to_50km,0.31348804,11,22,0.36363636363636365,0.36363636363636365,0.0,0
953867,1,+0223:+0039,Denmark,20_to_50km,0.30372602,11,21,0.3125,0.3125,0.0,0
956256,1,+0221:+0036,Denmark,20_to_50km,0.26832023,8,22,0.13333333333333333,0.13333333333333333,0.0,0
959176,1,+0212:+0028,Netherlands,50_to_100km,0.33471864,6,17,0.17391304347826086,0.17391304347826086,0.0,0
959472,1,+0221:+0039,Denmark,20_to_50km,0.29687333,13,19,0.1875,0.1875,0.0,0
960115,1,+0221:+0036,Denmark,20_to_50km,0.27540076,7,16,0.17391304347826086,0.17391304347826086,0.0,0
962534,1,+0223:+0038,Denmark,20_to_50km,0.3431703,11,27,0.10526315789473684,0.10526315789473684,0.0,0
965733,1,+0221:+0039,Denmark,20_to_50km,0.3283955,6,24,0.2,0.2,0.0,0
967134,1,+0223:+0039,Denmark,20_to_50km,0.3002789,10,20,0.4,0.4,0.0,0
969191,1,+0162:+0055,Italy,20_to_50km,0.28665802,17,18,0.0,0.0,0.0,0
971996,1,+0221:+0036,Denmark,20_to_50km,0.31074402,17,26,0.37209302325581395,0.37209302325581395,0.0,0
983845,1,+0179:-0004,France,20_to_50km,0.21228227,10,16,0.6153846153846154,0.6153846153846154,0.0,0
985952,1,+0213:+0028,Netherlands,50_to_100km,0.3442507,6,17,0.0,0.0,0.0,0
986403,1,+0221:+0039,Denmark,20_to_50km,0.32068107,15,21,0.3888888888888889,0.3888888888888889,0.0,0
988474,1,+0221:+0039,Denmark,20_to_50km,0.30121607,21,19,0.35,0.35,0.0,0
988972,1,+0221:+0039,Denmark,20_to_50km,0.332561,19,20,0.2564102564102564,0.2564102564102564,0.0,0
990750,1,+0221:+0036,Denmark,20_to_50km,0.3039184,28,21,0.2857142857142857,0.2857142857142857,0.0,0
994244,1,+0221:+0039,Denmark,20_to_50km,0.330733,17,20,0.21621621621621623,0.21621621621621623,0.0,0
998686,1,+0221:+0036,Denmark,20_to_50km,0.30006996,14,22,0.3333333333333333,0.3333333333333333,0.0,0
998925,1,+0223:+0039,Denmark,20_to_50km,0.32269382,23,23,0.13043478260869565,0.13043478260869565,0.0,0
1000963,1,+0221:+0039,Denmark,20_to_50km,0.2645373,15,20,0.45714285714285713,0.45714285714285713,0.0,0
1001020,1,+0213:+0028,Netherlands,50_to_100km,0.34483898,8,14,0.45454545454545453,0.45454545454545453,0.0,0
1001212,1,+0223:+0038,Denmark,20_to_50km,0.3452347,12,26,0.42105263157894735,0.42105263157894735,0.0,0
1003916,1,+0221:+0036,Denmark,20_to_50km,0.2958385,20,23,0.32558139534883723,0.32558139534883723,0.0,0
1004684,1,+0223:+0039,Denmark,20_to_50km,0.34030756,16,25,0.2926829268292683,0.2926829268292683,0.0,0
1006052,1,+0223:+0038,Denmark,20_to_50km,0.3304146,2,25,0.07407407407407407,0.07407407407407407,0.0,0
1006686,1,+0221:+0039,Denmark,20_to_50km,0.31509224,21,22,0.46511627906976744,0.46511627906976744,0.0,0
1007077,1,+0173:+0000,France,20_to_50km,0.3119378,16,20,0.6666666666666666,0.6666666666666666,0.0,0
1011528,1,+0221:+0036,Denmark,20_to_50km,0.31237558,10,22,0.4375,0.4375,0.0,0
1012294,1,+0223:+0039,Denmark,20_to_50km,0.2977045,11,20,0.45161290322580644,0.45161290322580644,0.0,0
1012853,1,+0221:+0036,Denmark,20_to_50km,0.2976614,15,21,0.4444444444444444,0.4444444444444444,0.0,0
1015777,1,+0221:+0036,Denmark,20_to_50km,0.29080984,21,22,0.18604651162790697,0.18604651162790697,0.0,0
1017399,1,+0223:+0039,Denmark,20_to_50km,0.31728148,28,26,0.5185185185185185,0.5185185185185185,0.0,0
1019079,1,+0223:+0038,Denmark,20_to_50km,0.34398767,18,30,0.4166666666666667,0.4166666666666667,0.0,0
1019971,1,+0221:+0039,Denmark,20_to_50km,0.32792446,12,22,0.35294117647058826,0.35294117647058826,0.0,0
1020474,1,+0223:+0039,Denmark,20_to_50km,0.31688803,12,22,0.29411764705882354,0.29411764705882354,0.0,0
1024518,1,+0223:+0038,Denmark,20_to_50km,0.3334225,22,24,0.043478260869565216,0.043478260869565216,0.0,0
1026316,1,+0223:+0039,Denmark,20_to_50km,0.32132283,16,24,0.45,0.45,0.0,0
1027901,1,+0223:+0038,Denmark,20_to_50km,0.31568226,17,25,0.38095238095238093,0.38095238095238093,0.0,0
1028649,1,+0221:+0036,Denmark,20_to_50km,0.31683823,4,23,0.2222222222222222,0.2222222222222222,0.0,0
1030857,1,+0221:+0039,Denmark,20_to_50km,0.32728013,18,21,0.41025641025641024,0.41025641025641024,0.0,0
1031128,1,+0221:+0039,Denmark,20_to_50km,0.31202143,9,19,0.35714285714285715,0.35714285714285715,0.0,0
1032002,1,+0173:+0002,France,50_to_100km,0.32937518,20,20,0.6,0.6,0.0,0
1032335,1,+0221:+0039,Denmark,20_to_50km,0.32824153,20,19,0.20512820512820512,0.20512820512820512,0.0,0
1033196,1,+0221:+0039,Denmark,20_to_50km,0.33070248,14,21,0.2857142857142857,0.2857142857142857,0.0,0
1034282,1,+0221:+0039,Denmark,20_to_50km,0.33224103,13,22,0.2857142857142857,0.2857142857142857,0.0,0
1037821,1,+0223:+0038,Denmark,20_to_50km,0.30824518,15,24,0.358974358974359,0.358974358974359,0.0,0
1042889,1,+0221:+0036,Denmark,20_to_50km,0.2796549,14,22,0.05555555555555555,0.05555555555555555,0.0,0
1042980,1,+0221:+0036,Denmark,20_to_50km,0.29708794,27,20,0.6382978723404256,0.6382978723404256,0.0,0
1047360,1,+0172:+0001,France,50_to_100km,0.28967914,22,25,0.5106382978723404,0.5106382978723404,0.0,0
1047609,1,+0223:+0039,Denmark,20_to_50km,0.30252966,27,21,0.375,0.375,0.0,0
1049115,1,+0221:+0039,Denmark,20_to_50km,0.32500452,16,23,0.20512820512820512,0.20512820512820512,0.0,0
1049394,1,+0223:+0039,Denmark,20_to_50km,0.33189374,18,23,0.5853658536585366,0.5853658536585366,0.0,0
1050420,1,+0221:+0036,Denmark,20_to_50km,0.311318,23,23,0.30434782608695654,0.30434782608695654,0.0,0
1051842,1,+0176:-0001,France,20_to_50km,0.262415,9,19,0.6428571428571429,0.6428571428571429,0.0,0
1052109,1,+0223:+0039,Denmark,20_to_50km,0.3032579,11,21,0.375,0.375,0.0,0
1052681,1,+0221:+0039,Denmark,20_to_50km,0.33474034,22,21,0.4186046511627907,0.4186046511627907,0.0,0
1053953,1,+0223:+0038,Denmark,20_to_50km,0.34418106,17,25,0.14285714285714285,0.14285714285714285,0.0,0
1054600,1,+0221:+0036,Denmark,20_to_50km,0.27497512,18,23,0.43902439024390244,0.43902439024390244,0.0,0
1055370,1,+0223:+0038,Denmark,20_to_50km,0.342914,15,25,0.1,0.1,0.0,0
1055529,1,+0171:+0003,France,20_to_50km,0.25679484,31,19,0.52,0.52,0.0,0
1056359,1,+0221:+0039,Denmark,20_to_50km,0.2679672,11,19,0.26666666666666666,0.26666666666666666,0.0,0
1060807,1,+0221:+0036,Denmark,20_to_50km,0.29569048,9,22,0.25806451612903225,0.25806451612903225,0.0,0
1064049,1,+0223:+0039,Denmark,20_to_50km,0.32292098,22,27,0.40816326530612246,0.40816326530612246,0.0,0
1066076,1,+0221:+0039,Denmark,20_to_50km,0.31233692,19,21,0.45,0.45,0.0,0
1066942,1,+0221:+0039,Denmark,20_to_50km,0.323775,15,22,0.21621621621621623,0.21621621621621623,0.0,0
1074326,1,+0223:+0038,Denmark,20_to_50km,0.34497532,35,24,0.3050847457627119,0.3050847457627119,0.0,0
1074882,1,+0223:+0038,Denmark,20_to_50km,0.3223773,20,24,0.36363636363636365,0.36363636363636365,0.0,0
1075049,1,+0223:+0039,Denmark,20_to_50km,0.31605557,25,30,0.4,0.4,0.0,0
1076889,1,+0221:+0036,Denmark,20_to_50km,0.29332146,13,23,0.3888888888888889,0.3888888888888889,0.0,0
1077205,1,+0221:+0036,Denmark,20_to_50km,0.2914975,5,18,0.34782608695652173,0.34782608695652173,0.0,0
1086647,1,+0221:+0036,Denmark,20_to_50km,0.28591233,15,21,0.4444444444444444,0.4444444444444444,0.0,0
1088223,1,+0223:+0039,Denmark,20_to_50km,0.3038393,14,24,0.47368421052631576,0.47368421052631576,0.0,0
1091896,1,+0223:+0039,Denmark,20_to_50km,0.3043922,17,21,0.05263157894736842,0.05263157894736842,0.0,0
1092251,1,+0212:+0028,Netherlands,50_to_100km,0.34741375,7,13,0.5,0.5,0.0,0
1092536,1,+0221:+0039,Denmark,20_to_50km,0.29140007,19,18,0.3783783783783784,0.3783783783783784,0.0,0
1094799,1,+0223:+0039,Denmark,20_to_50km,0.30365035,22,26,0.4166666666666667,0.4166666666666667,0.0,0
1094813,1,+0221:+0039,Denmark,20_to_50km,0.32528076,6,23,0.0,0.0,0.0,0
1095620,1,+0213:+0028,Netherlands,50_to_100km,0.34333465,8,15,0.2608695652173913,0.2608695652173913,0.0,0
1096746,1,+0221:+0039,Denmark,20_to_50km,0.3332615,11,24,0.4,0.4,0.0,0
1100855,1,+0223:+0039,Denmark,20_to_50km,0.3257264,16,25,0.14634146341463414,0.14634146341463414,0.0,0
1103043,1,+0221:+0039,Denmark,20_to_50km,0.32231855,12,24,0.4444444444444444,0.4444444444444444,0.0,0
1108632,1,+0152:+0052,Italy,20_to_50km,0.27542,3,16,0.10526315789473684,0.10526315789473684,0.0,0
1110095,1,+0221:+0036,Denmark,20_to_50km,0.28400442,8,20,0.21428571428571427,0.21428571428571427,0.0,0
1113516,1,+0221:+0036,Denmark,20_to_50km,0.27441323,16,22,0.631578947368421,0.631578947368421,0.0,0
1118484,1,+0212:+0028,Netherlands,50_to_100km,0.34681907,6,14,0.3,0.3,0.0,0
1120386,1,+0185:+0000,France,20_to_50km,0.30112973,29,19,0.4166666666666667,0.4166666666666667,0.0,0
1121870,1,+0221:+0039,Denmark,20_to_50km,0.33925575,20,22,0.23809523809523808,0.23809523809523808,0.0,0
1123574,1,+0221:+0039,Denmark,20_to_50km,0.32737416,17,23,0.5,0.5,0.0,0
1126394,1,+0223:+0038,Denmark,20_to_50km,0.34415063,12,24,0.2777777777777778,0.2777777777777778,0.0,0
1129767,1,+0221:+0039,Denmark,20_to_50km,0.3292478,21,22,0.46511627906976744,0.46511627906976744,0.0,0
1131648,1,+0223:+0038,Denmark,20_to_50km,0.34586406,13,16,0.20689655172413793,0.20689655172413793,0.0,0
1131732,1,+0221:+0039,Denmark,20_to_50km,0.32841069,15,21,0.3888888888888889,0.3888888888888889,0.0,0
1135155,1,+0223:+0039,Denmark,20_to_50km,0.32589027,23,26,0.3673469387755102,0.3673469387755102,0.0,0
1137613,1,+0212:+0028,Netherlands,50_to_100km,0.34969407,10,19,0.20689655172413793,0.20689655172413793,0.0,0
1141328,1,+0223:+0038,Denmark,20_to_50km,0.318585,25,24,0.3673469387755102,0.3673469387755102,0.0,0
1143089,1,+0179:-0001,France,20_to_50km,0.28133735,11,25,0.2777777777777778,0.2777777777777778,0.0,0
1144209,1,+0221:+0039,Denmark,20_to_50km,0.32645872,17,21,0.2631578947368421,0.2631578947368421,0.0,0
1144259,1,+0223:+0039,Denmark,20_to_50km,0.3350469,13,25,0.21052631578947367,0.21052631578947367,0.0,0
1145870,1,+0223:+0038,Denmark,20_to_50km,0.32045636,22,31,0.22641509433962265,0.22641509433962265,0.0,0
1145989,1,+0223:+0039,Denmark,20_to_50km,0.30462527,21,26,0.5531914893617021,0.5531914893617021,0.0,0
1146758,1,+0221:+0039,Denmark,20_to_50km,0.26719752,20,19,0.3076923076923077,0.3076923076923077,0.0,0
1146817,1,+0221:+0036,Denmark,20_to_50km,0.2910776,17,22,0.2564102564102564,0.2564102564102564,0.0,0
1147065,1,+0223:+0039,Denmark,20_to_50km,0.33742407,26,21,0.3829787234042553,0.3829787234042553,0.0,0
1147553,1,+0176:-0001,France,20_to_50km,0.26294997,8,15,0.5217391304347826,0.5217391304347826,0.0,0
1149157,1,+0173:+0002,France,50_to_100km,0.33061203,33,21,0.6296296296296297,0.6296296296296297,0.0,0
1149464,1,+0212:+0028,Netherlands,50_to_100km,0.34963807,5,17,0.09090909090909091,0.09090909090909091,0.0,0
1149738,1,+0221:+0036,Denmark,20_to_50km,0.28236946,18,22,0.25,0.25,0.0,0
1152641,1,+0221:+0039,Denmark,20_to_50km,0.32861853,8,23,0.45161290322580644,0.45161290322580644,0.0,0
1155141,1,+0173:+0003,France,20_to_50km,0.26500067,29,22,0.43137254901960786,0.43137254901960786,0.0,0
1155337,1,+0223:+0039,Denmark,20_to_50km,0.31700245,19,26,0.35555555555555557,0.35555555555555557,0.0,0
1156950,1,+0191:-0017,France,20_to_50km,0.2276359,8,17,0.32,0.32,0.0,0
1157983,1,+0221:+0039,Denmark,20_to_50km,0.29878598,14,21,0.34285714285714286,0.34285714285714286,0.0,0
1160519,1,+0221:+0039,Denmark,20_to_50km,0.32583767,24,20,0.45454545454545453,0.45454545454545453,0.0,0
1160889,1,+0223:+0039,Denmark,20_to_50km,0.31596553,3,24,0.14814814814814814,0.14814814814814814,0.0,0
1161999,1,+0221:+0039,Denmark,20_to_50km,0.2642068,13,22,0.4,0.4,0.0,0
1163653,1,+0212:+0028,Netherlands,50_to_100km,0.35052404,4,15,0.0,0.0,0.0,0
1166376,1,+0223:+0038,Denmark,20_to_50km,0.34256527,25,24,0.3673469387755102,0.3673469387755102,0.0,0
1166871,1,+0179:+0000,France,20_to_50km,0.27166945,12,21,0.48484848484848486,0.48484848484848486,0.0,0
1168592,1,+0221:+0039,Denmark,20_to_50km,0.33448562,23,20,0.32558139534883723,0.32558139534883723,0.0,0
1171417,1,+0221:+0039,Denmark,20_to_50km,0.30920723,10,20,0.2,0.2,0.0,0
1171642,1,+0223:+0038,Denmark,20_to_50km,0.3463477,27,27,0.2222222222222222,0.2222222222222222,0.0,0
1173271,1,+0223:+0039,Denmark,20_to_50km,0.302683,20,25,0.4888888888888889,0.4888888888888889,0.0,0
1175924,1,+0221:+0039,Denmark,20_to_50km,0.32668963,12,23,0.22857142857142856,0.22857142857142856,0.0,0
1178686,1,+0221:+0036,Denmark,20_to_50km,0.31883192,8,22,0.3333333333333333,0.3333333333333333,0.0,0
1178893,1,+0179:-0004,France,20_to_50km,0.21646354,9,13,0.7272727272727273,0.7272727272727273,0.0,0
1181362,1,+0213:+0028,Netherlands,50_to_100km,0.33057576,5,15,0.3,0.3,0.0,0
1186619,1,+0223:+0038,Denmark,20_to_50km,0.2954747,13,25,0.10526315789473684,0.10526315789473684,0.0,0
1187095,1,+0223:+0039,Denmark,20_to_50km,0.34468448,19,24,0.27906976744186046,0.27906976744186046,0.0,0
1190860,1,+0212:+0028,Netherlands,50_to_100km,0.34646437,4,14,0.3333333333333333,0.3333333333333333,0.0,0
1193475,1,+0223:+0038,Denmark,20_to_50km,0.31328616,10,24,0.23529411764705882,0.23529411764705882,0.0,0
1193792,1,+0221:+0039,Denmark,20_to_50km,0.3257035,8,23,0.1935483870967742,0.1935483870967742,0.0,0
1196356,1,+0221:+0036,Denmark,20_to_50km,0.30142885,10,21,0.45161290322580644,0.45161290322580644,0.0,0
1198214,1,+0162:+0055,Italy,20_to_50km,0.2770831,15,15,0.13333333333333333,0.13333333333333333,0.0,0
1201335,1,+0223:+0039,Denmark,20_to_50km,0.3154215,20,24,0.3181818181818182,0.3181818181818182,0.0,0
1204139,1,+0213:+0028,Netherlands,50_to_100km,0.3270522,12,20,0.5,0.5,0.0,0
1206096,1,+0223:+0039,Denmark,20_to_50km,0.321717,16,24,0.3,0.3,0.0,0
1206436,1,+0176:+0045,Italy,20_to_50km,0.30770636,19,24,0.37209302325581395,0.37209302325581395,0.0,0
1209564,1,+0212:+0028,Netherlands,50_to_100km,0.33494118,16,18,0.5294117647058824,0.5294117647058824,0.0,0
1210601,1,+0221:+0036,Denmark,20_to_50km,0.2651322,9,20,0.20689655172413793,0.20689655172413793,0.0,0
1212066,1,+0184:+0000,France,20_to_50km,0.2708085,15,21,0.7222222222222222,0.7222222222222222,0.0,0
1212237,1,+0223:+0039,Denmark,20_to_50km,0.31775427,11,25,0.16666666666666666,0.16666666666666666,0.0,0
1213067,1,+0176:+0046,Italy,20_to_50km,0.2678648,29,24,0.37735849056603776,0.37735849056603776,0.0,0
1214625,1,+0162:+0055,Italy,20_to_50km,0.27999967,23,22,0.4,0.4,0.0,0
1215870,1,+0223:+0039,Denmark,20_to_50km,0.3041307,13,27,0.45,0.45,0.0,0
1216384,1,+0221:+0039,Denmark,20_to_50km,0.28696886,9,20,0.13793103448275862,0.13793103448275862,0.0,0
1218347,1,+0223:+0038,Denmark,20_to_50km,0.3337939,14,22,0.3888888888888889,0.3888888888888889,0.0,0
1219331,1,+0223:+0039,Denmark,20_to_50km,0.30388272,11,23,0.11764705882352941,0.11764705882352941,0.0,0
1219453,1,+0223:+0039,Denmark,20_to_50km,0.30032694,17,27,0.3181818181818182,0.3181818181818182,0.0,0
1220127,1,+0223:+0038,Denmark,20_to_50km,0.31573093,12,25,0.16216216216216217,0.16216216216216217,0.0,0
1220154,1,+0221:+0039,Denmark,20_to_50km,0.29310906,5,20,0.16,0.16,0.0,0
1220620,1,+0212:+0028,Netherlands,50_to_100km,0.35043666,5,18,0.0,0.0,0.0,0
1221578,1,+0221:+0039,Denmark,20_to_50km,0.31663617,11,20,0.3870967741935484,0.3870967741935484,0.0,0
1225431,1,+0221:+0036,Denmark,20_to_50km,0.29537097,16,25,0.5365853658536586,0.5365853658536586,0.0,0
1225720,1,+0221:+0039,Denmark,20_to_50km,0.3247473,14,22,0.2222222222222222,0.2222222222222222,0.0,0
1228569,1,+0223:+0038,Denmark,20_to_50km,0.32372507,20,22,0.42857142857142855,0.42857142857142855,0.0,0
1229991,1,+0221:+0039,Denmark,20_to_50km,0.31532487,9,20,0.3448275862068966,0.3448275862068966,0.0,0
1231471,1,+0223:+0039,Denmark,20_to_50km,0.3120839,14,24,0.3157894736842105,0.3157894736842105,0.0,0
1233979,1,+0221:+0036,Denmark,20_to_50km,0.2863683,8,26,0.4117647058823529,0.4117647058823529,0.0,0
1235316,1,+0221:+0036,Denmark,20_to_50km,0.27264357,7,20,0.0,0.0,0.0,0
1235495,1,+0221:+0039,Denmark,20_to_50km,0.29728442,17,19,0.2777777777777778,0.2777777777777778,0.0,0
1235843,1,+0221:+0036,Denmark,20_to_50km,0.31752896,16,21,0.43243243243243246,0.43243243243243246,0.0,0
1236539,1,+0212:+0028,Netherlands,50_to_100km,0.34566134,1,14,0.0,0.0,0.0,0
1237314,1,+0223:+0039,Denmark,20_to_50km,0.32123664,19,25,0.18181818181818182,0.18181818181818182,0.0,0
1237575,1,+0223:+0039,Denmark,20_to_50km,0.33677578,18,24,0.3333333333333333,0.3333333333333333,0.0,0
1237580,1,+0221:+0036,Denmark,20_to_50km,0.307498,13,23,0.2777777777777778,0.2777777777777778,0.0,0
1238510,1,+0221:+0039,Denmark,20_to_50km,0.32697925,16,22,0.3157894736842105,0.3157894736842105,0.0,0
1240886,1,+0221:+0036,Denmark,20_to_50km,0.29158777,19,27,0.08695652173913043,0.08695652173913043,0.0,0
1244193,1,+0221:+0039,Denmark,20_to_50km,0.32182762,10,23,0.30303030303030304,0.30303030303030304,0.0,0
1244241,1,+0221:+0039,Denmark,20_to_50km,0.32636458,17,24,0.1951219512195122,0.1951219512195122,0.0,0
1244377,1,+0221:+0036,Denmark,20_to_50km,0.27471256,17,22,0.2564102564102564,0.2564102564102564,0.0,0
1245680,1,+0213:+0028,Netherlands,50_to_100km,0.34319365,4,15,0.42105263157894735,0.42105263157894735,0.0,0
1246316,1,+0221:+0039,Denmark,20_to_50km,0.32486126,15,22,0.4864864864864865,0.4864864864864865,0.0,0
1247381,1,+0195:+0072,Slovakia,20_to_50km,0.38314953,56,33,0.33707865168539325,0.33707865168539325,0.0,0
1250451,1,+0223:+0038,Denmark,20_to_50km,0.34429288,18,23,0.43902439024390244,0.43902439024390244,0.0,0
1251296,1,+0223:+0039,Denmark,20_to_50km,0.3292908,26,26,0.6153846153846154,0.6153846153846154,0.0,0
1254107,1,+0223:+0039,Denmark,20_to_50km,0.33760333,21,25,0.43478260869565216,0.43478260869565216,0.0,0
1256723,1,+0221:+0039,Denmark,20_to_50km,0.31584895,11,21,0.375,0.375,0.0,0
1258053,1,+0221:+0039,Denmark,20_to_50km,0.32040507,12,21,0.36363636363636365,0.36363636363636365,0.0,0
1260438,1,+0221:+0036,Denmark,20_to_50km,0.28366393,6,23,0.0,0.0,0.0,0
1261191,1,+0221:+0039,Denmark,20_to_50km,0.32444295,15,24,0.358974358974359,0.358974358974359,0.0,0
1262209,1,+0179:-0004,France,20_to_50km,0.20654497,9,13,0.8181818181818182,0.8181818181818182,0.0,0
1263350,1,+0223:+0039,Denmark,20_to_50km,0.34452453,17,21,0.47368421052631576,0.47368421052631576,0.0,0
1265701,1,+0221:+0039,Denmark,20_to_50km,0.29947427,11,18,0.41379310344827586,0.41379310344827586,0.0,0
1265819,1,+0221:+0036,Denmark,20_to_50km,0.31608546,20,23,0.46511627906976744,0.46511627906976744,0.0,0
1265942,1,+0174:+0003,France,20_to_50km,0.3003103,17,21,0.631578947368421,0.631578947368421,0.0,0
1268431,1,+0221:+0039,Denmark,20_to_50km,0.32465586,12,24,0.16666666666666666,0.16666666666666666,0.0,0
1271736,1,+0213:+0028,Netherlands,50_to_100km,0.344287,5,13,0.5555555555555556,0.5555555555555556,0.0,0
1271898,1,+0212:+0028,Netherlands,50_to_100km,0.34655452,3,19,0.0,0.0,0.0,0
1274262,1,+0223:+0038,Denmark,20_to_50km,0.3176078,37,25,0.5483870967741935,0.5483870967741935,0.0,0
1274765,1,+0221:+0036,Denmark,20_to_50km,0.2735316,14,18,0.3125,0.3125,0.0,0
1274819,1,+0223:+0039,Denmark,20_to_50km,0.30990878,22,26,0.25,0.25,0.0,0
1277433,1,+0221:+0039,Denmark,20_to_50km,0.3289958,12,20,0.25,0.25,0.0,0
1280115,1,+0212:+0028,Netherlands,50_to_100km,0.35107917,10,16,0.07692307692307693,0.07692307692307693,0.0,0
1285849,1,+0221:+0036,Denmark,20_to_50km,0.3135053,15,21,0.2777777777777778,0.2777777777777778,0.0,0
1288828,1,+0212:+0028,Netherlands,50_to_100km,0.34406814,8,18,0.0,0.0,0.0,0
1290366,1,+0221:+0039,Denmark,20_to_50km,0.31884778,26,23,0.40816326530612246,0.40816326530612246,0.0,0
1291009,1,+0223:+0038,Denmark,20_to_50km,0.34501088,19,27,0.4782608695652174,0.4782608695652174,0.0,0
1293564,1,+0221:+0036,Denmark,20_to_50km,0.31817892,34,24,0.5172413793103449,0.5172413793103449,0.0,0
1293832,1,+0221:+0036,Denmark,20_to_50km,0.26757953,14,22,0.5555555555555556,0.5555555555555556,0.0,0
1297490,1,+0221:+0039,Denmark,20_to_50km,0.332865,10,23,0.42424242424242425,0.42424242424242425,0.0,0
1298245,1,+0221:+0039,Denmark,20_to_50km,0.31566402,10,19,0.41379310344827586,0.41379310344827586,0.0,0
1299007,1,+0172:+0001,France,50_to_100km,0.30879056,19,23,0.5238095238095238,0.5238095238095238,0.0,0
1301605,1,+0174:+0003,France,20_to_50km,0.24579743,23,23,0.6086956521739131,0.6086956521739131,0.0,0
1302114,1,+0221:+0039,Denmark,20_to_50km,0.304161,10,21,0.25806451612903225,0.25806451612903225,0.0,0
1302860,1,+0223:+0039,Denmark,20_to_50km,0.30877182,20,26,0.4782608695652174,0.4782608695652174,0.0,0
1307990,1,+0221:+0039,Denmark,20_to_50km,0.32609892,29,23,0.4230769230769231,0.4230769230769231,0.0,0
1309220,1,+0221:+0036,Denmark,20_to_50km,0.3015459,10,20,0.26666666666666666,0.26666666666666666,0.0,0
1309990,1,+0221:+0039,Denmark,20_to_50km,0.32805845,23,24,0.3829787234042553,0.3829787234042553,0.0,0
1310174,1,+0173:+0000,France,20_to_50km,0.29738477,25,23,0.375,0.375,0.0,0
1312214,1,+0221:+0036,Denmark,20_to_50km,0.29514268,15,20,0.45714285714285713,0.45714285714285713,0.0,0
1313726,1,+0223:+0039,Denmark,20_to_50km,0.34036013,16,26,0.047619047619047616,0.047619047619047616,0.0,0
1314407,1,+0223:+0039,Denmark,20_to_50km,0.3166796,21,26,0.46808510638297873,0.46808510638297873,0.0,0
1316736,1,+0221:+0036,Denmark,20_to_50km,0.30368268,20,19,0.358974358974359,0.358974358974359,0.0,0
1316943,1,+0212:+0028,Netherlands,50_to_100km,0.35505676,13,22,0.45714285714285713,0.45714285714285713,0.0,0
1319128,1,+0221:+0039,Denmark,20_to_50km,0.31842014,27,23,0.32,0.32,0.0,0
1323363,1,+0223:+0039,Denmark,20_to_50km,0.32124832,11,25,0.3888888888888889,0.3888888888888889,0.0,0
1325229,1,+0223:+0038,Denmark,20_to_50km,0.34674212,17,26,0.4186046511627907,0.4186046511627907,0.0,0
1326451,1,+0223:+0038,Denmark,20_to_50km,0.3143709,9,23,0.25,0.25,0.0,0
1328752,1,+0223:+0038,Denmark,20_to_50km,0.34509307,28,24,0.3076923076923077,0.3076923076923077,0.0,0
1330664,1,+0221:+0036,Denmark,20_to_50km,0.29526904,10,24,0.11764705882352941,0.11764705882352941,0.0,0
1331035,1,+0221:+0039,Denmark,20_to_50km,0.2646101,8,16,0.3333333333333333,0.3333333333333333,0.0,0
1333709,1,+0221:+0039,Denmark,20_to_50km,0.3267544,10,20,0.26666666666666666,0.26666666666666666,0.0,0
1334271,1,+0221:+0036,Denmark,20_to_50km,0.26805243,9,20,0.5517241379310345,0.5517241379310345,0.0,0
1335791,1,+0162:+0055,Italy,20_to_50km,0.2775443,10,15,0.16,0.16,0.0,0
1338293,1,+0221:+0039,Denmark,20_to_50km,0.32729152,22,24,0.17391304347826086,0.17391304347826086,0.0,0
1338750,1,+0221:+0036,Denmark,20_to_50km,0.31574544,35,24,0.5423728813559322,0.5423728813559322,0.0,0
1339173,1,+0221:+0036,Denmark,20_to_50km,0.29919872,11,18,0.13793103448275862,0.13793103448275862,0.0,0
1341893,1,+0191:-0017,France,20_to_50km,0.26145142,14,17,0.45161290322580644,0.45161290322580644,0.0,0
1342080,1,+0212:+0028,Netherlands,50_to_100km,0.34622103,5,18,0.0,0.0,0.0,0
1343892,1,+0213:+0028,Netherlands,50_to_100km,0.34268978,3,15,0.1111111111111111,0.1111111111111111,0.0,0
1346469,1,+0223:+0039,Denmark,20_to_50km,0.34522521,17,25,0.3333333333333333,0.3333333333333333,0.0,0
1348201,1,+0223:+0038,Denmark,20_to_50km,0.31091577,4,23,0.07407407407407407,0.07407407407407407,0.0,0
1348513,1,+0162:+0055,Italy,20_to_50km,0.2813245,11,22,0.18181818181818182,0.18181818181818182,0.0,0
1349535,1,+0221:+0039,Denmark,20_to_50km,0.3226675,10,23,0.30303030303030304,0.30303030303030304,0.0,0
1349584,1,+0223:+0038,Denmark,20_to_50km,0.33064458,16,22,0.5263157894736842,0.5263157894736842,0.0,0
1351220,1,+0223:+0039,Denmark,20_to_50km,0.31444982,17,25,0.38095238095238093,0.38095238095238093,0.0,0
1351257,1,+0221:+0039,Denmark,20_to_50km,0.3003395,22,17,0.41025641025641024,0.41025641025641024,0.0,0
1353968,1,+0223:+0038,Denmark,20_to_50km,0.31955758,22,26,0.3333333333333333,0.3333333333333333,0.0,0
1362202,1,+0212:+0028,Netherlands,50_to_100km,0.3455177,9,14,0.34782608695652173,0.34782608695652173,0.0,0
1364591,1,+0192:+0011,France,20_to_50km,0.30781645,26,17,0.46511627906976744,0.46511627906976744,0.0,0
1364653,1,+0223:+0039,Denmark,20_to_50km,0.32851323,14,24,0.3684210526315789,0.3684210526315789,0.0,0
1367732,1,+0221:+0039,Denmark,20_to_50km,0.30782527,18,23,0.34146341463414637,0.34146341463414637,0.0,0
1369185,1,+0221:+0039,Denmark,20_to_50km,0.33528808,17,23,0.55,0.55,0.0,0
1370336,1,+0221:+0039,Denmark,20_to_50km,0.2630142,9,18,0.5925925925925926,0.5925925925925926,0.0,0
1370781,1,+0223:+0039,Denmark,20_to_50km,0.32524136,52,23,0.32,0.32,0.0,0
1371997,1,+0221:+0039,Denmark,20_to_50km,0.33413228,17,19,0.3333333333333333,0.3333333333333333,0.0,0
1373844,1,+0221:+0039,Denmark,20_to_50km,0.30288106,15,17,0.1875,0.1875,0.0,0
1374484,1,+0172:+0000,France,20_to_50km,0.270867,38,18,0.35714285714285715,0.35714285714285715,0.0,0
1375528,1,+0213:+0028,Netherlands,50_to_100km,0.3436665,8,13,0.47619047619047616,0.47619047619047616,0.0,0
1376145,1,+0162:+0055,Italy,20_to_50km,0.2774429,12,14,0.3076923076923077,0.3076923076923077,0.0,0
1376846,1,+0172:+0001,France,50_to_100km,0.29377186,41,24,0.3384615384615385,0.3384615384615385,0.0,0
1377994,1,+0221:+0036,Denmark,20_to_50km,0.3208329,10,21,0.3870967741935484,0.3870967741935484,0.0,0
1381026,1,+0177:+0024,France,20_to_50km,0.30485353,19,23,0.47619047619047616,0.47619047619047616,0.0,0
1382393,1,+0221:+0039,Denmark,20_to_50km,0.32855305,7,21,0.2857142857142857,0.2857142857142857,0.0,0
1387197,1,+0223:+0039,Denmark,20_to_50km,0.33664995,19,28,0.2553191489361702,0.2553191489361702,0.0,0
1389192,1,+0221:+0039,Denmark,20_to_50km,0.3392288,28,23,0.43137254901960786,0.43137254901960786,0.0,0
1390227,1,+0179:-0004,France,20_to_50km,0.2143061,11,14,0.72,0.72,0.0,0
1393386,1,+0221:+0036,Denmark,20_to_50km,0.3095455,20,24,0.5,0.5,0.0,0
1396103,1,+0223:+0038,Denmark,20_to_50km,0.33336887,23,25,0.3333333333333333,0.3333333333333333,0.0,0
1397840,1,+0221:+0039,Denmark,20_to_50km,0.3232994,7,22,0.20689655172413793,0.20689655172413793,0.0,0
1402420,1,+0223:+0039,Denmark,20_to_50km,0.30171886,20,19,0.5641025641025641,0.5641025641025641,0.0,0
1403628,1,+0221:+0036,Denmark,20_to_50km,0.2912055,20,21,0.4878048780487805,0.4878048780487805,0.0,0
1405758,1,+0179:-0004,France,20_to_50km,0.21665923,9,15,0.5833333333333334,0.5833333333333334,0.0,0
1408520,1,+0221:+0039,Denmark,20_to_50km,0.2932781,10,19,0.06896551724137931,0.06896551724137931,0.0,0
1409232,1,+0221:+0036,Denmark,20_to_50km,0.3017313,17,23,0.3,0.3,0.0,0
1409916,1,+0221:+0036,Denmark,20_to_50km,0.30118683,16,21,0.2702702702702703,0.2702702702702703,0.0,0
1409989,1,+0221:+0036,Denmark,20_to_50km,0.28580636,18,20,0.5789473684210527,0.5789473684210527,0.0,0
1413565,1,+0223:+0038,Denmark,20_to_50km,0.34054303,46,24,0.2,0.2,0.0,0
1413607,1,+0221:+0039,Denmark,20_to_50km,0.33910576,27,19,0.30434782608695654,0.30434782608695654,0.0,0
1418719,1,+0221:+0036,Denmark,20_to_50km,0.3127107,14,26,0.35,0.35,0.0,0
1419198,1,+0221:+0039,Denmark,20_to_50km,0.32078683,19,23,0.5238095238095238,0.5238095238095238,0.0,0
1425159,1,+0151:+0053,Italy,20_to_50km,0.26206723,4,15,0.0,0.0,0.0,0
1425710,1,+0221:+0039,Denmark,20_to_50km,0.3252439,10,19,0.27586206896551724,0.27586206896551724,0.0,0
1430871,1,+0221:+0039,Denmark,20_to_50km,0.3238046,10,22,0.125,0.125,0.0,0
1430924,1,+0221:+0039,Denmark,20_to_50km,0.29189846,17,18,0.6857142857142857,0.6857142857142857,0.0,0
1431186,1,+0221:+0039,Denmark,20_to_50km,0.27733475,20,16,0.3333333333333333,0.3333333333333333,0.0,0
1436227,1,+0221:+0039,Denmark,20_to_50km,0.32759526,11,22,0.36363636363636365,0.36363636363636365,0.0,0
1439513,1,+0223:+0039,Denmark,20_to_50km,0.30371067,16,24,0.4,0.4,0.0,0
1441272,1,+0177:+0024,France,20_to_50km,0.27002317,4,20,0.16666666666666666,0.16666666666666666,0.0,0
1444523,1,+0221:+0039,Denmark,20_to_50km,0.33584237,20,22,0.3333333333333333,0.3333333333333333,0.0,0
1444834,1,+0213:+0028,Netherlands,50_to_100km,0.34228727,6,16,0.36363636363636365,0.36363636363636365,0.0,0
1445137,1,+0221:+0039,Denmark,20_to_50km,0.33394644,17,20,0.16216216216216217,0.16216216216216217,0.0,0
1447543,1,+0223:+0039,Denmark,20_to_50km,0.30469072,12,25,0.2702702702702703,0.2702702702702703,0.0,0
1452778,1,+0221:+0039,Denmark,20_to_50km,0.29282892,7,19,0.23076923076923078,0.23076923076923078,0.0,0
1456279,1,+0221:+0039,Denmark,20_to_50km,0.32528695,11,19,0.2,0.2,0.0,0
1459791,1,+0223:+0039,Denmark,20_to_50km,0.33128956,20,23,0.46511627906976744,0.46511627906976744,0.0,0
1460138,1,+0223:+0039,Denmark,20_to_50km,0.30884495,19,26,0.35555555555555557,0.35555555555555557,0.0,0
1461387,1,+0221:+0036,Denmark,20_to_50km,0.29781857,11,23,0.17647058823529413,0.17647058823529413,0.0,0
1461874,1,+0221:+0039,Denmark,20_to_50km,0.3272152,10,23,0.18181818181818182,0.18181818181818182,0.0,0
1461902,1,+0223:+0038,Denmark,20_to_50km,0.30414286,15,27,0.42857142857142855,0.42857142857142855,0.0,0
1462590,1,+0223:+0039,Denmark,20_to_50km,0.3042243,24,25,0.40816326530612246,0.40816326530612246,0.0,0
1463172,1,+0221:+0036,Denmark,20_to_50km,0.2679351,10,19,0.41379310344827586,0.41379310344827586,0.0,0
1463447,1,+0221:+0036,Denmark,20_to_50km,0.30237836,8,20,0.35714285714285715,0.35714285714285715,0.0,0
1463561,1,+0223:+0039,Denmark,20_to_50km,0.31403995,5,27,0.125,0.125,0.0,0
1465644,1,+0179:-0004,France,20_to_50km,0.21816714,24,13,0.4864864864864865,0.4864864864864865,0.0,0
1471087,1,+0221:+0039,Denmark,20_to_50km,0.3206765,17,22,0.41025641025641024,0.41025641025641024,0.0,0
1478406,1,+0221:+0039,Denmark,20_to_50km,0.2993583,13,22,0.11428571428571428,0.11428571428571428,0.0,0
1479002,1,+0221:+0039,Denmark,20_to_50km,0.32422385,10,21,0.3225806451612903,0.3225806451612903,0.0,0
1479578,1,+0223:+0039,Denmark,20_to_50km,0.30236933,9,25,0.29411764705882354,0.29411764705882354,0.0,0
1481067,1,+0223:+0039,Denmark,20_to_50km,0.3259163,38,23,0.39344262295081966,0.39344262295081966,0.0,0
1482252,1,+0221:+0039,Denmark,20_to_50km,0.31327835,19,23,0.2857142857142857,0.2857142857142857,0.0,0
1482414,1,+0223:+0038,Denmark,20_to_50km,0.31018987,11,24,0.22857142857142856,0.22857142857142856,0.0,0
1483641,1,+0212:+0028,Netherlands,50_to_100km,0.34416184,5,18,0.0,0.0,0.0,0
1485588,1,+0223:+0039,Denmark,20_to_50km,0.30552885,11,23,0.29411764705882354,0.29411764705882354,0.0,0
1486017,1,+0150:+0054,Italy,50_to_100km,0.28095827,1,19,0.0,0.0,0.0,0
1486103,1,+0223:+0039,Denmark,20_to_50km,0.2989103,18,22,0.35,0.35,0.0,0
1486507,1,+0221:+0036,Denmark,20_to_50km,0.28246775,11,19,0.3333333333333333,0.3333333333333333,0.0,0
1486589,1,+0221:+0036,Denmark,20_to_50km,0.31188166,16,20,0.1111111111111111,0.1111111111111111,0.0,0
1487638,1,+0221:+0039,Denmark,20_to_50km,0.32936862,8,24,0.3125,0.3125,0.0,0
1488748,1,+0223:+0039,Denmark,20_to_50km,0.34546715,15,25,0.35,0.35,0.0,0
1495983,1,+0213:+0028,Netherlands,50_to_100km,0.3429492,8,13,0.5714285714285714,0.5714285714285714,0.0,0
1497075,1,+0221:+0039,Denmark,20_to_50km,0.3268831,15,23,0.42105263157894735,0.42105263157894735,0.0,0
1499722,1,+0221:+0039,Denmark,20_to_50km,0.32524806,16,24,0.2,0.2,0.0,0
1499990,1,+0221:+0036,Denmark,20_to_50km,0.28896564,14,19,0.06060606060606061,0.06060606060606061,0.0,0
1501286,1,+0223:+0038,Denmark,20_to_50km,0.33880115,21,24,0.5777777777777777,0.5777777777777777,0.0,0
1505501,1,+0221:+0039,Denmark,20_to_50km,0.33036202,10,21,0.3870967741935484,0.3870967741935484,0.0,0
1506165,1,+0223:+0039,Denmark,20_to_50km,0.33941963,11,24,0.17142857142857143,0.17142857142857143,0.0,0
1507323,1,+0221:+0039,Denmark,20_to_50km,0.30509463,12,17,0.5517241379310345,0.5517241379310345,0.0,0
1507838,1,+0223:+0039,Denmark,20_to_50km,0.3244307,10,25,0.4,0.4,0.0,0
1508321,1,+0221:+0039,Denmark,20_to_50km,0.3182404,9,22,0.3870967741935484,0.3870967741935484,0.0,0
1508453,1,+0221:+0036,Denmark,20_to_50km,0.31537357,3,23,0.07692307692307693,0.07692307692307693,0.0,0
1510546,1,+0223:+0038,Denmark,20_to_50km,0.3389119,40,24,0.3125,0.3125,0.0,0
1511875,1,+0221:+0039,Denmark,20_to_50km,0.32735464,6,23,0.20689655172413793,0.20689655172413793,0.0,0
1513660,1,+0221:+0039,Denmark,20_to_50km,0.33317438,13,24,0.3783783783783784,0.3783783783783784,0.0,0
1513862,1,+0223:+0039,Denmark,20_to_50km,0.3394236,19,25,0.36363636363636365,0.36363636363636365,0.0,0
1516057,1,+0221:+0039,Denmark,20_to_50km,0.31503564,15,20,0.17142857142857143,0.17142857142857143,0.0,0
1517718,1,+0176:+0025,France,20_to_50km,0.2505623,16,22,0.3684210526315789,0.3684210526315789,0.0,0
1518044,1,+0221:+0036,Denmark,20_to_50km,0.2933731,4,20,0.16666666666666666,0.16666666666666666,0.0,0
1523163,1,+0223:+0039,Denmark,20_to_50km,0.30342036,17,23,0.35,0.35,0.0,0
1527631,1,+0212:+0028,Netherlands,50_to_100km,0.34550744,6,22,0.2857142857142857,0.2857142857142857,0.0,0
1532861,1,+0221:+0039,Denmark,20_to_50km,0.33186236,16,22,0.3157894736842105,0.3157894736842105,0.0,0
1533632,1,+0151:+0053,Italy,20_to_50km,0.2850198,5,14,0.0,0.0,0.0,0
1534926,1,+0212:+0028,Netherlands,50_to_100km,0.3453879,10,15,0.24,0.24,0.0,0
1537676,1,+0187:+0024,France,20_to_50km,0.19613096,74,25,0.36363636363636365,0.36363636363636365,0.0,0
1540719,1,+0221:+0036,Denmark,20_to_50km,0.29157937,17,24,0.0975609756097561,0.0975609756097561,0.0,0
1546394,1,+0221:+0036,Denmark,20_to_50km,0.29475453,11,21,0.4375,0.4375,0.0,0
1546927,1,+0221:+0039,Denmark,20_to_50km,0.30074885,6,22,0.07142857142857142,0.07142857142857142,0.0,0
1549122,1,+0221:+0039,Denmark,20_to_50km,0.33315304,12,19,0.1935483870967742,0.1935483870967742,0.0,0
1549293,1,+0212:+0028,Netherlands,50_to_100km,0.35010412,11,19,0.5333333333333333,0.5333333333333333,0.0,0
1552050,1,+0223:+0039,Denmark,20_to_50km,0.33992526,30,27,0.5614035087719298,0.5614035087719298,0.0,0
1553139,1,+0171:+0003,France,20_to_50km,0.24622256,40,26,0.24242424242424243,0.24242424242424243,0.0,0
1555838,1,+0223:+0038,Denmark,20_to_50km,0.34263873,23,26,0.3673469387755102,0.3673469387755102,0.0,0
1556917,1,+0223:+0038,Denmark,20_to_50km,0.3458848,22,24,0.13043478260869565,0.13043478260869565,0.0,0
1556981,1,+0171:+0003,France,20_to_50km,0.23238344,57,25,0.3170731707317073,0.3170731707317073,0.0,0
1559253,1,+0221:+0039,Denmark,20_to_50km,0.33963764,18,22,0.3,0.3,0.0,0
1559592,1,+0223:+0038,Denmark,20_to_50km,0.3215149,18,24,0.38095238095238093,0.38095238095238093,0.0,0
1563951,1,+0221:+0039,Denmark,20_to_50km,0.29954386,3,22,0.08,0.08,0.0,0
1563957,1,+0221:+0039,Denmark,20_to_50km,0.30347025,26,20,0.391304347826087,0.391304347826087,0.0,0
1565307,1,+0221:+0036,Denmark,20_to_50km,0.2934374,20,23,0.6046511627906976,0.6046511627906976,0.0,0
1569150,1,+0212:+0028,Netherlands,50_to_100km,0.34539586,5,14,0.3157894736842105,0.3157894736842105,0.0,0
1575322,1,+0221:+0036,Denmark,20_to_50km,0.2872078,11,26,0.3783783783783784,0.3783783783783784,0.0,0
1577419,1,+0212:+0028,Netherlands,50_to_100km,0.3480761,3,16,0.21052631578947367,0.21052631578947367,0.0,0
1578290,1,+0223:+0039,Denmark,20_to_50km,0.31832844,17,21,0.2631578947368421,0.2631578947368421,0.0,0
1580051,1,+0223:+0038,Denmark,20_to_50km,0.29800797,13,27,0.25,0.25,0.0,0
1581880,1,+0223:+0039,Denmark,20_to_50km,0.33598074,14,26,0.1,0.1,0.0,0
1583441,1,+0221:+0039,Denmark,20_to_50km,0.31981656,29,23,0.46153846153846156,0.46153846153846156,0.0,0
1583946,1,+0221:+0039,Denmark,20_to_50km,0.3258687,12,23,0.34285714285714286,0.34285714285714286,0.0,0
1585657,1,+0223:+0039,Denmark,20_to_50km,0.3148268,16,28,0.3181818181818182,0.3181818181818182,0.0,0
1588327,1,+0221:+0039,Denmark,20_to_50km,0.31985158,21,19,0.4,0.4,0.0,0
1588647,1,+0223:+0039,Denmark,20_to_50km,0.3137451,19,28,0.2553191489361702,0.2553191489361702,0.0,0
1589540,1,+0221:+0036,Denmark,20_to_50km,0.26705816,16,17,0.36363636363636365,0.36363636363636365,0.0,0
1590230,1,+0221:+0039,Denmark,20_to_50km,0.2941237,11,21,0.4375,0.4375,0.0,0
1591437,1,+0223:+0039,Denmark,20_to_50km,0.31849703,13,24,0.4864864864864865,0.4864864864864865,0.0,0
1591965,1,+0221:+0039,Denmark,20_to_50km,0.32818007,14,23,0.32432432432432434,0.32432432432432434,0.0,0
1593298,1,+0223:+0039,Denmark,20_to_50km,0.30649158,24,23,0.3404255319148936,0.3404255319148936,0.0,0
1594319,1,+0221:+0039,Denmark,20_to_50km,0.30215436,18,23,0.0975609756097561,0.0975609756097561,0.0,0
1595225,1,+0221:+0039,Denmark,20_to_50km,0.3023533,16,19,0.45714285714285713,0.45714285714285713,0.0,0
1596358,1,+0223:+0039,Denmark,20_to_50km,0.30597377,25,25,0.48,0.48,0.0,0
1596760,1,+0223:+0039,Denmark,20_to_50km,0.28663158,11,26,0.16216216216216217,0.16216216216216217,0.0,0
1600118,1,+0213:+0028,Netherlands,50_to_100km,0.34288493,5,15,0.3,0.3,0.0,0
1603721,1,+0221:+0039,Denmark,20_to_50km,0.3199158,9,19,0.14285714285714285,0.14285714285714285,0.0,0
1603997,1,+0221:+0039,Denmark,20_to_50km,0.32699594,18,20,0.5263157894736842,0.5263157894736842,0.0,0
1606989,1,+0223:+0039,Denmark,20_to_50km,0.3116669,14,23,0.16216216216216217,0.16216216216216217,0.0,0
1607250,1,+0179:+0026,France,20_to_50km,0.26253468,10,23,0.30303030303030304,0.30303030303030304,0.0,0
1607993,1,+0223:+0039,Denmark,20_to_50km,0.30287582,25,25,0.32,0.32,0.0,0
1608985,1,+0223:+0039,Denmark,20_to_50km,0.33368132,17,25,0.23809523809523808,0.23809523809523808,0.0,0
1609769,1,+0177:+0024,France,20_to_50km,0.2719842,10,21,0.25806451612903225,0.25806451612903225,0.0,0
1609935,1,+0221:+0036,Denmark,20_to_50km,0.25924128,18,19,0.2702702702702703,0.2702702702702703,0.0,0
1610123,1,+0221:+0039,Denmark,20_to_50km,0.299266,20,24,0.18181818181818182,0.18181818181818182,0.0,0
1610490,1,+0221:+0039,Denmark,20_to_50km,0.3001733,2,23,0.08,0.08,0.0,0
1610639,1,+0223:+0038,Denmark,20_to_50km,0.29530206,22,25,0.2127659574468085,0.2127659574468085,0.0,0
1612172,1,+0223:+0039,Denmark,20_to_50km,0.30504802,24,26,0.4,0.4,0.0,0
1613402,1,+0221:+0039,Denmark,20_to_50km,0.33099857,15,24,0.3076923076923077,0.3076923076923077,0.0,0
1613559,1,+0221:+0036,Denmark,20_to_50km,0.291902,22,21,0.37209302325581395,0.37209302325581395,0.0,0
1613865,1,+0223:+0039,Denmark,20_to_50km,0.30181465,19,25,0.18181818181818182,0.18181818181818182,0.0,0
1614059,1,+0221:+0039,Denmark,20_to_50km,0.31910372,11,24,0.34285714285714286,0.34285714285714286,0.0,0
1614285,1,+0221:+0039,Denmark,20_to_50km,0.32584813,27,20,0.46808510638297873,0.46808510638297873,0.0,0
1616414,1,+0176:+0046,Italy,20_to_50km,0.26786867,27,25,0.3076923076923077,0.3076923076923077,0.0,0
1618452,1,+0179:+0000,France,20_to_50km,0.26073733,23,17,0.55,0.55,0.0,0
1620694,1,+0223:+0038,Denmark,20_to_50km,0.34234238,16,25,0.24390243902439024,0.24390243902439024,0.0,0
1621170,1,+0221:+0039,Denmark,20_to_50km,0.31896392,13,24,0.3783783783783784,0.3783783783783784,0.0,0
1623388,1,+0221:+0039,Denmark,20_to_50km,0.31635377,6,20,0.23076923076923078,0.23076923076923078,0.0,0
1624942,1,+0221:+0036,Denmark,20_to_50km,0.27833977,20,24,0.5,0.5,0.0,0
1627322,1,+0213:+0028,Netherlands,50_to_100km,0.33031735,1,16,0.0,0.0,0.0,0
1628917,1,+0221:+0039,Denmark,20_to_50km,0.32410547,24,24,0.4166666666666667,0.4166666666666667,0.0,0
1631823,1,+0221:+0039,Denmark,20_to_50km,0.29240298,23,21,0.36363636363636365,0.36363636363636365,0.0,0
1634321,1,+0221:+0039,Denmark,20_to_50km,0.3199905,23,21,0.22727272727272727,0.22727272727272727,0.0,0
1638036,1,+0179:-0004,France,20_to_50km,0.20543995,10,14,0.5833333333333334,0.5833333333333334,0.0,0
1638375,1,+0213:+0028,Netherlands,50_to_100km,0.33008352,6,16,0.2727272727272727,0.2727272727272727,0.0,0
1641920,1,+0223:+0039,Denmark,20_to_50km,0.3003485,3,21,0.16666666666666666,0.16666666666666666,0.0,0
1642066,1,+0221:+0036,Denmark,20_to_50km,0.30730975,15,18,0.5454545454545454,0.5454545454545454,0.0,0
1642661,1,+0221:+0039,Denmark,20_to_50km,0.32823357,21,20,0.2926829268292683,0.2926829268292683,0.0,0
1644022,1,+0221:+0039,Denmark,20_to_50km,0.30864012,13,19,0.3125,0.3125,0.0,0
1644082,1,+0221:+0039,Denmark,20_to_50km,0.32820264,11,21,0.3125,0.3125,0.0,0
1644106,1,+0223:+0039,Denmark,20_to_50km,0.3036466,12,24,0.3888888888888889,0.3888888888888889,0.0,0
1647304,1,+0212:+0028,Netherlands,50_to_100km,0.3500359,4,18,0.0,0.0,0.0,0
1647814,1,+0221:+0036,Denmark,20_to_50km,0.3050867,15,22,0.43243243243243246,0.43243243243243246,0.0,0
1651316,1,+0223:+0039,Denmark,20_to_50km,0.30067816,12,21,0.30303030303030304,0.30303030303030304,0.0,0
1653716,1,+0221:+0036,Denmark,20_to_50km,0.30333108,7,22,0.41379310344827586,0.41379310344827586,0.0,0
1654511,1,+0221:+0039,Denmark,20_to_50km,0.33093354,15,24,0.5128205128205128,0.5128205128205128,0.0,0
1657116,1,+0221:+0036,Denmark,20_to_50km,0.2788663,17,17,0.23529411764705882,0.23529411764705882,0.0,0
1658819,1,+0221:+0036,Denmark,20_to_50km,0.26712376,13,20,0.24242424242424243,0.24242424242424243,0.0,0
1660043,1,+0221:+0039,Denmark,20_to_50km,0.3202226,24,21,0.5333333333333333,0.5333333333333333,0.0,0
1661822,1,+0221:+0036,Denmark,20_to_50km,0.27517694,8,22,0.3333333333333333,0.3333333333333333,0.0,0
1663078,1,+0162:+0055,Italy,20_to_50km,0.2876901,16,20,0.5,0.5,0.0,0
1664497,1,+0221:+0036,Denmark,20_to_50km,0.29796365,12,21,0.24242424242424243,0.24242424242424243,0.0,0
1665400,1,+0221:+0036,Denmark,20_to_50km,0.277157,11,22,0.42424242424242425,0.42424242424242425,0.0,0
1666824,1,+0221:+0036,Denmark,20_to_50km,0.30176073,21,20,0.34146341463414637,0.34146341463414637,0.0,0
1667200,1,+0221:+0039,Denmark,20_to_50km,0.29386994,16,20,0.2222222222222222,0.2222222222222222,0.0,0
1669337,1,+0221:+0036,Denmark,20_to_50km,0.31881702,16,23,0.5641025641025641,0.5641025641025641,0.0,0
1670121,1,+0221:+0036,Denmark,20_to_50km,0.27143487,8,20,0.35714285714285715,0.35714285714285715,0.0,0
1672312,1,+0221:+0036,Denmark,20_to_50km,0.26777965,8,20,0.2857142857142857,0.2857142857142857,0.0,0
1673662,1,+0221:+0039,Denmark,20_to_50km,0.32392025,25,24,0.4897959183673469,0.4897959183673469,0.0,0
1674024,1,+0223:+0039,Denmark,20_to_50km,0.3003778,18,22,0.45,0.45,0.0,0
1674448,1,+0212:+0028,Netherlands,50_to_100km,0.35605282,17,16,0.48484848484848486,0.48484848484848486,0.0,0
1674553,1,+0223:+0039,Denmark,20_to_50km,0.29936618,11,18,0.5517241379310345,0.5517241379310345,0.0,0
1678196,1,+0221:+0036,Denmark,20_to_50km,0.2771245,12,20,0.375,0.375,0.0,0
1682080,1,+0223:+0039,Denmark,20_to_50km,0.33906382,28,26,0.37037037037037035,0.37037037037037035,0.0,0
1682776,1,+0223:+0039,Denmark,20_to_50km,0.3359952,16,24,0.25,0.25,0.0,0
1682923,1,+0221:+0039,Denmark,20_to_50km,0.33506876,13,24,0.2702702702702703,0.2702702702702703,0.0,0
1683097,1,+0221:+0039,Denmark,20_to_50km,0.322472,13,24,0.3783783783783784,0.3783783783783784,0.0,0
1683183,1,+0223:+0038,Denmark,20_to_50km,0.31196746,4,25,0.27586206896551724,0.27586206896551724,0.0,0
1687862,1,+0179:-0004,France,20_to_50km,0.21356654,8,14,0.5454545454545454,0.5454545454545454,0.0,0
1687956,1,+0221:+0039,Denmark,20_to_50km,0.3168355,14,20,0.47058823529411764,0.47058823529411764,0.0,0
1690879,1,+0221:+0039,Denmark,20_to_50km,0.3323444,12,21,0.42424242424242425,0.42424242424242425,0.0,0
1691105,1,+0221:+0039,Denmark,20_to_50km,0.3275125,8,22,0.2,0.2,0.0,0
1692206,1,+0221:+0036,Denmark,20_to_50km,0.25548613,6,20,0.38461538461538464,0.38461538461538464,0.0,0
1692234,1,+0221:+0039,Denmark,20_to_50km,0.32946515,9,21,0.5333333333333333,0.5333333333333333,0.0,0
1693838,1,+0223:+0039,Denmark,20_to_50km,0.31720462,22,21,0.32558139534883723,0.32558139534883723,0.0,0
1693881,1,+0223:+0039,Denmark,20_to_50km,0.30336538,16,24,0.3,0.3,0.0,0
1697460,1,+0187:+0024,France,20_to_50km,0.24972838,37,27,0.4375,0.4375,0.0,0
1706194,1,+0223:+0039,Denmark,20_to_50km,0.30327466,7,21,0.21428571428571427,0.21428571428571427,0.0,0
1706562,1,+0223:+0039,Denmark,20_to_50km,0.3143408,12,26,0.3684210526315789,0.3684210526315789,0.0,0
1706850,1,+0221:+0039,Denmark,20_to_50km,0.33843213,18,22,0.35,0.35,0.0,0
1707007,1,+0221:+0039,Denmark,20_to_50km,0.26790377,2,19,0.0,0.0,0.0,0
1709738,1,+0221:+0039,Denmark,20_to_50km,0.32426777,14,24,0.3684210526315789,0.3684210526315789,0.0,0
1711202,1,+0223:+0039,Denmark,20_to_50km,0.31768456,17,23,0.1,0.1,0.0,0
1711946,1,+0223:+0039,Denmark,20_to_50km,0.34345442,27,22,0.32653061224489793,0.32653061224489793,0.0,0
1712765,1,+0221:+0039,Denmark,20_to_50km,0.32047033,9,20,0.27586206896551724,0.27586206896551724,0.0,0
1713233,1,+0223:+0038,Denmark,20_to_50km,0.3326698,23,22,0.4,0.4,0.0,0
1713670,1,+0221:+0036,Denmark,20_to_50km,0.29818738,11,22,0.36363636363636365,0.36363636363636365,0.0,0
1719290,1,+0213:+0028,Netherlands,50_to_100km,0.34304926,8,18,0.3076923076923077,0.3076923076923077,0.0,0
1719976,1,+0221:+0039,Denmark,20_to_50km,0.32591817,23,23,0.6086956521739131,0.6086956521739131,0.0,0
1720773,1,+0223:+0039,Denmark,20_to_50km,0.30648234,14,26,0.25,0.25,0.0,0
1721075,1,+0179:+0026,France,20_to_50km,0.29406893,13,24,0.16216216216216217,0.16216216216216217,0.0,0
1729097,1,+0223:+0039,Denmark,20_to_50km,0.304454,26,25,0.23529411764705882,0.23529411764705882,0.0,0
1730473,1,+0212:+0028,Netherlands,50_to_100km,0.3446423,5,14,0.0,0.0,0.0,0
1731231,1,+0141:+0096,Greece,100_to_200km,0.4601958,29,29,0.27586206896551724,0.27586206896551724,0.0,0
1731534,1,+0221:+0036,Denmark,20_to_50km,0.27461052,9,19,0.5,0.5,0.0,0
1731565,1,+0171:+0002,France,50_to_100km,0.2792586,29,25,0.3333333333333333,0.3333333333333333,0.0,0
1731962,1,+0171:+0002,France,20_to_50km,0.2681505,40,23,0.3492063492063492,0.3492063492063492,0.0,0
1733160,1,+0221:+0039,Denmark,20_to_50km,0.32469922,18,24,0.2857142857142857,0.2857142857142857,0.0,0
1733236,1,+0223:+0039,Denmark,20_to_50km,0.31415066,16,30,0.30434782608695654,0.30434782608695654,0.0,0
1735374,1,+0221:+0036,Denmark,20_to_50km,0.30171034,11,21,0.1875,0.1875,0.0,0
1736978,1,+0221:+0039,Denmark,20_to_50km,0.29210025,9,19,0.21428571428571427,0.21428571428571427,0.0,0
1737087,1,+0171:+0002,France,50_to_100km,0.27872008,41,24,0.3076923076923077,0.3076923076923077,0.0,0
1738228,1,+0213:+0028,Netherlands,50_to_100km,0.3304287,8,18,0.15384615384615385,0.15384615384615385,0.0,0
1738756,1,+0221:+0036,Denmark,20_to_50km,0.2937963,12,25,0.21621621621621623,0.21621621621621623,0.0,0
1740697,1,+0221:+0039,Denmark,20_to_50km,0.33232316,11,20,0.45161290322580644,0.45161290322580644,0.0,0
1741973,1,+0221:+0036,Denmark,20_to_50km,0.30129144,11,21,0.5,0.5,0.0,0
1746911,1,+0223:+0039,Denmark,20_to_50km,0.32672143,29,23,0.38461538461538464,0.38461538461538464,0.0,0
1747098,1,+0221:+0039,Denmark,20_to_50km,0.32805955,8,24,0.1875,0.1875,0.0,0
1747621,1,+0171:+0003,France,20_to_50km,0.267238,16,23,0.20512820512820512,0.20512820512820512,0.0,0
1748620,1,+0221:+0036,Denmark,20_to_50km,0.27057332,12,17,0.41379310344827586,0.41379310344827586,0.0,0
1750909,1,+0212:+0028,Germany,50_to_100km,0.43832785,5,29,0.23529411764705882,0.23529411764705882,0.0,0
1752097,1,+0221:+0036,Denmark,20_to_50km,0.30740252,18,20,0.3157894736842105,0.3157894736842105,0.0,0
1753260,1,+0221:+0039,Denmark,20_to_50km,0.3277295,8,20,0.21428571428571427,0.21428571428571427,0.0,0
1753411,1,+0223:+0039,Denmark,20_to_50km,0.3364422,19,25,0.22727272727272727,0.22727272727272727,0.0,0
1760029,1,+0223:+0039,Denmark,20_to_50km,0.332452,20,24,0.4090909090909091,0.4090909090909091,0.0,0
1761052,1,+0173:+0002,France,20_to_50km,0.31141263,23,22,0.7111111111111111,0.7111111111111111,0.0,0
1761146,1,+0221:+0039,Denmark,20_to_50km,0.3318815,12,23,0.4,0.4,0.0,0
1761725,1,+0223:+0039,Denmark,20_to_50km,0.33232284,26,26,0.38461538461538464,0.38461538461538464,0.0,0
1762526,1,+0223:+0039,Denmark,20_to_50km,0.3358904,20,22,0.6190476190476191,0.6190476190476191,0.0,0
1766512,1,+0221:+0039,Denmark,20_to_50km,0.29166842,16,19,0.17142857142857143,0.17142857142857143,0.0,0
1768019,1,+0223:+0039,Denmark,20_to_50km,0.3342033,16,27,0.32558139534883723,0.32558139534883723,0.0,0
1769284,1,+0223:+0039,Denmark,20_to_50km,0.3404735,30,23,0.41509433962264153,0.41509433962264153,0.0,0
1777097,1,+0223:+0038,Denmark,20_to_50km,0.30821386,13,24,0.32432432432432434,0.32432432432432434,0.0,0
1777360,1,+0221:+0039,Denmark,20_to_50km,0.32688284,11,21,0.375,0.375,0.0,0
1780255,1,+0221:+0036,Denmark,20_to_50km,0.2594893,7,18,0.32,0.32,0.0,0
1781000,1,+0213:+0028,Netherlands,50_to_100km,0.3434548,8,14,0.36363636363636365,0.36363636363636365,0.0,0
1783942,1,+0150:+0054,Italy,50_to_100km,0.28076392,5,16,0.38095238095238093,0.38095238095238093,0.0,0
1784084,1,+0221:+0039,Denmark,20_to_50km,0.3060272,15,19,0.23529411764705882,0.23529411764705882,0.0,0
1785101,1,+0223:+0038,Denmark,20_to_50km,0.32615274,17,24,0.5853658536585366,0.5853658536585366,0.0,0
1785312,1,+0221:+0039,Denmark,20_to_50km,0.32821724,9,23,0.375,0.375,0.0,0
1786920,1,+0221:+0039,Denmark,20_to_50km,0.3238618,23,19,0.3333333333333333,0.3333333333333333,0.0,0
1788842,1,+0221:+0036,Denmark,20_to_50km,0.2817155,12,16,0.5,0.5,0.0,0
1790189,1,+0221:+0036,Denmark,20_to_50km,0.30154318,11,20,0.3225806451612903,0.3225806451612903,0.0,0
1795785,1,+0223:+0038,Denmark,20_to_50km,0.3132012,8,23,0.3225806451612903,0.3225806451612903,0.0,0
1796336,1,+0221:+0039,Denmark,20_to_50km,0.29556128,13,20,0.36363636363636365,0.36363636363636365,0.0,0
1796635,1,+0223:+0039,Denmark,20_to_50km,0.30372232,14,24,0.10526315789473684,0.10526315789473684,0.0,0
1798170,1,+0223:+0039,Denmark,20_to_50km,0.32525223,29,30,0.3728813559322034,0.3728813559322034,0.0,0
1800175,1,+0173:+0000,France,50_to_100km,0.3203134,25,22,0.5957446808510638,0.5957446808510638,0.0,0
1801623,1,+0150:+0052,Italy,20_to_50km,0.3309349,21,24,0.35555555555555557,0.35555555555555557,0.0,0
1802945,1,+0221:+0039,Denmark,20_to_50km,0.32572693,24,21,0.4,0.4,0.0,0
1805105,1,+0172:+0000,France,20_to_50km,0.2775749,29,22,0.47058823529411764,0.47058823529411764,0.0,0
1805543,1,+0223:+0039,Denmark,20_to_50km,0.30832326,26,26,0.34615384615384615,0.34615384615384615,0.0,0
1806090,1,+0221:+0036,Denmark,20_to_50km,0.27327615,19,21,0.4,0.4,0.0,0
1807371,1,+0223:+0039,Denmark,20_to_50km,0.30392513,13,25,0.2631578947368421,0.2631578947368421,0.0,0
1807816,1,+0221:+0039,Denmark,20_to_50km,0.3137685,10,20,0.2,0.2,0.0,0
1808282,1,+0221:+0039,Denmark,20_to_50km,0.30298525,13,18,0.25806451612903225,0.25806451612903225,0.0,0
1810262,1,+0221:+0039,Denmark,20_to_50km,0.32667556,30,22,0.34615384615384615,0.34615384615384615,0.0,0
1810807,1,+0221:+0039,Denmark,20_to_50km,0.30916768,12,19,0.25806451612903225,0.25806451612903225,0.0,0
1811658,1,+0223:+0039,Denmark,20_to_50km,0.34079653,17,25,0.42857142857142855,0.42857142857142855,0.0,0
1813286,1,+0223:+0039,Denmark,20_to_50km,0.31437418,10,27,0.2702702702702703,0.2702702702702703,0.0,0
1814271,1,+0171:+0003,France,20_to_50km,0.26868117,8,23,0.25806451612903225,0.25806451612903225,0.0,0
1815929,1,+0223:+0039,Denmark,20_to_50km,0.3338457,20,26,0.13043478260869565,0.13043478260869565,0.0,0
1818019,1,+0212:+0028,Netherlands,50_to_100km,0.34472913,8,17,0.16,0.16,0.0,0
1820505,1,+0221:+0039,Denmark,20_to_50km,0.31052777,13,23,0.2222222222222222,0.2222222222222222,0.0,0
1823927,1,+0223:+0038,Denmark,20_to_50km,0.34416732,26,22,0.16666666666666666,0.16666666666666666,0.0,0
1827957,1,+0221:+0036,Denmark,20_to_50km,0.31224045,13,26,0.15384615384615385,0.15384615384615385,0.0,0
1829795,1,+0221:+0036,Denmark,20_to_50km,0.31382933,25,23,0.3333333333333333,0.3333333333333333,0.0,0
1830446,1,+0171:+0003,France,20_to_50km,0.24755178,29,23,0.38461538461538464,0.38461538461538464,0.0,0
1834136,1,+0221:+0036,Denmark,20_to_50km,0.2784306,5,21,0.15384615384615385,0.15384615384615385,0.0,0
1834206,1,+0212:+0028,Netherlands,50_to_100km,0.3471377,8,15,0.17391304347826086,0.17391304347826086,0.0,0
1839355,1,+0179:-0004,France,20_to_50km,0.21897145,14,15,0.6896551724137931,0.6896551724137931,0.0,0
1840086,1,+0221:+0036,Denmark,20_to_50km,0.26683885,9,23,0.125,0.125,0.0,0
1842410,1,+0223:+0039,Denmark,20_to_50km,0.30260375,28,21,0.08163265306122448,0.08163265306122448,0.0,0
1844868,1,+0212:+0028,Netherlands,50_to_100km,0.35620165,7,19,0.15384615384615385,0.15384615384615385,0.0,0
1846225,1,+0221:+0039,Denmark,20_to_50km,0.3230294,12,23,0.34285714285714286,0.34285714285714286,0.0,0
1846717,1,+0221:+0039,Denmark,20_to_50km,0.32151973,21,21,0.23809523809523808,0.23809523809523808,0.0,0
1848191,1,+0212:+0028,Netherlands,50_to_100km,0.34360412,9,16,0.4,0.4,0.0,0
1851051,1,+0162:+0055,Italy,20_to_50km,0.27756694,15,14,0.27586206896551724,0.27586206896551724,0.0,0
1856952,1,+0171:+0002,France,20_to_50km,0.26860562,8,23,0.12903225806451613,0.12903225806451613,0.0,0
1859402,1,+0221:+0036,Denmark,20_to_50km,0.31862298,22,24,0.43478260869565216,0.43478260869565216,0.0,0
1859719,1,+0221:+0039,Denmark,20_to_50km,0.31583363,11,23,0.17647058823529413,0.17647058823529413,0.0,0
1859860,1,+0221:+0036,Denmark,20_to_50km,0.29469797,13,23,0.3333333333333333,0.3333333333333333,0.0,0
1860767,1,+0223:+0038,Denmark,20_to_50km,0.32109216,24,25,0.32653061224489793,0.32653061224489793,0.0,0
1861228,1,+0221:+0036,Denmark,20_to_50km,0.29793602,19,22,0.3902439024390244,0.3902439024390244,0.0,0
1861977,1,+0221:+0039,Denmark,20_to_50km,0.2852517,18,17,0.17142857142857143,0.17142857142857143,0.0,0
1862464,1,+0221:+0036,Denmark,20_to_50km,0.31447423,15,23,0.10526315789473684,0.10526315789473684,0.0,0
1863043,1,+0223:+0038,Denmark,20_to_50km,0.3390607,32,22,0.2962962962962963,0.2962962962962963,0.0,0
1867192,1,+0212:+0028,Netherlands,50_to_100km,0.34692243,2,13,0.0,0.0,0.0,0
1868997,1,+0221:+0039,Denmark,20_to_50km,0.323021,12,20,0.3125,0.3125,0.0,0
1869967,1,+0221:+0036,Denmark,20_to_50km,0.2865343,23,19,0.23809523809523808,0.23809523809523808,0.0,0
1874077,1,+0221:+0039,Denmark,20_to_50km,0.2758961,15,23,0.21052631578947367,0.21052631578947367,0.0,0
1875003,1,+0221:+0036,Denmark,20_to_50km,0.29619554,29,22,0.5098039215686274,0.5098039215686274,0.0,0
1875762,1,+0223:+0039,Denmark,20_to_50km,0.30552337,22,24,0.43478260869565216,0.43478260869565216,0.0,0
1875895,1,+0221:+0039,Denmark,20_to_50km,0.26975644,17,21,0.42105263157894735,0.42105263157894735,0.0,0
1882614,1,+0223:+0038,Denmark,20_to_50km,0.30881345,14,23,0.43243243243243246,0.43243243243243246,0.0,0
1885757,1,+0221:+0039,Denmark,20_to_50km,0.32261887,11,19,0.26666666666666666,0.26666666666666666,0.0,0
1886129,1,+0221:+0039,Denmark,20_to_50km,0.3237749,15,22,0.2702702702702703,0.2702702702702703,0.0,0
1891522,1,+0221:+0039,Denmark,20_to_50km,0.3261201,19,24,0.27906976744186046,0.27906976744186046,0.0,0
1892717,1,+0221:+0039,Denmark,20_to_50km,0.29879555,18,19,0.3783783783783784,0.3783783783783784,0.0,0
1893651,1,+0221:+0036,Denmark,20_to_50km,0.29526865,11,14,0.48,0.48,0.0,0
1893973,1,+0221:+0039,Denmark,20_to_50km,0.30075714,5,20,0.24,0.24,0.0,0
1901568,1,+0223:+0039,Denmark,20_to_50km,0.32334203,20,25,0.4,0.4,0.0,0
1903139,1,+0213:+0028,Netherlands,50_to_100km,0.3432778,6,13,0.21052631578947367,0.21052631578947367,0.0,0
1907447,1,+0179:-0004,France,20_to_50km,0.20996119,8,14,0.7272727272727273,0.7272727272727273,0.0,0
1912345,1,+0221:+0039,Denmark,20_to_50km,0.32178563,7,25,0.125,0.125,0.0,0
1913914,1,+0212:+0028,Netherlands,50_to_100km,0.34404397,11,18,0.27586206896551724,0.27586206896551724,0.0,0
1914427,1,+0221:+0036,Denmark,20_to_50km,0.29205564,9,25,0.23529411764705882,0.23529411764705882,0.0,0
1918461,1,+0185:+0000,France,20_to_50km,0.32379556,9,18,0.5925925925925926,0.5925925925925926,0.0,0
1918545,1,+0221:+0039,Denmark,20_to_50km,0.323898,45,25,0.3142857142857143,0.3142857142857143,0.0,0
1920166,1,+0221:+0036,Denmark,20_to_50km,0.2672964,10,21,0.1935483870967742,0.1935483870967742,0.0,0
1923149,1,+0221:+0039,Denmark,20_to_50km,0.31454763,4,22,0.3076923076923077,0.3076923076923077,0.0,0
1923229,1,+0221:+0036,Denmark,20_to_50km,0.31522325,10,19,0.3448275862068966,0.3448275862068966,0.0,0
1923641,1,+0223:+0038,Denmark,20_to_50km,0.32137135,5,21,0.07692307692307693,0.07692307692307693,0.0,0
1925625,1,+0221:+0039,Denmark,20_to_50km,0.29144058,13,20,0.30303030303030304,0.30303030303030304,0.0,0
1925813,1,+0221:+0036,Denmark,20_to_50km,0.3131802,14,26,0.3,0.3,0.0,0
1927070,1,+0221:+0036,Denmark,20_to_50km,0.3012688,11,21,0.4375,0.4375,0.0,0
1931256,1,+0221:+0039,Denmark,20_to_50km,0.3322368,12,22,0.4117647058823529,0.4117647058823529,0.0,0
1933920,1,+0213:+0028,Netherlands,50_to_100km,0.34339347,7,14,0.19047619047619047,0.19047619047619047,0.0,0
1935781,1,+0223:+0039,Denmark,20_to_50km,0.3224229,11,21,0.1875,0.1875,0.0,0
1938456,1,+0223:+0038,Denmark,20_to_50km,0.3453096,15,25,0.45,0.45,0.0,0
1939474,1,+0223:+0039,Denmark,20_to_50km,0.32114968,20,22,0.38095238095238093,0.38095238095238093,0.0,0
1939916,1,+0221:+0039,Denmark,20_to_50km,0.2999161,16,23,0.41025641025641024,0.41025641025641024,0.0,0
1947473,1,+0221:+0036,Denmark,20_to_50km,0.3121603,21,22,0.27906976744186046,0.27906976744186046,0.0,0
1949098,1,+0221:+0036,Denmark,20_to_50km,0.30122465,13,20,0.30303030303030304,0.30303030303030304,0.0,0
1953422,1,+0221:+0039,Denmark,20_to_50km,0.33354157,13,20,0.24242424242424243,0.24242424242424243,0.0,0
1955023,1,+0221:+0039,Denmark,20_to_50km,0.29961243,9,18,0.2962962962962963,0.2962962962962963,0.0,0
1955693,1,+0221:+0039,Denmark,20_to_50km,0.3242873,13,23,0.2777777777777778,0.2777777777777778,0.0,0
1957372,1,+0212:+0028,Netherlands,50_to_100km,0.34718624,9,17,0.3076923076923077,0.3076923076923077,0.0,0
1959893,1,+0223:+0038,Denmark,20_to_50km,0.34063068,21,25,0.391304347826087,0.391304347826087,0.0,0
1960002,1,+0171:+0003,France,20_to_50km,0.2688679,28,24,0.3076923076923077,0.3076923076923077,0.0,0
1960125,1,+0223:+0039,Denmark,20_to_50km,0.32956746,29,25,0.2962962962962963,0.2962962962962963,0.0,0
1963610,1,+0173:+0003,France,20_to_50km,0.27653122,30,23,0.6037735849056604,0.6037735849056604,0.0,0
1964389,1,+0223:+0038,Denmark,20_to_50km,0.34255558,16,23,0.2564102564102564,0.2564102564102564,0.0,0
1967465,1,+0221:+0039,Denmark,20_to_50km,0.31849873,13,23,0.3888888888888889,0.3888888888888889,0.0,0
1969596,1,+0221:+0039,Denmark,20_to_50km,0.3155875,6,23,0.27586206896551724,0.27586206896551724,0.0,0
1974129,1,+0223:+0038,Denmark,20_to_50km,0.30671477,16,26,0.38095238095238093,0.38095238095238093,0.0,0
1977024,1,+0223:+0039,Denmark,20_to_50km,0.32161906,21,23,0.4090909090909091,0.4090909090909091,0.0,0
1978346,1,+0173:+0003,France,20_to_50km,0.2700004,27,23,0.4,0.4,0.0,0
1981353,1,+0221:+0039,Denmark,20_to_50km,0.31443876,18,24,0.47619047619047616,0.47619047619047616,0.0,0
1981827,1,+0221:+0036,Denmark,20_to_50km,0.30118105,11,21,0.0625,0.0625,0.0,0
1983026,1,+0167:+0099,Bulgaria,20_to_50km,0.3778225,34,30,0.28125,0.28125,0.0,0
1983941,1,+0221:+0039,Denmark,20_to_50km,0.32375634,9,18,0.5185185185185185,0.5185185185185185,0.0,0
1987288,1,+0213:+0028,Netherlands,50_to_100km,0.3427147,9,12,0.7619047619047619,0.7619047619047619,0.0,0
1991616,1,+0221:+0039,Denmark,20_to_50km,0.3268899,29,22,0.27450980392156865,0.27450980392156865,0.0,0
1999343,1,+0179:-0001,France,20_to_50km,0.2616702,22,23,0.5333333333333333,0.5333333333333333,0.0,0
2000966,1,+0221:+0039,Denmark,20_to_50km,0.30866042,24,20,0.2727272727272727,0.2727272727272727,0.0,0
2006071,1,+0223:+0038,Denmark,20_to_50km,0.34502813,19,24,0.37209302325581395,0.37209302325581395,0.0,0
2006152,1,+0221:+0039,Denmark,20_to_50km,0.29095703,8,20,0.21428571428571427,0.21428571428571427,0.0,0
2007705,1,+0223:+0039,Denmark,20_to_50km,0.32973057,17,24,0.2926829268292683,0.2926829268292683,0.0,0
2009615,1,+0221:+0039,Denmark,20_to_50km,0.29455796,11,18,0.3448275862068966,0.3448275862068966,0.0,0
2011364,1,+0213:+0028,Netherlands,50_to_100km,0.3420423,14,15,0.4827586206896552,0.4827586206896552,0.0,0
2012226,1,+0221:+0036,Denmark,20_to_50km,0.29528067,16,24,0.45,0.45,0.0,0
2013377,1,+0223:+0038,Denmark,20_to_50km,0.30770084,10,23,0.18181818181818182,0.18181818181818182,0.0,0
2014323,1,+0221:+0036,Denmark,20_to_50km,0.29081374,19,23,0.5238095238095238,0.5238095238095238,0.0,0
2021092,1,+0221:+0039,Denmark,20_to_50km,0.3294497,11,20,0.25806451612903225,0.25806451612903225,0.0,0
2021460,1,+0223:+0038,Denmark,20_to_50km,0.34171465,16,24,0.3,0.3,0.0,0
2021922,1,+0213:+0028,Netherlands,50_to_100km,0.3437274,3,13,0.0,0.0,0.0,0
2023566,1,+0213:+0028,Netherlands,50_to_100km,0.3424465,8,20,0.35714285714285715,0.35714285714285715,0.0,0
2026816,1,+0223:+0039,Denmark,20_to_50km,0.3247867,26,23,0.6122448979591837,0.6122448979591837,0.0,0
2027363,1,+0221:+0039,Denmark,20_to_50km,0.29420707,4,16,0.2,0.2,0.0,0
2027542,1,+0221:+0036,Denmark,20_to_50km,0.31567076,10,23,0.12121212121212122,0.12121212121212122,0.0,0
2027750,1,+0212:+0028,Netherlands,50_to_100km,0.34966463,4,18,0.0,0.0,0.0,0
2028139,1,+0223:+0039,Denmark,20_to_50km,0.3373621,22,28,0.4,0.4,0.0,0
2031306,1,+0212:+0028,Netherlands,50_to_100km,0.34820774,8,18,0.38461538461538464,0.38461538461538464,0.0,0
2033183,1,+0212:+0028,Netherlands,50_to_100km,0.35035905,10,19,0.20689655172413793,0.20689655172413793,0.0,0
2033322,1,+0221:+0036,Denmark,20_to_50km,0.31381124,12,24,0.3333333333333333,0.3333333333333333,0.0,0
2033374,1,+0223:+0039,Denmark,20_to_50km,0.3163341,25,24,0.4489795918367347,0.4489795918367347,0.0,0
2033970,1,+0223:+0039,Denmark,20_to_50km,0.3190379,8,25,0.06060606060606061,0.06060606060606061,0.0,0
2036230,1,+0223:+0039,Denmark,20_to_50km,0.3407607,43,25,0.38235294117647056,0.38235294117647056,0.0,0
2038041,1,+0176:+0046,Italy,20_to_50km,0.24885525,28,26,0.18518518518518517,0.18518518518518517,0.0,0
2040988,1,+0221:+0036,Denmark,20_to_50km,0.27444094,8,20,0.35714285714285715,0.35714285714285715,0.0,0
2041867,1,+0221:+0036,Denmark,20_to_50km,0.28682658,8,20,0.2857142857142857,0.2857142857142857,0.0,0
2043177,1,+0223:+0038,Denmark,20_to_50km,0.34050435,33,23,0.5357142857142857,0.5357142857142857,0.0,0
2043280,1,+0173:+0000,France,20_to_50km,0.26666328,20,22,0.5238095238095238,0.5238095238095238,0.0,0
2043475,1,+0221:+0036,Denmark,20_to_50km,0.30136046,14,21,0.11428571428571428,0.11428571428571428,0.0,0
2045486,1,+0221:+0039,Denmark,20_to_50km,0.3207176,19,20,0.3076923076923077,0.3076923076923077,0.0,0
2045805,1,+0221:+0036,Denmark,20_to_50km,0.29611027,10,23,0.30303030303030304,0.30303030303030304,0.0,0
2054038,1,+0221:+0039,Denmark,20_to_50km,0.32357657,10,20,0.26666666666666666,0.26666666666666666,0.0,0
2056649,1,+0223:+0039,Denmark,20_to_50km,0.3264486,16,23,0.5128205128205128,0.5128205128205128,0.0,0
2058122,1,+0221:+0039,Denmark,20_to_50km,0.33303127,12,19,0.12903225806451613,0.12903225806451613,0.0,0
2058436,1,+0223:+0039,Denmark,20_to_50km,0.31040132,9,26,0.22857142857142856,0.22857142857142856,0.0,0
2065479,1,+0223:+0038,Denmark,20_to_50km,0.3154309,10,25,0.05714285714285714,0.05714285714285714,0.0,0
2066564,1,+0221:+0036,Denmark,20_to_50km,0.30125862,15,17,0.25,0.25,0.0,0
2067166,1,+0187:+0024,France,20_to_50km,0.19894476,53,25,0.5128205128205128,0.5128205128205128,0.0,0
2068834,1,+0223:+0039,Denmark,20_to_50km,0.3002908,15,24,0.2564102564102564,0.2564102564102564,0.0,0
2068839,1,+0221:+0039,Denmark,20_to_50km,0.31681317,17,23,0.4,0.4,0.0,0
2069050,1,+0223:+0038,Denmark,20_to_50km,0.32226565,5,24,0.06896551724137931,0.06896551724137931,0.0,0
2075619,1,+0221:+0039,Denmark,20_to_50km,0.32064167,19,19,0.42105263157894735,0.42105263157894735,0.0,0
2076279,1,+0221:+0039,Denmark,20_to_50km,0.3030914,16,18,0.47058823529411764,0.47058823529411764,0.0,0
2076613,1,+0223:+0038,Denmark,20_to_50km,0.31757745,18,24,0.3333333333333333,0.3333333333333333,0.0,0
2076790,1,+0221:+0036,Denmark,20_to_50km,0.2950069,14,22,0.5,0.5,0.0,0
2077328,1,+0221:+0036,Denmark,20_to_50km,0.27296555,9,20,0.13793103448275862,0.13793103448275862,0.0,0
2080120,1,+0223:+0039,Denmark,20_to_50km,0.33641455,21,27,0.16666666666666666,0.16666666666666666,0.0,0
2084217,1,+0221:+0039,Denmark,20_to_50km,0.33128738,24,19,0.37209302325581395,0.37209302325581395,0.0,0
2084231,1,+0221:+0036,Denmark,20_to_50km,0.3019694,11,20,0.3870967741935484,0.3870967741935484,0.0,0
2085177,1,+0221:+0039,Denmark,20_to_50km,0.32815957,9,24,0.12121212121212122,0.12121212121212122,0.0,0
2089691,1,+0212:+0028,Netherlands,50_to_100km,0.34754792,11,16,0.2962962962962963,0.2962962962962963,0.0,0
2090857,1,+0221:+0036,Denmark,20_to_50km,0.2951839,23,20,0.37209302325581395,0.37209302325581395,0.0,0
2091917,1,+0179:-0001,France,20_to_50km,0.2813218,21,25,0.5652173913043478,0.5652173913043478,0.0,0
2092944,1,+0223:+0039,Denmark,20_to_50km,0.34510335,15,21,0.6666666666666666,0.6666666666666666,0.0,0
2093759,1,+0221:+0036,Denmark,20_to_50km,0.28545934,19,20,0.3076923076923077,0.3076923076923077,0.0,0
2098155,1,+0221:+0039,Denmark,20_to_50km,0.29710987,21,26,0.425531914893617,0.425531914893617,0.0,0
2100226,1,+0221:+0036,Denmark,20_to_50km,0.27307987,11,19,0.4666666666666667,0.4666666666666667,0.0,0
2100775,1,+0221:+0036,Denmark,20_to_50km,0.28172055,15,21,0.5,0.5,0.0,0
2101786,1,+0162:+0055,Italy,20_to_50km,0.28049845,25,19,0.18181818181818182,0.18181818181818182,0.0,0
2108109,1,+0171:+0002,France,20_to_50km,0.27017277,29,24,0.41509433962264153,0.41509433962264153,0.0,0
2110448,1,+0223:+0039,Denmark,20_to_50km,0.30053952,16,25,0.14634146341463414,0.14634146341463414,0.0,0
2113433,1,+0213:+0028,Netherlands,50_to_100km,0.3430223,5,16,0.09523809523809523,0.09523809523809523,0.0,0
2115619,1,+0221:+0039,Denmark,20_to_50km,0.3298048,20,19,0.5128205128205128,0.5128205128205128,0.0,0
2118674,1,+0221:+0039,Denmark,20_to_50km,0.31471667,11,22,0.36363636363636365,0.36363636363636365,0.0,0
2119136,1,+0221:+0036,Denmark,20_to_50km,0.29217297,13,25,0.42105263157894735,0.42105263157894735,0.0,0
2119584,1,+0221:+0039,Denmark,20_to_50km,0.3079603,8,20,0.14285714285714285,0.14285714285714285,0.0,0
2121849,1,+0221:+0039,Denmark,20_to_50km,0.3219629,13,22,0.2857142857142857,0.2857142857142857,0.0,0
2122547,1,+0221:+0039,Denmark,20_to_50km,0.29007244,17,18,0.5142857142857142,0.5142857142857142,0.0,0
2123850,1,+0221:+0039,Denmark,20_to_50km,0.3097759,12,21,0.48484848484848486,0.48484848484848486,0.0,0
2124756,1,+0221:+0039,Denmark,20_to_50km,0.30447286,9,18,0.2222222222222222,0.2222222222222222,0.0,0
2128298,1,+0223:+0038,Denmark,20_to_50km,0.34432712,10,25,0.34285714285714286,0.34285714285714286,0.0,0
2128861,1,+0221:+0036,Denmark,20_to_50km,0.3050387,13,22,0.4,0.4,0.0,0
2129061,1,+0162:+0055,Italy,20_to_50km,0.28721836,15,16,0.25806451612903225,0.25806451612903225,0.0,0
2130778,1,+0221:+0039,Denmark,20_to_50km,0.33018833,10,20,0.4666666666666667,0.4666666666666667,0.0,0
2130833,1,+0223:+0038,Denmark,20_to_50km,0.33442512,16,25,0.24390243902439024,0.24390243902439024,0.0,0
2132053,1,+0221:+0039,Denmark,20_to_50km,0.3251704,5,21,0.15384615384615385,0.15384615384615385,0.0,0
2132380,1,+0171:+0002,France,50_to_100km,0.28113028,21,25,0.30434782608695654,0.30434782608695654,0.0,0
2134673,1,+0221:+0036,Denmark,20_to_50km,0.31275135,33,20,0.37735849056603776,0.37735849056603776,0.0,0
2136376,1,+0221:+0039,Denmark,20_to_50km,0.32386854,2,14,0.125,0.125,0.0,0
2137530,1,+0221:+0039,Denmark,20_to_50km,0.34131473,6,19,0.24,0.24,0.0,0
2142878,1,+0221:+0036,Denmark,20_to_50km,0.30266932,20,22,0.3333333333333333,0.3333333333333333,0.0,0
2143578,1,+0221:+0039,Denmark,20_to_50km,0.3270197,7,22,0.27586206896551724,0.27586206896551724,0.0,0
2143676,1,+0223:+0038,Denmark,20_to_50km,0.30807406,10,25,0.22857142857142856,0.22857142857142856,0.0,0
2144024,1,+0213:+0028,Netherlands,50_to_100km,0.33098078,3,12,0.26666666666666666,0.26666666666666666,0.0,0
2146273,1,+0223:+0038,Denmark,20_to_50km,0.32582483,22,22,0.3181818181818182,0.3181818181818182,0.0,0
2146378,1,+0179:-0004,France,20_to_50km,0.22035347,11,14,0.72,0.72,0.0,0
2146847,1,+0221:+0039,Denmark,20_to_50km,0.32690567,13,24,0.2702702702702703,0.2702702702702703,0.0,0
2146964,1,+0221:+0039,Denmark,20_to_50km,0.33246595,13,22,0.45714285714285713,0.45714285714285713,0.0,0
2148654,1,+0221:+0036,Denmark,20_to_50km,0.30245245,1,20,0.09523809523809523,0.09523809523809523,0.0,0
2149765,1,+0221:+0036,Denmark,20_to_50km,0.26137736,7,19,0.23076923076923078,0.23076923076923078,0.0,0
2161385,1,+0221:+0039,Denmark,20_to_50km,0.30852377,12,20,0.375,0.375,0.0,0
2161835,1,+0223:+0039,Denmark,20_to_50km,0.33988053,23,28,0.5098039215686274,0.5098039215686274,0.0,0
2163098,1,+0223:+0039,Denmark,20_to_50km,0.33643487,25,25,0.44,0.44,0.0,0
2165943,1,+0221:+0036,Denmark,20_to_50km,0.28649205,20,24,0.3181818181818182,0.3181818181818182,0.0,0
2167777,1,+0221:+0039,Denmark,20_to_50km,0.32207075,11,21,0.3125,0.3125,0.0,0
2170393,1,+0221:+0039,Denmark,20_to_50km,0.3104196,14,20,0.4117647058823529,0.4117647058823529,0.0,0
2174770,1,+0172:+0001,France,50_to_100km,0.2989587,26,23,0.32653061224489793,0.32653061224489793,0.0,0
2175083,1,+0221:+0036,Denmark,20_to_50km,0.29554477,14,20,0.0,0.0,0.0,0
2175197,1,+0223:+0038,Denmark,20_to_50km,0.31537303,10,22,0.3125,0.3125,0.0,0
2177147,1,+0221:+0039,Denmark,20_to_50km,0.31145698,8,19,0.2222222222222222,0.2222222222222222,0.0,0
2178660,1,+0223:+0039,Denmark,20_to_50km,0.300448,24,24,0.4166666666666667,0.4166666666666667,0.0,0
2179621,1,+0212:+0028,Netherlands,50_to_100km,0.34562472,11,15,0.5384615384615384,0.5384615384615384,0.0,0
2181214,1,+0221:+0039,Denmark,20_to_50km,0.31370804,16,20,0.2777777777777778,0.2777777777777778,0.0,0
2184184,1,+0221:+0039,Denmark,20_to_50km,0.3169689,16,22,0.3684210526315789,0.3684210526315789,0.0,0
2197026,1,+0223:+0038,Denmark,20_to_50km,0.31586188,28,24,0.3076923076923077,0.3076923076923077,0.0,0
2197679,1,+0213:+0028,Netherlands,50_to_100km,0.34436247,8,16,0.16666666666666666,0.16666666666666666,0.0,0
2198308,1,+0223:+0039,Denmark,20_to_50km,0.31462413,20,24,0.2727272727272727,0.2727272727272727,0.0,0
2199353,1,+0212:+0028,Netherlands,50_to_100km,0.34729242,9,14,0.2608695652173913,0.2608695652173913,0.0,0
2202657,1,+0221:+0039,Denmark,20_to_50km,0.32575685,23,19,0.5238095238095238,0.5238095238095238,0.0,0
2205580,1,+0223:+0039,Denmark,20_to_50km,0.34121335,25,27,0.46153846153846156,0.46153846153846156,0.0,0
2206058,1,+0223:+0039,Denmark,20_to_50km,0.3140471,19,28,0.5531914893617021,0.5531914893617021,0.0,0
2207894,1,+0221:+0039,Denmark,20_to_50km,0.3236758,8,22,0.2,0.2,0.0,0
2208105,1,+0223:+0039,Denmark,20_to_50km,0.34044325,29,27,0.4642857142857143,0.4642857142857143,0.0,0
2210704,1,+0221:+0036,Denmark,20_to_50km,0.28209534,12,18,0.4666666666666667,0.4666666666666667,0.0,0
2212946,1,+0221:+0039,Denmark,20_to_50km,0.3297381,24,21,0.35555555555555557,0.35555555555555557,0.0,0
2213322,1,+0221:+0039,Denmark,20_to_50km,0.33423153,17,20,0.43243243243243246,0.43243243243243246,0.0,0
2213883,1,+0223:+0039,Denmark,20_to_50km,0.30833474,17,29,0.43478260869565216,0.43478260869565216,0.0,0
2218866,1,+0213:+0028,Netherlands,50_to_100km,0.34304896,6,16,0.45454545454545453,0.45454545454545453,0.0,0
2221363,1,+0221:+0039,Denmark,20_to_50km,0.32090765,22,23,0.26666666666666666,0.26666666666666666,0.0,0
2223617,1,+0221:+0036,Denmark,20_to_50km,0.2749673,15,23,0.3157894736842105,0.3157894736842105,0.0,0
2224761,1,+0221:+0039,Denmark,20_to_50km,0.30981192,18,22,0.4,0.4,0.0,0
2225989,1,+0223:+0039,Denmark,20_to_50km,0.3334678,6,23,0.06896551724137931,0.06896551724137931,0.0,0
2228575,1,+0221:+0036,Denmark,20_to_50km,0.29423383,23,20,0.32558139534883723,0.32558139534883723,0.0,0
2229456,1,+0221:+0036,Denmark,20_to_50km,0.28548837,7,20,0.37037037037037035,0.37037037037037035,0.0,0
2232021,1,+0221:+0039,Denmark,20_to_50km,0.3219149,13,22,0.22857142857142856,0.22857142857142856,0.0,0
2232813,1,+0223:+0038,Denmark,20_to_50km,0.304056,22,25,0.46808510638297873,0.46808510638297873,0.0,0
2233455,1,+0221:+0039,Denmark,20_to_50km,0.33987263,16,22,0.10526315789473684,0.10526315789473684,0.0,0
2234770,1,+0221:+0039,Denmark,20_to_50km,0.3257602,11,23,0.35294117647058826,0.35294117647058826,0.0,0
2235964,1,+0221:+0039,Denmark,20_to_50km,0.33743656,13,22,0.2857142857142857,0.2857142857142857,0.0,0
2236030,1,+0221:+0039,Denmark,20_to_50km,0.29894924,8,18,0.3076923076923077,0.3076923076923077,0.0,0
2237428,1,+0223:+0039,Denmark,20_to_50km,0.30443558,28,22,0.4,0.4,0.0,0
2237624,1,+0223:+0039,Denmark,20_to_50km,0.33064488,22,26,0.4166666666666667,0.4166666666666667,0.0,0
2237707,1,+0221:+0039,Denmark,20_to_50km,0.33224007,12,20,0.25,0.25,0.0,0
2239819,1,+0221:+0039,Denmark,20_to_50km,0.2980632,9,20,0.3448275862068966,0.3448275862068966,0.0,0
2242006,1,+0221:+0039,Denmark,20_to_50km,0.3260103,13,23,0.3888888888888889,0.3888888888888889,0.0,0
2242506,1,+0223:+0038,Denmark,20_to_50km,0.3335406,23,25,0.5,0.5,0.0,0
2243815,1,+0179:+0000,France,20_to_50km,0.25097227,22,21,0.5116279069767442,0.5116279069767442,0.0,0
2245507,1,+0221:+0036,Denmark,20_to_50km,0.3026371,10,22,0.125,0.125,0.0,0
2245775,1,+0221:+0036,Denmark,20_to_50km,0.27106267,8,20,0.07142857142857142,0.07142857142857142,0.0,0
2248407,1,+0221:+0039,Denmark,20_to_50km,0.3208456,1,15,0.125,0.125,0.0,0
2248591,1,+0221:+0036,Denmark,20_to_50km,0.26750493,8,21,0.3448275862068966,0.3448275862068966,0.0,0
2252854,1,+0223:+0039,Denmark,20_to_50km,0.34086615,28,28,0.5357142857142857,0.5357142857142857,0.0,0
2256078,1,+0221:+0039,Denmark,20_to_50km,0.3196745,18,20,0.47368421052631576,0.47368421052631576,0.0,0
2256851,1,+0223:+0039,Denmark,20_to_50km,0.31654665,22,23,0.35555555555555557,0.35555555555555557,0.0,0
2260184,1,+0212:+0028,Netherlands,50_to_100km,0.3529032,11,18,0.27586206896551724,0.27586206896551724,0.0,0
2261921,1,+0221:+0036,Denmark,20_to_50km,0.28734952,6,25,0.1935483870967742,0.1935483870967742,0.0,0
2263731,1,+0179:-0004,France,20_to_50km,0.2230151,9,13,0.7272727272727273,0.7272727272727273,0.0,0
2264021,1,+0223:+0039,Denmark,20_to_50km,0.32994956,15,27,0.14285714285714285,0.14285714285714285,0.0,0
2264086,1,+0223:+0039,Denmark,20_to_50km,0.32129347,18,24,0.3333333333333333,0.3333333333333333,0.0,0
2265327,1,+0221:+0036,Denmark,20_to_50km,0.26858896,16,22,0.3157894736842105,0.3157894736842105,0.0,0
2265896,1,+0221:+0039,Denmark,20_to_50km,0.3183715,8,19,0.07407407407407407,0.07407407407407407,0.0,0
2266595,1,+0221:+0036,Denmark,20_to_50km,0.31395382,11,21,0.3125,0.3125,0.0,0
2267010,1,+0223:+0038,Denmark,20_to_50km,0.30650342,9,27,0.2777777777777778,0.2777777777777778,0.0,0
2268023,1,+0223:+0038,Denmark,20_to_50km,0.31513867,6,25,0.06451612903225806,0.06451612903225806,0.0,0
2269197,1,+0221:+0036,Denmark,20_to_50km,0.29265845,26,22,0.4583333333333333,0.4583333333333333,0.0,0
2269393,1,+0223:+0039,Denmark,20_to_50km,0.31387222,27,23,0.32,0.32,0.0,0
2269421,1,+0172:+0000,France,20_to_50km,0.2745769,23,23,0.34782608695652173,0.34782608695652173,0.0,0
2272347,1,+0213:+0028,Netherlands,50_to_100km,0.3438672,5,13,0.3333333333333333,0.3333333333333333,0.0,0
2275576,1,+0221:+0039,Denmark,20_to_50km,0.3213549,12,22,0.23529411764705882,0.23529411764705882,0.0,0
2276094,1,+0221:+0039,Denmark,20_to_50km,0.32428834,15,23,0.3157894736842105,0.3157894736842105,0.0,0
2277407,1,+0176:-0001,France,20_to_50km,0.294587,12,15,0.6666666666666666,0.6666666666666666,0.0,0
2278197,1,+0221:+0036,Denmark,20_to_50km,0.27353275,10,20,0.4,0.4,0.0,0
2284311,1,+0221:+0036,Denmark,20_to_50km,0.29069418,25,25,0.48,0.48,0.0,0
2284732,1,+0221:+0039,Denmark,20_to_50km,0.3198852,12,21,0.24242424242424243,0.24242424242424243,0.0,0
2286045,1,+0221:+0036,Denmark,20_to_50km,0.27514693,13,15,0.14285714285714285,0.14285714285714285,0.0,0
2286051,1,+0221:+0036,Denmark,20_to_50km,0.2677138,13,22,0.6285714285714286,0.6285714285714286,0.0,0
2286318,1,+0223:+0038,Denmark,20_to_50km,0.34263873,24,25,0.32653061224489793,0.32653061224489793,0.0,0
2289864,1,+0221:+0039,Denmark,20_to_50km,0.33855984,22,19,0.0,0.0,0.0,0
2290537,1,+0221:+0039,Denmark,20_to_50km,0.32859045,7,24,0.25806451612903225,0.25806451612903225,0.0,0
2292613,1,+0213:+0028,Netherlands,50_to_100km,0.342511,4,17,0.19047619047619047,0.19047619047619047,0.0,0
2294510,1,+0223:+0038,Denmark,20_to_50km,0.31484997,13,23,0.3333333333333333,0.3333333333333333,0.0,0
2295562,1,+0179:-0004,France,20_to_50km,0.20861422,8,15,0.6086956521739131,0.6086956521739131,0.0,0
2297693,1,+0223:+0038,Denmark,20_to_50km,0.32186183,23,28,0.43137254901960786,0.43137254901960786,0.0,0
2302135,1,+0213:+0028,Netherlands,50_to_100km,0.34284616,1,13,0.0,0.0,0.0,0
2305169,1,+0223:+0039,Denmark,20_to_50km,0.33807433,23,30,0.5283018867924528,0.5283018867924528,0.0,0
2306294,1,+0221:+0039,Denmark,20_to_50km,0.3287152,15,22,0.43243243243243246,0.43243243243243246,0.0,0
2306382,1,+0221:+0039,Denmark,20_to_50km,0.3034655,17,20,0.32432432432432434,0.32432432432432434,0.0,0
2310062,1,+0221:+0039,Denmark,20_to_50km,0.32715657,15,25,0.35,0.35,0.0,0
2310327,1,+0223:+0039,Denmark,20_to_50km,0.3423237,22,22,0.3181818181818182,0.3181818181818182,0.0,0
2311478,1,+0213:+0028,Netherlands,50_to_100km,0.34373257,5,12,0.5882352941176471,0.5882352941176471,0.0,0
2315360,1,+0221:+0039,Denmark,20_to_50km,0.2630166,11,16,0.6666666666666666,0.6666666666666666,0.0,0
2319903,1,+0221:+0039,Denmark,20_to_50km,0.32014275,27,21,0.375,0.375,0.0,0
2321333,1,+0223:+0039,Denmark,20_to_50km,0.32933185,15,25,0.1,0.1,0.0,0
2330910,1,+0223:+0038,Denmark,20_to_50km,0.34462318,11,26,0.16216216216216217,0.16216216216216217,0.0,0
2331855,1,+0221:+0039,Denmark,20_to_50km,0.3311709,17,22,0.5128205128205128,0.5128205128205128,0.0,0
2332910,1,+0221:+0036,Denmark,20_to_50km,0.2947037,14,20,0.5294117647058824,0.5294117647058824,0.0,0
2332924,1,+0221:+0036,Denmark,20_to_50km,0.30179697,10,22,0.25,0.25,0.0,0
2333396,1,+0221:+0039,Denmark,20_to_50km,0.32141247,15,22,0.2702702702702703,0.2702702702702703,0.0,0
2333427,1,+0223:+0039,Denmark,20_to_50km,0.30318126,14,22,0.2222222222222222,0.2222222222222222,0.0,0
2334239,1,+0221:+0036,Denmark,20_to_50km,0.312221,12,25,0.16216216216216217,0.16216216216216217,0.0,0
2335031,1,+0221:+0039,Denmark,20_to_50km,0.3160649,21,22,0.27906976744186046,0.27906976744186046,0.0,0
2336932,1,+0221:+0039,Denmark,20_to_50km,0.31753385,14,21,0.22857142857142856,0.22857142857142856,0.0,0
2337342,1,+0223:+0038,Denmark,20_to_50km,0.29503077,14,27,0.34146341463414637,0.34146341463414637,0.0,0
2338483,1,+0221:+0039,Denmark,20_to_50km,0.33826837,16,21,0.3783783783783784,0.3783783783783784,0.0,0
2339746,1,+0221:+0039,Denmark,20_to_50km,0.32906634,18,22,0.45,0.45,0.0,0
2341170,1,+0221:+0039,Denmark,20_to_50km,0.31964958,13,19,0.375,0.375,0.0,0
2343462,1,+0213:+0028,Netherlands,50_to_100km,0.344418,9,14,0.34782608695652173,0.34782608695652173,0.0,0
2345061,1,+0221:+0036,Denmark,20_to_50km,0.27322552,13,20,0.24242424242424243,0.24242424242424243,0.0,0
2346645,1,+0150:+0052,Italy,20_to_50km,0.3309116,25,24,0.40816326530612246,0.40816326530612246,0.0,0
2347127,1,+0221:+0039,Denmark,20_to_50km,0.33281305,21,20,0.3902439024390244,0.3902439024390244,0.0,0
2347592,1,+0223:+0038,Denmark,20_to_50km,0.3293013,19,26,0.35555555555555557,0.35555555555555557,0.0,0
2347615,1,+0221:+0036,Denmark,20_to_50km,0.31590262,14,23,0.4864864864864865,0.4864864864864865,0.0,0
2348946,1,+0152:+0052,Italy,20_to_50km,0.27945668,1,19,0.0,0.0,0.0,0
2350210,1,+0221:+0039,Denmark,20_to_50km,0.30328408,11,18,0.3448275862068966,0.3448275862068966,0.0,0
2352458,1,+0221:+0039,Denmark,20_to_50km,0.31931964,15,19,0.17647058823529413,0.17647058823529413,0.0,0
2353868,1,+0221:+0039,Denmark,20_to_50km,0.2920646,13,20,0.18181818181818182,0.18181818181818182,0.0,0
2355310,1,+0213:+0028,Netherlands,50_to_100km,0.34286597,4,14,0.2222222222222222,0.2222222222222222,0.0,0
2357548,1,+0177:+0024,France,20_to_50km,0.26317564,16,20,0.2222222222222222,0.2222222222222222,0.0,0
2357913,1,+0221:+0039,Denmark,20_to_50km,0.27228516,13,19,0.25,0.25,0.0,0
2359514,1,+0221:+0039,Denmark,20_to_50km,0.31173936,20,22,0.5238095238095238,0.5238095238095238,0.0,0
2359648,1,+0223:+0038,Denmark,20_to_50km,0.34305516,15,25,0.35,0.35,0.0,0
2360088,1,+0221:+0036,Denmark,20_to_50km,0.27204537,20,21,0.4878048780487805,0.4878048780487805,0.0,0
2365825,1,+0221:+0036,Denmark,20_to_50km,0.29663047,10,21,0.3870967741935484,0.3870967741935484,0.0,0
2366267,1,+0221:+0039,Denmark,20_to_50km,0.30424637,18,19,0.4864864864864865,0.4864864864864865,0.0,0
2367650,1,+0221:+0039,Denmark,20_to_50km,0.33059186,24,19,0.37209302325581395,0.37209302325581395,0.0,0
2368175,1,+0223:+0039,Denmark,20_to_50km,0.32081774,13,22,0.4,0.4,0.0,0
2369138,1,+0221:+0039,Denmark,20_to_50km,0.29882628,14,20,0.5294117647058824,0.5294117647058824,0.0,0
2369774,1,+0221:+0039,Denmark,20_to_50km,0.32690692,15,22,0.3783783783783784,0.3783783783783784,0.0,0
2371762,1,+0223:+0039,Denmark,20_to_50km,0.31813583,17,22,0.41025641025641024,0.41025641025641024,0.0,0
2377113,1,+0221:+0039,Denmark,20_to_50km,0.32850072,17,22,0.46153846153846156,0.46153846153846156,0.0,0
2378213,1,+0221:+0036,Denmark,20_to_50km,0.29366437,11,26,0.32432432432432434,0.32432432432432434,0.0,0
2380136,1,+0223:+0039,Denmark,20_to_50km,0.2999303,14,22,0.2777777777777778,0.2777777777777778,0.0,0
2380875,1,+0223:+0039,Denmark,20_to_50km,0.34517303,26,23,0.3673469387755102,0.3673469387755102,0.0,0
2381099,1,+0221:+0036,Denmark,20_to_50km,0.27360836,18,20,0.42105263157894735,0.42105263157894735,0.0,0
2383917,1,+0223:+0038,Denmark,20_to_50km,0.3190591,11,28,0.41025641025641024,0.41025641025641024,0.0,0
2386415,1,+0221:+0036,Denmark,20_to_50km,0.30965602,15,24,0.46153846153846156,0.46153846153846156,0.0,0
2389963,1,+0223:+0039,Denmark,20_to_50km,0.31671247,17,23,0.4,0.4,0.0,0
2390083,1,+0221:+0039,Denmark,20_to_50km,0.29288405,6,23,0.20689655172413793,0.20689655172413793,0.0,0
2392438,1,+0223:+0038,Denmark,20_to_50km,0.31098327,10,23,0.30303030303030304,0.30303030303030304,0.0,0
2394787,1,+0221:+0036,Denmark,20_to_50km,0.3161442,19,24,0.4186046511627907,0.4186046511627907,0.0,0
2395361,1,+0221:+0039,Denmark,20_to_50km,0.2852224,9,20,0.20689655172413793,0.20689655172413793,0.0,0
2397290,1,+0171:+0003,France,20_to_50km,0.26565978,26,23,0.3673469387755102,0.3673469387755102,0.0,0
2400498,1,+0221:+0039,Denmark,20_to_50km,0.3396088,25,22,0.2978723404255319,0.2978723404255319,0.0,0
2402069,1,+0223:+0039,Denmark,20_to_50km,0.31876457,12,22,0.5294117647058824,0.5294117647058824,0.0,0
2403968,1,+0221:+0036,Denmark,20_to_50km,0.27416825,19,20,0.2564102564102564,0.2564102564102564,0.0,0
2407627,1,+0221:+0036,Denmark,20_to_50km,0.29196787,13,27,0.3,0.3,0.0,0
2407927,1,+0172:+0000,France,50_to_100km,0.282733,12,19,0.06451612903225806,0.06451612903225806,0.0,0
2412584,1,+0221:+0036,Denmark,20_to_50km,0.27653974,13,18,0.3225806451612903,0.3225806451612903,0.0,0
2413536,1,+0150:+0052,Italy,20_to_50km,0.2345697,17,16,0.30303030303030304,0.30303030303030304,0.0,0
2414138,1,+0221:+0039,Denmark,20_to_50km,0.2923974,8,20,0.07142857142857142,0.07142857142857142,0.0,0
2414423,1,+0221:+0036,Denmark,20_to_50km,0.2895748,16,21,0.21621621621621623,0.21621621621621623,0.0,0
2417296,1,+0221:+0039,Denmark,20_to_50km,0.3156967,10,19,0.13793103448275862,0.13793103448275862,0.0,0
2422630,1,+0221:+0039,Denmark,20_to_50km,0.29305384,11,20,0.25806451612903225,0.25806451612903225,0.0,0
2424643,1,+0221:+0039,Denmark,20_to_50km,0.32373258,17,18,0.5142857142857142,0.5142857142857142,0.0,0
2430909,1,+0223:+0039,Denmark,20_to_50km,0.3291489,16,27,0.37209302325581395,0.37209302325581395,0.0,0
2433421,1,+0223:+0038,Denmark,20_to_50km,0.33985692,7,23,0.4666666666666667,0.4666666666666667,0.0,0
2435483,1,+0221:+0039,Denmark,20_to_50km,0.32203984,15,24,0.358974358974359,0.358974358974359,0.0,0
2436311,1,+0141:+0097,Greece,100_to_200km,0.50629336,27,28,0.36363636363636365,0.36363636363636365,0.0,0
2436960,1,+0223:+0038,Denmark,20_to_50km,0.34220558,29,29,0.41379310344827586,0.41379310344827586,0.0,0
2437156,1,+0221:+0039,Denmark,20_to_50km,0.3196126,9,23,0.25,0.25,0.0,0
2437693,1,+0223:+0038,Denmark,20_to_50km,0.31897703,38,24,0.5806451612903226,0.5806451612903226,0.0,0
2440053,1,+0223:+0039,Denmark,20_to_50km,0.30037168,11,22,0.24242424242424243,0.24242424242424243,0.0,0
2442475,1,+0221:+0039,Denmark,20_to_50km,0.32364362,14,21,0.2857142857142857,0.2857142857142857,0.0,0
2442897,1,+0223:+0038,Denmark,20_to_50km,0.34264803,20,24,0.5454545454545454,0.5454545454545454,0.0,0
2443454,1,+0223:+0039,Denmark,20_to_50km,0.34120545,6,25,0.12903225806451613,0.12903225806451613,0.0,0
2445694,1,+0221:+0036,Denmark,20_to_50km,0.3190688,12,24,0.2222222222222222,0.2222222222222222,0.0,0
2448387,1,+0223:+0038,Denmark,20_to_50km,0.34084997,19,23,0.5714285714285714,0.5714285714285714,0.0,0
2448558,1,+0212:+0028,Netherlands,50_to_100km,0.34966147,3,15,0.0,0.0,0.0,0
2450915,1,+0221:+0039,Denmark,20_to_50km,0.3056475,7,21,0.35714285714285715,0.35714285714285715,0.0,0
2454045,1,+0223:+0039,Denmark,20_to_50km,0.31798273,13,22,0.45714285714285713,0.45714285714285713,0.0,0
2454245,1,+0223:+0038,Denmark,20_to_50km,0.345923,8,25,0.06060606060606061,0.06060606060606061,0.0,0
2457715,1,+0221:+0036,Denmark,20_to_50km,0.3064958,12,19,0.45161290322580644,0.45161290322580644,0.0,0
2458984,1,+0221:+0039,Denmark,20_to_50km,0.314552,21,21,0.5238095238095238,0.5238095238095238,0.0,0
2460763,1,+0223:+0039,Denmark,20_to_50km,0.32142437,15,25,0.3,0.3,0.0,0
2463494,1,+0223:+0038,Denmark,20_to_50km,0.34424824,36,24,0.4666666666666667,0.4666666666666667,0.0,0
2465269,1,+0221:+0036,Denmark,20_to_50km,0.26771587,13,21,0.47058823529411764,0.47058823529411764,0.0,0
2466366,1,+0223:+0038,Denmark,20_to_50km,0.3192429,30,24,0.07407407407407407,0.07407407407407407,0.0,0
2470793,1,+0212:+0028,Netherlands,50_to_100km,0.34716463,5,15,0.4,0.4,0.0,0
2471106,1,+0221:+0036,Denmark,20_to_50km,0.26835865,10,20,0.3333333333333333,0.3333333333333333,0.0,0
2471870,1,+0221:+0039,Denmark,20_to_50km,0.32907385,12,16,0.7142857142857143,0.7142857142857143,0.0,0
2474300,1,+0223:+0039,Denmark,20_to_50km,0.32639894,8,26,0.17647058823529413,0.17647058823529413,0.0,0
2474678,1,+0213:+0028,Netherlands,50_to_100km,0.34275422,3,13,0.375,0.375,0.0,0
2475282,1,+0212:+0028,Germany,50_to_100km,0.43824,5,23,0.2857142857142857,0.2857142857142857,0.0,0
2477933,1,+0221:+0036,Denmark,20_to_50km,0.27854055,10,20,0.4,0.4,0.0,0
2478756,1,+0221:+0039,Denmark,20_to_50km,0.3232149,17,24,0.43902439024390244,0.43902439024390244,0.0,0
2489352,1,+0221:+0039,Denmark,20_to_50km,0.33896932,15,24,0.358974358974359,0.358974358974359,0.0,0
2490352,1,+0221:+0036,Denmark,20_to_50km,0.3156951,13,23,0.2777777777777778,0.2777777777777778,0.0,0
2490745,1,+0213:+0028,Netherlands,50_to_100km,0.3305982,3,14,0.0,0.0,0.0,0
2495048,1,+0223:+0039,Denmark,20_to_50km,0.30219886,16,24,0.2,0.2,0.0,0
2496746,1,+0221:+0036,Denmark,20_to_50km,0.29721567,24,22,0.21739130434782608,0.21739130434782608,0.0,0
2497102,1,+0174:+0003,France,20_to_50km,0.23678507,29,22,0.5882352941176471,0.5882352941176471,0.0,0
2500513,1,+0223:+0038,Denmark,20_to_50km,0.30872777,16,23,0.20512820512820512,0.20512820512820512,0.0,0
2502742,1,+0212:+0028,Netherlands,50_to_100km,0.35070077,6,19,0.24,0.24,0.0,0
2503953,1,+0162:+0055,Italy,20_to_50km,0.27600354,12,17,0.06896551724137931,0.06896551724137931,0.0,0
2508283,1,+0192:+0011,France,20_to_50km,0.28001782,12,21,0.36363636363636365,0.36363636363636365,0.0,0
2509351,1,+0221:+0036,Denmark,20_to_50km,0.29469872,17,23,0.2,0.2,0.0,0
2510768,1,+0223:+0039,Denmark,20_to_50km,0.30268574,24,22,0.4782608695652174,0.4782608695652174,0.0,0
2512652,1,+0176:-0001,France,20_to_50km,0.271344,9,19,0.2857142857142857,0.2857142857142857,0.0,0
2518567,1,+0221:+0039,Denmark,20_to_50km,0.3063131,8,23,0.3225806451612903,0.3225806451612903,0.0,0
2518592,1,+0221:+0039,Denmark,20_to_50km,0.31467834,10,24,0.23529411764705882,0.23529411764705882,0.0,0
2519671,1,+0221:+0036,Denmark,20_to_50km,0.28731585,14,19,0.42424242424242425,0.42424242424242425,0.0,0
2520484,1,+0223:+0039,Denmark,20_to_50km,0.3323143,14,22,0.6111111111111112,0.6111111111111112,0.0,0
2520894,1,+0171:+0003,France,20_to_50km,0.2389205,37,24,0.4918032786885246,0.4918032786885246,0.0,0
2525616,1,+0223:+0039,Denmark,20_to_50km,0.30344963,19,26,0.3111111111111111,0.3111111111111111,0.0,0
2527397,1,+0221:+0036,Denmark,20_to_50km,0.29912037,15,21,0.2777777777777778,0.2777777777777778,0.0,0
2527498,1,+0221:+0039,Denmark,20_to_50km,0.26433066,8,17,0.56,0.56,0.0,0
2527878,1,+0221:+0039,Denmark,20_to_50km,0.26763058,15,22,0.2702702702702703,0.2702702702702703,0.0,0
2528527,1,+0223:+0038,Denmark,20_to_50km,0.31364495,16,23,0.20512820512820512,0.20512820512820512,0.0,0
2532253,1,+0223:+0039,Denmark,20_to_50km,0.33959618,19,28,0.3404255319148936,0.3404255319148936,0.0,0
2534224,1,+0221:+0036,Denmark,20_to_50km,0.29411,6,22,0.21428571428571427,0.21428571428571427,0.0,0
2534884,1,+0223:+0039,Denmark,20_to_50km,0.338091,29,27,0.35714285714285715,0.35714285714285715,0.0,0
2537986,1,+0176:+0045,Italy,20_to_50km,0.307803,20,25,0.26666666666666666,0.26666666666666666,0.0,0
2539420,1,+0223:+0039,Denmark,20_to_50km,0.3028094,19,26,0.4444444444444444,0.4444444444444444,0.0,0
2540031,1,+0221:+0036,Denmark,20_to_50km,0.30275,10,21,0.5161290322580645,0.5161290322580645,0.0,0
2540226,1,+0223:+0039,Denmark,20_to_50km,0.3296097,22,22,0.22727272727272727,0.22727272727272727,0.0,0
2543185,1,+0221:+0039,Denmark,20_to_50km,0.3349406,24,23,0.3404255319148936,0.3404255319148936,0.0,0
2544184,1,+0221:+0036,Denmark,20_to_50km,0.31313893,27,20,0.3404255319148936,0.3404255319148936,0.0,0
2551700,1,+0223:+0038,Denmark,20_to_50km,0.34311408,22,22,0.13636363636363635,0.13636363636363635,0.0,0
2553431,1,+0179:+0000,France,20_to_50km,0.25647178,9,20,0.27586206896551724,0.27586206896551724,0.0,0
2556214,1,+0223:+0039,Denmark,20_to_50km,0.33215982,19,23,0.5238095238095238,0.5238095238095238,0.0,0
2556531,1,+0176:+0025,France,20_to_50km,0.27393878,30,22,0.4230769230769231,0.4230769230769231,0.0,0
2557021,1,+0221:+0039,Denmark,20_to_50km,0.33612332,27,20,0.2553191489361702,0.2553191489361702,0.0,0
2558559,1,+0221:+0039,Denmark,20_to_50km,0.30628714,13,19,0.3125,0.3125,0.0,0
2559140,1,+0213:+0028,Netherlands,50_to_100km,0.34395307,7,13,0.7,0.7,0.0,0
2560506,1,+0221:+0039,Denmark,20_to_50km,0.3152335,19,21,0.2,0.2,0.0,0
2562605,1,+0223:+0039,Denmark,20_to_50km,0.32464686,12,24,0.3333333333333333,0.3333333333333333,0.0,0
2564915,1,+0184:+0000,France,20_to_50km,0.27820027,13,18,0.7096774193548387,0.7096774193548387,0.0,0
2567832,1,+0223:+0039,Denmark,20_to_50km,0.32205755,10,25,0.2857142857142857,0.2857142857142857,0.0,0
2570361,1,+0221:+0039,Denmark,20_to_50km,0.31848997,18,22,0.2,0.2,0.0,0
2571175,1,+0173:+0000,France,20_to_50km,0.3130743,32,20,0.46153846153846156,0.46153846153846156,0.0,0
2572281,1,+0223:+0039,Denmark,20_to_50km,0.30252725,28,26,0.3333333333333333,0.3333333333333333,0.0,0
2573100,1,+0212:+0028,Netherlands,50_to_100km,0.34556356,2,16,0.0,0.0,0.0,0
2579518,1,+0223:+0039,Denmark,20_to_50km,0.34055778,29,26,0.4727272727272727,0.4727272727272727,0.0,0
2580172,1,+0221:+0036,Denmark,20_to_50km,0.27283502,9,20,0.20689655172413793,0.20689655172413793,0.0,0
2581217,1,+0223:+0039,Denmark,20_to_50km,0.30649403,23,22,0.26666666666666666,0.26666666666666666,0.0,0
2585877,1,+0171:+0002,France,50_to_100km,0.28622305,46,25,0.22535211267605634,0.22535211267605634,0.0,0
2586826,1,+0221:+0036,Denmark,20_to_50km,0.27365375,12,17,0.20689655172413793,0.20689655172413793,0.0,0
2590110,1,+0176:+0025,France,20_to_50km,0.27303198,23,21,0.4090909090909091,0.4090909090909091,0.0,0
2590362,1,+0162:+0055,Italy,20_to_50km,0.27733162,16,13,0.41379310344827586,0.41379310344827586,0.0,0
2592624,1,+0179:-0004,France,20_to_50km,0.21820796,7,14,0.6666666666666666,0.6666666666666666,0.0,0
2593777,1,+0221:+0036,Denmark,20_to_50km,0.31086087,15,26,0.43902439024390244,0.43902439024390244,0.0,0
2595216,1,+0223:+0039,Denmark,20_to_50km,0.3310358,11,24,0.05714285714285714,0.05714285714285714,0.0,0
2596010,1,+0221:+0039,Denmark,20_to_50km,0.32546234,7,21,0.2857142857142857,0.2857142857142857,0.0,0
2596854,1,+0223:+0039,Denmark,20_to_50km,0.33843932,27,26,0.33962264150943394,0.33962264150943394,0.0,0
2598127,1,+0221:+0039,Denmark,20_to_50km,0.3240498,8,25,0.18181818181818182,0.18181818181818182,0.0,0
2600646,1,+0223:+0039,Denmark,20_to_50km,0.3303106,16,24,0.5,0.5,0.0,0
2601972,1,+0174:+0003,France,20_to_50km,0.2638332,22,21,0.6046511627906976,0.6046511627906976,0.0,0
2602494,1,+0223:+0038,Denmark,20_to_50km,0.34106547,14,27,0.24390243902439024,0.24390243902439024,0.0,0
2603326,1,+0221:+0036,Denmark,20_to_50km,0.26493973,11,22,0.36363636363636365,0.36363636363636365,0.0,0
2605447,1,+0221:+0039,Denmark,20_to_50km,0.32873285,17,25,0.3333333333333333,0.3333333333333333,0.0,0
2606190,1,+0223:+0038,Denmark,20_to_50km,0.3438625,22,27,0.32653061224489793,0.32653061224489793,0.0,0
2608523,1,+0223:+0038,Denmark,20_to_50km,0.30794343,15,23,0.3684210526315789,0.3684210526315789,0.0,0
2609004,1,+0221:+0039,Denmark,20_to_50km,0.33126506,21,22,0.4186046511627907,0.4186046511627907,0.0,0
2610956,1,+0221:+0039,Denmark,20_to_50km,0.31640542,8,22,0.26666666666666666,0.26666666666666666,0.0,0
2612802,1,+0174:+0000,France,20_to_50km,0.2824658,25,22,0.723404255319149,0.723404255319149,0.0,0
2613180,1,+0223:+0038,Denmark,20_to_50km,0.344208,22,25,0.3829787234042553,0.3829787234042553,0.0,0
2614424,1,+0223:+0039,Denmark,20_to_50km,0.30035657,5,27,0.1875,0.1875,0.0,0
2614667,1,+0221:+0039,Denmark,20_to_50km,0.32656622,10,20,0.26666666666666666,0.26666666666666666,0.0,0
2615877,1,+0162:+0055,Italy,20_to_50km,0.2802889,28,20,0.2916666666666667,0.2916666666666667,0.0,0
2616997,1,+0213:+0028,Netherlands,50_to_100km,0.3436528,4,16,0.3,0.3,0.0,0
2617035,1,+0223:+0039,Denmark,20_to_50km,0.31069678,22,25,0.2978723404255319,0.2978723404255319,0.0,0
2617211,1,+0212:+0028,Netherlands,50_to_100km,0.34542456,10,16,0.3076923076923077,0.3076923076923077,0.0,0
2617880,1,+0221:+0036,Denmark,20_to_50km,0.31279686,14,22,0.6111111111111112,0.6111111111111112,0.0,0
2618383,1,+0213:+0028,Netherlands,50_to_100km,0.3302069,6,14,0.3,0.3,0.0,0
2620537,1,+0221:+0036,Denmark,20_to_50km,0.27060294,11,24,0.22857142857142856,0.22857142857142856,0.0,0
2622525,1,+0221:+0039,Denmark,20_to_50km,0.32682258,18,22,0.25,0.25,0.0,0
2622894,1,+0221:+0036,Denmark,20_to_50km,0.27078423,13,22,0.4,0.4,0.0,0
2625566,1,+0174:+0000,France,20_to_50km,0.2950555,11,22,0.36363636363636365,0.36363636363636365,0.0,0
2625896,1,+0173:+0003,France,20_to_50km,0.27903005,24,20,0.6363636363636364,0.6363636363636364,0.0,0
2627290,1,+0221:+0036,Denmark,20_to_50km,0.27267224,14,20,0.35294117647058826,0.35294117647058826,0.0,0
2627442,1,+0221:+0039,Denmark,20_to_50km,0.3299081,15,20,0.4,0.4,0.0,0
2628428,1,+0221:+0036,Denmark,20_to_50km,0.3135656,19,23,0.14285714285714285,0.14285714285714285,0.0,0
2629701,1,+0213:+0028,Netherlands,50_to_100km,0.34342098,5,13,0.2222222222222222,0.2222222222222222,0.0,0
2629879,1,+0221:+0039,Denmark,20_to_50km,0.32091722,13,18,0.25806451612903225,0.25806451612903225,0.0,0
2630626,1,+0223:+0038,Denmark,20_to_50km,0.34492716,22,26,0.375,0.375,0.0,0
2633311,1,+0223:+0038,Denmark,20_to_50km,0.34204668,32,25,0.38596491228070173,0.38596491228070173,0.0,0
2637030,1,+0213:+0028,Netherlands,50_to_100km,0.3439323,7,12,0.5263157894736842,0.5263157894736842,0.0,0
2638165,1,+0221:+0039,Denmark,20_to_50km,0.30020118,21,19,0.5,0.5,0.0,0
2638981,1,+0221:+0039,Denmark,20_to_50km,0.3381052,16,22,0.15789473684210525,0.15789473684210525,0.0,0
2642711,1,+0221:+0039,Denmark,20_to_50km,0.29683357,27,19,0.2608695652173913,0.2608695652173913,0.0,0
2645116,1,+0221:+0039,Denmark,20_to_50km,0.33247206,2,24,0.15384615384615385,0.15384615384615385,0.0,0
2646492,1,+0223:+0038,Denmark,20_to_50km,0.34366202,27,25,0.23076923076923078,0.23076923076923078,0.0,0
2649904,1,+0223:+0039,Denmark,20_to_50km,0.32860613,25,24,0.3673469387755102,0.3673469387755102,0.0,0
2652631,1,+0173:+0003,France,20_to_50km,0.23054788,22,21,0.46511627906976744,0.46511627906976744,0.0,0
2655087,1,+0223:+0038,Denmark,20_to_50km,0.32175228,36,21,0.14035087719298245,0.14035087719298245,0.0,0
2658777,1,+0223:+0039,Denmark,20_to_50km,0.3038634,20,24,0.22727272727272727,0.22727272727272727,0.0,0
2659597,1,+0223:+0038,Denmark,20_to_50km,0.34660003,11,22,0.06060606060606061,0.06060606060606061,0.0,0
2663852,1,+0221:+0039,Denmark,20_to_50km,0.33901542,33,23,0.35714285714285715,0.35714285714285715,0.0,0
2664148,1,+0213:+0028,Netherlands,50_to_100km,0.3445165,6,15,0.09523809523809523,0.09523809523809523,0.0,0
2668237,1,+0223:+0039,Denmark,20_to_50km,0.33690426,16,23,0.2564102564102564,0.2564102564102564,0.0,0
2668870,1,+0221:+0036,Denmark,20_to_50km,0.2687486,3,21,0.08333333333333333,0.08333333333333333,0.0,0
2674630,1,+0221:+0036,Denmark,20_to_50km,0.2933072,17,27,0.36363636363636365,0.36363636363636365,0.0,0
2675444,1,+0179:+0000,France,20_to_50km,0.2778644,20,20,0.6,0.6,0.0,0
2676991,1,+0221:+0039,Denmark,20_to_50km,0.32544565,10,21,0.1935483870967742,0.1935483870967742,0.0,0
2677581,1,+0141:+0096,Greece,100_to_200km,0.45964274,23,28,0.19607843137254902,0.19607843137254902,0.0,0
2678156,1,+0221:+0036,Denmark,20_to_50km,0.31367904,13,21,0.35294117647058826,0.35294117647058826,0.0,0
2679616,1,+0223:+0039,Denmark,20_to_50km,0.3100098,32,23,0.5454545454545454,0.5454545454545454,0.0,0
2680928,1,+0221:+0036,Denmark,20_to_50km,0.268764,9,22,0.3870967741935484,0.3870967741935484,0.0,0
2681082,1,+0223:+0038,Denmark,20_to_50km,0.32214576,5,24,0.20689655172413793,0.20689655172413793,0.0,0
2681114,1,+0162:+0055,Italy,20_to_50km,0.2808937,17,20,0.32432432432432434,0.32432432432432434,0.0,0
2681136,1,+0172:+0001,France,50_to_100km,0.30625272,36,24,0.36666666666666664,0.36666666666666664,0.0,0
2684251,1,+0221:+0036,Denmark,20_to_50km,0.2674996,5,20,0.16,0.16,0.0,0
2685518,1,+0223:+0039,Denmark,20_to_50km,0.30578923,13,24,0.2702702702702703,0.2702702702702703,0.0,0
2686201,1,+0221:+0036,Denmark,20_to_50km,0.3157054,27,20,0.425531914893617,0.425531914893617,0.0,0
2688826,1,+0221:+0039,Denmark,20_to_50km,0.2937345,20,24,0.22727272727272727,0.22727272727272727,0.0,0
2689683,1,+0223:+0038,Denmark,20_to_50km,0.3209843,33,25,0.5862068965517241,0.5862068965517241,0.0,0
2691910,1,+0221:+0036,Denmark,20_to_50km,0.2856102,15,18,0.48484848484848486,0.48484848484848486,0.0,0
2692529,1,+0221:+0036,Denmark,20_to_50km,0.29433778,1,20,0.0,0.0,0.0,0
2692667,1,+0221:+0036,Denmark,20_to_50km,0.30121574,12,23,0.22857142857142856,0.22857142857142856,0.0,0
2694742,1,+0221:+0039,Denmark,20_to_50km,0.33319736,15,17,0.5,0.5,0.0,0
2697094,1,+0223:+0039,Denmark,20_to_50km,0.32957706,19,24,0.27906976744186046,0.27906976744186046,0.0,0
2697536,1,+0221:+0036,Denmark,20_to_50km,0.2671908,21,20,0.6829268292682927,0.6829268292682927,0.0,0
2698060,1,+0221:+0039,Denmark,20_to_50km,0.32726195,15,20,0.34285714285714286,0.34285714285714286,0.0,0
2699525,1,+0151:+0053,Italy,20_to_50km,0.26495916,3,17,0.0,0.0,0.0,0
2699767,1,+0221:+0036,Denmark,20_to_50km,0.2713888,16,16,0.25,0.25,0.0,0
2703691,1,+0213:+0028,Netherlands,50_to_100km,0.34338477,11,15,0.23076923076923078,0.23076923076923078,0.0,0
2704669,1,+0221:+0039,Denmark,20_to_50km,0.29358226,11,21,0.25,0.25,0.0,0
2706158,1,+0221:+0036,Denmark,20_to_50km,0.26858267,9,21,0.5333333333333333,0.5333333333333333,0.0,0
2706350,1,+0213:+0028,Netherlands,50_to_100km,0.33065045,6,16,0.2727272727272727,0.2727272727272727,0.0,0
2708287,1,+0213:+0028,Netherlands,50_to_100km,0.34266296,6,12,0.5555555555555556,0.5555555555555556,0.0,0
2709129,1,+0213:+0028,Netherlands,50_to_100km,0.34293115,6,17,0.17391304347826086,0.17391304347826086,0.0,0
2717935,1,+0221:+0036,Denmark,20_to_50km,0.29351273,9,21,0.2,0.2,0.0,0
2718835,1,+0221:+0039,Denmark,20_to_50km,0.3250597,18,22,0.3,0.3,0.0,0
2719611,1,+0221:+0036,Denmark,20_to_50km,0.27047685,10,22,0.3125,0.3125,0.0,0
2722407,1,+0221:+0039,Denmark,20_to_50km,0.3059629,7,22,0.20689655172413793,0.20689655172413793,0.0,0
2722639,1,+0221:+0036,Denmark,20_to_50km,0.29553312,15,21,0.3333333333333333,0.3333333333333333,0.0,0
2723209,1,+0223:+0039,Denmark,20_to_50km,0.32216892,11,22,0.42424242424242425,0.42424242424242425,0.0,0
2725930,1,+0173:+0000,France,20_to_50km,0.3003482,16,20,0.3333333333333333,0.3333333333333333,0.0,0
2729253,1,+0221:+0036,Denmark,20_to_50km,0.29344472,26,17,0.23255813953488372,0.23255813953488372,0.0,0
2731241,1,+0221:+0036,Denmark,20_to_50km,0.28983796,12,26,0.3684210526315789,0.3684210526315789,0.0,0
2736103,1,+0212:+0028,Netherlands,50_to_100km,0.34550032,7,12,0.5263157894736842,0.5263157894736842,0.0,0
2739457,1,+0223:+0039,Denmark,20_to_50km,0.34054232,40,25,0.4307692307692308,0.4307692307692308,0.0,0
2739936,1,+0223:+0038,Denmark,20_to_50km,0.34045616,31,23,0.4444444444444444,0.4444444444444444,0.0,0
2739972,1,+0221:+0039,Denmark,20_to_50km,0.2975593,16,22,0.3157894736842105,0.3157894736842105,0.0,0
2740748,1,+0221:+0036,Denmark,20_to_50km,0.27203345,18,23,0.6341463414634146,0.6341463414634146,0.0,0
2742493,1,+0221:+0039,Denmark,20_to_50km,0.30755562,20,21,0.43902439024390244,0.43902439024390244,0.0,0
2744221,1,+0223:+0038,Denmark,20_to_50km,0.34416428,22,31,0.4528301886792453,0.4528301886792453,0.0,0
2744415,1,+0221:+0039,Denmark,20_to_50km,0.32212698,14,21,0.4,0.4,0.0,0
2747111,1,+0221:+0036,Denmark,20_to_50km,0.3141753,21,23,0.4090909090909091,0.4090909090909091,0.0,0
2747378,1,+0221:+0039,Denmark,20_to_50km,0.2624049,7,16,0.6086956521739131,0.6086956521739131,0.0,0
2749072,1,+0221:+0039,Denmark,20_to_50km,0.31492046,17,26,0.46511627906976744,0.46511627906976744,0.0,0
2749378,1,+0223:+0039,Denmark,20_to_50km,0.3026399,21,22,0.37209302325581395,0.37209302325581395,0.0,0
2749966,1,+0171:+0003,France,20_to_50km,0.2437415,39,22,0.26229508196721313,0.26229508196721313,0.0,0
2750740,1,+0221:+0039,Denmark,20_to_50km,0.30094478,31,18,0.4489795918367347,0.4489795918367347,0.0,0
2754213,1,+0221:+0039,Denmark,20_to_50km,0.31396052,7,25,0.1875,0.1875,0.0,0
2754346,1,+0223:+0039,Denmark,20_to_50km,0.33820653,16,27,0.4186046511627907,0.4186046511627907,0.0,0
2755049,1,+0221:+0039,Denmark,20_to_50km,0.32777965,8,21,0.27586206896551724,0.27586206896551724,0.0,0
2755131,1,+0221:+0036,Denmark,20_to_50km,0.29281887,11,21,0.5,0.5,0.0,0
2757437,1,+0223:+0039,Denmark,20_to_50km,0.30540994,17,23,0.25,0.25,0.0,0
2758544,1,+0223:+0039,Denmark,20_to_50km,0.30271667,12,25,0.2702702702702703,0.2702702702702703,0.0,0
2759385,1,+0223:+0039,Denmark,20_to_50km,0.33113882,21,23,0.22727272727272727,0.22727272727272727,0.0,0
2759991,1,+0221:+0036,Denmark,20_to_50km,0.3043629,8,18,0.38461538461538464,0.38461538461538464,0.0,0
2761203,1,+0221:+0036,Denmark,20_to_50km,0.27387848,15,19,0.47058823529411764,0.47058823529411764,0.0,0
2761741,1,+0221:+0039,Denmark,20_to_50km,0.3229257,11,19,0.26666666666666666,0.26666666666666666,0.0,0
2764702,1,+0223:+0039,Denmark,20_to_50km,0.31935626,13,24,0.2702702702702703,0.2702702702702703,0.0,0
2773634,1,+0221:+0039,Denmark,20_to_50km,0.32821026,10,24,0.35294117647058826,0.35294117647058826,0.0,0
2773671,1,+0223:+0039,Denmark,20_to_50km,0.32832682,15,25,0.35,0.35,0.0,0
2775390,1,+0221:+0039,Denmark,20_to_50km,0.31468064,19,21,0.4,0.4,0.0,0
2775559,1,+0221:+0039,Denmark,20_to_50km,0.32464695,19,19,0.10526315789473684,0.10526315789473684,0.0,0
2776671,1,+0221:+0039,Denmark,20_to_50km,0.31978175,14,20,0.4117647058823529,0.4117647058823529,0.0,0
2776986,1,+0223:+0039,Denmark,20_to_50km,0.30260766,15,26,0.43902439024390244,0.43902439024390244,0.0,0
2777957,1,+0221:+0039,Denmark,20_to_50km,0.33249602,14,18,0.25,0.25,0.0,0
2783739,1,+0223:+0039,Denmark,20_to_50km,0.33741203,4,26,0.13333333333333333,0.13333333333333333,0.0,0
2783871,1,+0223:+0038,Denmark,20_to_50km,0.3107993,12,25,0.2702702702702703,0.2702702702702703,0.0,0
2789623,1,+0221:+0036,Denmark,20_to_50km,0.28973192,6,24,0.13333333333333333,0.13333333333333333,0.0,0
2794385,1,+0221:+0036,Denmark,20_to_50km,0.3124546,24,26,0.4,0.4,0.0,0
2796821,1,+0223:+0039,Denmark,20_to_50km,0.33718616,37,27,0.375,0.375,0.0,0
2797303,1,+0221:+0039,Denmark,20_to_50km,0.30837202,10,21,0.12903225806451613,0.12903225806451613,0.0,0
2797450,1,+0223:+0039,Denmark,20_to_50km,0.32213765,29,22,0.27450980392156865,0.27450980392156865,0.0,0
2798385,1,+0221:+0039,Denmark,20_to_50km,0.3257198,7,22,0.3448275862068966,0.3448275862068966,0.0,0
2803598,1,+0221:+0039,Denmark,20_to_50km,0.3040952,21,22,0.32558139534883723,0.32558139534883723,0.0,0
2806793,1,+0223:+0038,Denmark,20_to_50km,0.32220545,9,23,0.3125,0.3125,0.0,0
2810389,1,+0221:+0039,Denmark,20_to_50km,0.30794063,19,21,0.25,0.25,0.0,0
2812269,1,+0223:+0039,Denmark,20_to_50km,0.3014853,26,27,0.4528301886792453,0.4528301886792453,0.0,0
2812721,1,+0221:+0039,Denmark,20_to_50km,0.29882163,14,18,0.4375,0.4375,0.0,0
2813367,1,+0223:+0038,Denmark,20_to_50km,0.33312473,18,22,0.3,0.3,0.0,0
2814878,1,+0221:+0039,Denmark,20_to_50km,0.29125506,11,19,0.13333333333333333,0.13333333333333333,0.0,0
2814995,1,+0221:+0036,Denmark,20_to_50km,0.29469436,18,22,0.25,0.25,0.0,0
2815274,1,+0221:+0036,Denmark,20_to_50km,0.2919577,6,15,0.38095238095238093,0.38095238095238093,0.0,0
2817175,1,+0221:+0039,Denmark,20_to_50km,0.30022943,8,18,0.23076923076923078,0.23076923076923078,0.0,0
2818819,1,+0172:+0001,France,50_to_100km,0.31045154,28,24,0.34615384615384615,0.34615384615384615,0.0,0
2819252,1,+0221:+0039,Denmark,20_to_50km,0.3271263,20,24,0.5,0.5,0.0,0
2823734,1,+0221:+0039,Denmark,20_to_50km,0.30915663,14,21,0.11428571428571428,0.11428571428571428,0.0,0
2824048,1,+0173:+0000,France,20_to_50km,0.30698004,24,22,0.6086956521739131,0.6086956521739131,0.0,0
2824144,1,+0212:+0028,Netherlands,50_to_100km,0.349112,5,13,0.5555555555555556,0.5555555555555556,0.0,0
2824268,1,+0223:+0038,Denmark,20_to_50km,0.3440495,13,27,0.35,0.35,0.0,0
2824551,1,+0221:+0039,Denmark,20_to_50km,0.33337414,23,24,0.3404255319148936,0.3404255319148936,0.0,0
2825362,1,+0223:+0038,Denmark,20_to_50km,0.3114768,13,26,0.20512820512820512,0.20512820512820512,0.0,0
2827000,1,+0221:+0036,Denmark,20_to_50km,0.26769418,10,21,0.45161290322580644,0.45161290322580644,0.0,0
2832897,1,+0221:+0039,Denmark,20_to_50km,0.30299464,12,19,0.3870967741935484,0.3870967741935484,0.0,0
2836541,1,+0223:+0039,Denmark,20_to_50km,0.30224976,26,25,0.47058823529411764,0.47058823529411764,0.0,0
2836695,1,+0223:+0039,Denmark,20_to_50km,0.30364954,12,25,0.2702702702702703,0.2702702702702703,0.0,0
2837248,1,+0223:+0039,Denmark,20_to_50km,0.31693992,24,25,0.4489795918367347,0.4489795918367347,0.0,0
2841509,1,+0221:+0039,Denmark,20_to_50km,0.33216333,10,23,0.30303030303030304,0.30303030303030304,0.0,0
2844596,1,+0221:+0036,Denmark,20_to_50km,0.30023396,11,23,0.35294117647058826,0.35294117647058826,0.0,0
2844613,1,+0221:+0039,Denmark,20_to_50km,0.32892925,19,20,0.3076923076923077,0.3076923076923077,0.0,0
2846377,1,+0212:+0028,Netherlands,50_to_100km,0.35600507,9,17,0.15384615384615385,0.15384615384615385,0.0,0
2849127,1,+0221:+0036,Denmark,20_to_50km,0.29803872,17,20,0.3783783783783784,0.3783783783783784,0.0,0
2849732,1,+0223:+0039,Denmark,20_to_50km,0.3097656,29,22,0.19607843137254902,0.19607843137254902,0.0,0
2850185,1,+0213:+0028,Netherlands,50_to_100km,0.34337583,4,13,0.35294117647058826,0.35294117647058826,0.0,0
2850810,1,+0221:+0039,Denmark,20_to_50km,0.3250998,20,24,0.4090909090909091,0.4090909090909091,0.0,0
2851372,1,+0221:+0039,Denmark,20_to_50km,0.32089135,19,21,0.5,0.5,0.0,0
2857917,1,+0185:+0025,Switzerland,20_to_50km,0.2767532,20,24,0.45454545454545453,0.45454545454545453,0.0,0
2860925,1,+0221:+0039,Denmark,20_to_50km,0.3053391,17,19,0.3333333333333333,0.3333333333333333,0.0,0
2861294,1,+0221:+0039,Denmark,20_to_50km,0.33184743,9,24,0.24242424242424243,0.24242424242424243,0.0,0
2865901,1,+0223:+0039,Denmark,20_to_50km,0.33720738,33,25,0.41379310344827586,0.41379310344827586,0.0,0
2869199,1,+0221:+0039,Denmark,20_to_50km,0.30024442,8,18,0.38461538461538464,0.38461538461538464,0.0,0
2870321,1,+0212:+0028,Netherlands,50_to_100km,0.3528972,9,19,0.21428571428571427,0.21428571428571427,0.0,0
2870743,1,+0221:+0039,Denmark,20_to_50km,0.31899834,12,20,0.375,0.375,0.0,0
2871706,1,+0221:+0039,Denmark,20_to_50km,0.2638406,14,16,0.26666666666666666,0.26666666666666666,0.0,0
2872008,1,+0223:+0039,Denmark,20_to_50km,0.33506757,17,25,0.47619047619047616,0.47619047619047616,0.0,0
2874525,1,+0221:+0036,Denmark,20_to_50km,0.2736817,7,21,0.2857142857142857,0.2857142857142857,0.0,0
2878083,1,+0221:+0036,Denmark,20_to_50km,0.3084967,12,23,0.34285714285714286,0.34285714285714286,0.0,0
2879623,1,+0179:-0004,France,20_to_50km,0.224363,12,14,0.6923076923076923,0.6923076923076923,0.0,0
2881781,1,+0221:+0039,Denmark,20_to_50km,0.32548797,16,23,0.358974358974359,0.358974358974359,0.0,0
2882247,1,+0221:+0036,Denmark,20_to_50km,0.27309948,8,21,0.13793103448275862,0.13793103448275862,0.0,0
2884488,1,+0221:+0039,Denmark,20_to_50km,0.30854228,28,20,0.5416666666666666,0.5416666666666666,0.0,0
2885000,1,+0223:+0038,Denmark,20_to_50km,0.34178585,17,20,0.3783783783783784,0.3783783783783784,0.0,0
2887918,1,+0171:+0003,France,20_to_50km,0.2713598,42,23,0.3384615384615385,0.3384615384615385,0.0,0
2889881,1,+0221:+0039,Denmark,20_to_50km,0.32035244,15,19,0.4117647058823529,0.4117647058823529,0.0,0
2894346,1,+0221:+0036,Denmark,20_to_50km,0.30218378,9,21,0.13333333333333333,0.13333333333333333,0.0,0
2895905,1,+0221:+0039,Denmark,20_to_50km,0.33001468,25,19,0.4090909090909091,0.4090909090909091,0.0,0
2899217,1,+0221:+0039,Denmark,20_to_50km,0.30273753,15,21,0.4444444444444444,0.4444444444444444,0.0,0
2899538,1,+0223:+0038,Denmark,20_to_50km,0.3108081,11,24,0.2857142857142857,0.2857142857142857,0.0,0
2903441,1,+0223:+0039,Denmark,20_to_50km,0.3015566,17,24,0.2926829268292683,0.2926829268292683,0.0,0
2907328,1,+0213:+0028,Netherlands,50_to_100km,0.34233224,7,16,0.43478260869565216,0.43478260869565216,0.0,0
2909796,1,+0221:+0039,Denmark,20_to_50km,0.33259138,13,21,0.17647058823529413,0.17647058823529413,0.0,0
2911573,1,+0223:+0038,Denmark,20_to_50km,0.32574847,50,23,0.3835616438356164,0.3835616438356164,0.0,0
2912502,1,+0223:+0039,Denmark,20_to_50km,0.30301762,12,21,0.30303030303030304,0.30303030303030304,0.0,0
2913339,1,+0221:+0039,Denmark,20_to_50km,0.302721,27,22,0.2857142857142857,0.2857142857142857,0.0,0
2914530,1,+0221:+0036,Denmark,20_to_50km,0.31596234,16,23,0.358974358974359,0.358974358974359,0.0,0
2914919,1,+0171:+0003,France,20_to_50km,0.25533077,28,24,0.3076923076923077,0.3076923076923077,0.0,0
2915697,1,+0221:+0039,Denmark,20_to_50km,0.31715593,9,15,0.25,0.25,0.0,0
2918216,1,+0213:+0028,Netherlands,50_to_100km,0.34394106,4,14,0.4444444444444444,0.4444444444444444,0.0,0
2919874,1,+0213:+0028,Netherlands,50_to_100km,0.3430418,6,15,0.2857142857142857,0.2857142857142857,0.0,0
2920493,1,+0223:+0039,Denmark,20_to_50km,0.32395366,21,22,0.27906976744186046,0.27906976744186046,0.0,0
2920846,1,+0223:+0039,Denmark,20_to_50km,0.3370588,10,24,0.23529411764705882,0.23529411764705882,0.0,0
2923872,1,+0223:+0039,Denmark,20_to_50km,0.33562362,24,26,0.44,0.44,0.0,0
2927026,1,+0221:+0036,Denmark,20_to_50km,0.30118644,11,20,0.3870967741935484,0.3870967741935484,0.0,0
2929420,1,+0179:-0004,France,20_to_50km,0.21964273,9,13,0.8181818181818182,0.8181818181818182,0.0,0
2929744,1,+0221:+0036,Denmark,20_to_50km,0.2651439,15,21,0.3333333333333333,0.3333333333333333,0.0,0
2934254,1,+0192:+0008,France,20_to_50km,0.27600995,12,19,0.3870967741935484,0.3870967741935484,0.0,0
2936007,1,+0221:+0039,Denmark,20_to_50km,0.32190654,13,22,0.2857142857142857,0.2857142857142857,0.0,0
2939191,1,+0221:+0036,Denmark,20_to_50km,0.29524705,9,17,0.46153846153846156,0.46153846153846156,0.0,0
2942042,1,+0221:+0039,Denmark,20_to_50km,0.29463702,3,20,0.17391304347826086,0.17391304347826086,0.0,0
2943817,1,+0221:+0036,Denmark,20_to_50km,0.30813056,15,23,0.21052631578947367,0.21052631578947367,0.0,0
2944831,1,+0223:+0039,Denmark,20_to_50km,0.30474433,18,28,0.34782608695652173,0.34782608695652173,0.0,0
2950798,1,+0223:+0038,Denmark,20_to_50km,0.3293706,17,25,0.42857142857142855,0.42857142857142855,0.0,0
2950840,1,+0221:+0036,Denmark,20_to_50km,0.25835326,5,20,0.08,0.08,0.0,0
2954899,1,+0221:+0036,Denmark,20_to_50km,0.3105969,31,26,0.2807017543859649,0.2807017543859649,0.0,0
2956423,1,+0150:+0054,Italy,50_to_100km,0.28457096,8,17,0.08,0.08,0.0,0
2956726,1,+0221:+0036,Denmark,20_to_50km,0.2687179,16,23,0.5128205128205128,0.5128205128205128,0.0,0
2957529,1,+0212:+0028,Germany,50_to_100km,0.48219752,12,24,0.2777777777777778,0.2777777777777778,0.0,0
2959828,1,+0223:+0039,Denmark,20_to_50km,0.30965483,14,26,0.45,0.45,0.0,0
2970205,1,+0176:+0046,Italy,20_to_50km,0.26793435,38,25,0.3492063492063492,0.3492063492063492,0.0,0
2971211,1,+0223:+0038,Denmark,20_to_50km,0.3433611,24,24,0.3333333333333333,0.3333333333333333,0.0,0
2972425,1,+0221:+0039,Denmark,20_to_50km,0.32759705,20,25,0.4888888888888889,0.4888888888888889,0.0,0
2973355,1,+0212:+0028,Netherlands,50_to_100km,0.34507158,4,17,0.0,0.0,0.0,0
2974142,1,+0221:+0039,Denmark,20_to_50km,0.31825656,19,23,0.3333333333333333,0.3333333333333333,0.0,0
2976037,1,+0223:+0039,Denmark,20_to_50km,0.3024731,21,26,0.2553191489361702,0.2553191489361702,0.0,0
2977115,1,+0221:+0036,Denmark,20_to_50km,0.30613664,9,20,0.13793103448275862,0.13793103448275862,0.0,0
2981929,1,+0221:+0036,Denmark,20_to_50km,0.30319867,7,23,0.3333333333333333,0.3333333333333333,0.0,0
2982901,1,+0223:+0039,Denmark,20_to_50km,0.3401041,23,25,0.2916666666666667,0.2916666666666667,0.0,0
2984569,1,+0223:+0039,Denmark,20_to_50km,0.325322,41,25,0.5151515151515151,0.5151515151515151,0.0,0
2995228,1,+0221:+0036,Denmark,20_to_50km,0.29408222,29,22,0.5882352941176471,0.5882352941176471,0.0,0
2995399,1,+0179:+0026,France,20_to_50km,0.28259477,27,20,0.425531914893617,0.425531914893617,0.0,0
2997265,1,+0223:+0039,Denmark,20_to_50km,0.3230199,25,22,0.2553191489361702,0.2553191489361702,0.0,0
2998713,1,+0223:+0038,Denmark,20_to_50km,0.32922086,13,24,0.43243243243243246,0.43243243243243246,0.0,0
3001487,1,+0221:+0036,Denmark,20_to_50km,0.29655933,18,20,0.2631578947368421,0.2631578947368421,0.0,0
3002352,1,+0221:+0036,Denmark,20_to_50km,0.31228527,8,21,0.20689655172413793,0.20689655172413793,0.0,0
3004104,1,+0213:+0028,Netherlands,50_to_100km,0.34410462,8,16,0.08333333333333333,0.08333333333333333,0.0,0
3004384,1,+0223:+0039,Denmark,20_to_50km,0.30365562,11,19,0.4,0.4,0.0,0
3010740,1,+0223:+0039,Denmark,20_to_50km,0.33657274,25,27,0.5,0.5,0.0,0
3012796,1,+0221:+0039,Denmark,20_to_50km,0.3211737,12,24,0.3333333333333333,0.3333333333333333,0.0,0
3017841,1,+0223:+0039,Denmark,20_to_50km,0.32194862,16,26,0.38095238095238093,0.38095238095238093,0.0,0
3018095,1,+0213:+0028,Netherlands,50_to_100km,0.33090618,4,12,0.25,0.25,0.0,0
3020396,1,+0176:+0025,France,20_to_50km,0.2675562,14,22,0.16666666666666666,0.16666666666666666,0.0,0
3022171,1,+0221:+0039,Denmark,20_to_50km,0.30093768,14,19,0.0,0.0,0.0,0
3022248,1,+0221:+0036,Denmark,20_to_50km,0.284711,10,21,0.45161290322580644,0.45161290322580644,0.0,0
3025719,1,+0221:+0039,Denmark,20_to_50km,0.3004265,10,19,0.41379310344827586,0.41379310344827586,0.0,0
3028919,1,+0221:+0036,Denmark,20_to_50km,0.3217684,8,21,0.27586206896551724,0.27586206896551724,0.0,0
3036430,1,+0221:+0039,Denmark,20_to_50km,0.263173,13,16,0.27586206896551724,0.27586206896551724,0.0,0
3039472,1,+0172:+0001,France,50_to_100km,0.29521176,17,22,0.46153846153846156,0.46153846153846156,0.0,0
3043583,1,+0221:+0039,Denmark,20_to_50km,0.33250687,12,17,0.27586206896551724,0.27586206896551724,0.0,0
3043718,1,+0223:+0039,Denmark,20_to_50km,0.31471202,26,25,0.3137254901960784,0.3137254901960784,0.0,0
3047464,1,+0223:+0038,Denmark,20_to_50km,0.3148833,23,23,0.391304347826087,0.391304347826087,0.0,0
3047781,1,+0221:+0039,Denmark,20_to_50km,0.32574406,6,24,0.2,0.2,0.0,0
3050038,1,+0221:+0036,Denmark,20_to_50km,0.3034046,10,23,0.30303030303030304,0.30303030303030304,0.0,0
3051365,1,+0213:+0028,Netherlands,50_to_100km,0.33039322,10,18,0.21428571428571427,0.21428571428571427,0.0,0
3051575,1,+0221:+0036,Denmark,20_to_50km,0.2979335,12,26,0.42105263157894735,0.42105263157894735,0.0,0
3051987,1,+0221:+0036,Denmark,20_to_50km,0.2942558,14,21,0.22857142857142856,0.22857142857142856,0.0,0
3059667,1,+0221:+0039,Denmark,20_to_50km,0.3026936,7,19,0.38461538461538464,0.38461538461538464,0.0,0
3062247,1,+0221:+0039,Denmark,20_to_50km,0.32348195,12,24,0.2222222222222222,0.2222222222222222,0.0,0
3063524,1,+0221:+0039,Denmark,20_to_50km,0.33317387,9,22,0.3870967741935484,0.3870967741935484,0.0,0
3064669,1,+0221:+0036,Denmark,20_to_50km,0.3181095,27,24,0.39215686274509803,0.39215686274509803,0.0,0
3065921,1,+0223:+0039,Denmark,20_to_50km,0.34030694,19,25,0.2727272727272727,0.2727272727272727,0.0,0
3066849,1,+0221:+0039,Denmark,20_to_50km,0.32389846,32,22,0.37037037037037035,0.37037037037037035,0.0,0
3067891,1,+0213:+0028,Netherlands,50_to_100km,0.34385896,1,14,0.0,0.0,0.0,0
3070788,1,+0221:+0039,Denmark,20_to_50km,0.30956355,12,19,0.3225806451612903,0.3225806451612903,0.0,0
3071307,1,+0223:+0038,Denmark,20_to_50km,0.34612334,16,24,0.4,0.4,0.0,0
3072193,1,+0221:+0036,Denmark,20_to_50km,0.295313,7,23,0.2,0.2,0.0,0
3074204,1,+0223:+0039,Denmark,20_to_50km,0.30331963,12,21,0.30303030303030304,0.30303030303030304,0.0,0
3075034,1,+0223:+0038,Denmark,20_to_50km,0.34415063,17,22,0.15384615384615385,0.15384615384615385,0.0,0
3076361,1,+0221:+0039,Denmark,20_to_50km,0.2807592,13,18,0.1935483870967742,0.1935483870967742,0.0,0
3076422,1,+0172:+0001,France,50_to_100km,0.29066414,20,23,0.32558139534883723,0.32558139534883723,0.0,0
3076974,1,+0221:+0036,Denmark,20_to_50km,0.28947464,14,23,0.43243243243243246,0.43243243243243246,0.0,0
3078906,1,+0223:+0039,Denmark,20_to_50km,0.30237067,10,24,0.29411764705882354,0.29411764705882354,0.0,0
3080817,1,+0221:+0039,Denmark,20_to_50km,0.32027525,17,19,0.1111111111111111,0.1111111111111111,0.0,0
3082411,1,+0173:+0002,France,20_to_50km,0.31902292,30,23,0.41509433962264153,0.41509433962264153,0.0,0
3082449,1,+0223:+0038,Denmark,20_to_50km,0.33411935,14,23,0.05405405405405406,0.05405405405405406,0.0,0
3085286,1,+0223:+0039,Denmark,20_to_50km,0.3004628,10,16,0.23076923076923078,0.23076923076923078,0.0,0
3086362,1,+0223:+0038,Denmark,20_to_50km,0.33777937,18,28,0.391304347826087,0.391304347826087,0.0,0
3089304,1,+0147:+0047,Italy,100_to_200km,0.41988423,8,15,0.43478260869565216,0.43478260869565216,0.0,0
3092808,1,+0221:+0036,Denmark,20_to_50km,0.315211,23,21,0.5,0.5,0.0,0
3095245,1,+0162:+0055,Italy,20_to_50km,0.27619565,13,16,0.41379310344827586,0.41379310344827586,0.0,0
3096648,1,+0186:+0000,France,20_to_50km,0.3000607,31,23,0.37037037037037035,0.37037037037037035,0.0,0
3098193,1,+0221:+0036,Denmark,20_to_50km,0.30009592,11,23,0.23529411764705882,0.23529411764705882,0.0,0
3100556,1,+0221:+0039,Denmark,20_to_50km,0.3327363,8,19,0.07407407407407407,0.07407407407407407,0.0,0
3100719,1,+0221:+0039,Denmark,20_to_50km,0.30255345,17,23,0.4,0.4,0.0,0
3103493,1,+0221:+0039,Denmark,20_to_50km,0.28897592,7,18,0.24,0.24,0.0,0
3104234,1,+0223:+0039,Denmark,20_to_50km,0.32970774,12,27,0.41025641025641024,0.41025641025641024,0.0,0
3108320,1,+0223:+0039,Denmark,20_to_50km,0.30857712,13,24,0.2702702702702703,0.2702702702702703,0.0,0
3108553,1,+0221:+0039,Denmark,20_to_50km,0.30279627,16,19,0.22857142857142856,0.22857142857142856,0.0,0
3110895,1,+0213:+0028,Netherlands,50_to_100km,0.34408984,5,15,0.1,0.1,0.0,0
3111295,1,+0221:+0039,Denmark,20_to_50km,0.32739395,13,22,0.4,0.4,0.0,0
3117034,1,+0221:+0039,Denmark,20_to_50km,0.3263812,15,25,0.5,0.5,0.0,0
3119486,1,+0223:+0039,Denmark,20_to_50km,0.32136583,16,26,0.09523809523809523,0.09523809523809523,0.0,0
3119538,1,+0221:+0039,Denmark,20_to_50km,0.3270868,15,20,0.22857142857142856,0.22857142857142856,0.0,0
3120772,1,+0162:+0055,Italy,20_to_50km,0.2828533,16,17,0.24242424242424243,0.24242424242424243,0.0,0
3120946,1,+0221:+0036,Denmark,20_to_50km,0.29679698,17,19,0.3333333333333333,0.3333333333333333,0.0,0
3123602,1,+0223:+0039,Denmark,20_to_50km,0.33369318,15,26,0.3902439024390244,0.3902439024390244,0.0,0
3124152,1,+0221:+0039,Denmark,20_to_50km,0.30053654,21,18,0.3076923076923077,0.3076923076923077,0.0,0
3124274,1,+0223:+0038,Denmark,20_to_50km,0.34393415,21,30,0.5098039215686274,0.5098039215686274,0.0,0
3126227,1,+0223:+0039,Denmark,20_to_50km,0.33108065,6,20,0.07692307692307693,0.07692307692307693,0.0,0
3129803,1,+0173:+0002,France,20_to_50km,0.3004643,27,21,0.5,0.5,0.0,0
3135032,1,+0221:+0039,Denmark,20_to_50km,0.26253608,9,15,0.6666666666666666,0.6666666666666666,0.0,0
3136634,1,+0221:+0039,Denmark,20_to_50km,0.2781486,14,20,0.17647058823529413,0.17647058823529413,0.0,0
3137386,1,+0221:+0039,Denmark,20_to_50km,0.32761145,13,21,0.17647058823529413,0.17647058823529413,0.0,0
3140462,1,+0221:+0039,Denmark,20_to_50km,0.31304747,9,21,0.3333333333333333,0.3333333333333333,0.0,0
3140958,1,+0221:+0039,Denmark,20_to_50km,0.3100546,17,19,0.5,0.5,0.0,0
3142386,1,+0185:+0000,France,20_to_50km,0.3261996,17,18,0.5142857142857142,0.5142857142857142,0.0,0
3143929,1,+0213:+0028,Netherlands,50_to_100km,0.3440442,6,14,0.1,0.1,0.0,0
3144043,1,+0221:+0039,Denmark,20_to_50km,0.30204406,17,20,0.5405405405405406,0.5405405405405406,0.0,0
3144263,1,+0221:+0036,Denmark,20_to_50km,0.3049282,10,21,0.3225806451612903,0.3225806451612903,0.0,0
3148001,1,+0221:+0039,Denmark,20_to_50km,0.33591655,38,21,0.3389830508474576,0.3389830508474576,0.0,0
3149802,1,+0223:+0039,Denmark,20_to_50km,0.3364578,13,22,0.5714285714285714,0.5714285714285714,0.0,0
3150528,1,+0221:+0039,Denmark,20_to_50km,0.29793406,19,23,0.2857142857142857,0.2857142857142857,0.0,0
3152514,1,+0223:+0039,Denmark,20_to_50km,0.30127996,18,23,0.34146341463414637,0.34146341463414637,0.0,0
3153037,1,+0223:+0039,Denmark,20_to_50km,0.30510214,24,24,0.4583333333333333,0.4583333333333333,0.0,0
3157544,1,+0223:+0038,Denmark,20_to_50km,0.31994522,11,24,0.22857142857142856,0.22857142857142856,0.0,0
3159988,1,+0223:+0038,Denmark,20_to_50km,0.33325422,29,25,0.5185185185185185,0.5185185185185185,0.0,0
3162837,1,+0221:+0039,Denmark,20_to_50km,0.30007252,9,18,0.2962962962962963,0.2962962962962963,0.0,0
3164038,1,+0221:+0036,Denmark,20_to_50km,0.28713962,14,19,0.12121212121212122,0.12121212121212122,0.0,0
3165888,1,+0221:+0039,Denmark,20_to_50km,0.33138704,10,24,0.11764705882352941,0.11764705882352941,0.0,0
3166074,1,+0221:+0039,Denmark,20_to_50km,0.33111292,30,23,0.4528301886792453,0.4528301886792453,0.0,0
3167078,1,+0221:+0039,Denmark,20_to_50km,0.31694466,23,20,0.23255813953488372,0.23255813953488372,0.0,0
3168796,1,+0221:+0036,Denmark,20_to_50km,0.2681573,18,21,0.2564102564102564,0.2564102564102564,0.0,0
3169928,1,+0178:+0024,France,20_to_50km,0.28416038,27,22,0.40816326530612246,0.40816326530612246,0.0,0
3169945,1,+0162:+0055,Italy,20_to_50km,0.2810059,7,21,0.21428571428571427,0.21428571428571427,0.0,0
3170682,1,+0221:+0036,Denmark,20_to_50km,0.31240177,20,24,0.5454545454545454,0.5454545454545454,0.0,0
3170890,1,+0221:+0039,Denmark,20_to_50km,0.32371402,24,22,0.34782608695652173,0.34782608695652173,0.0,0
3171683,1,+0221:+0039,Denmark,20_to_50km,0.2929004,13,18,0.1935483870967742,0.1935483870967742,0.0,0
3174513,1,+0173:+0002,France,20_to_50km,0.28292292,24,21,0.5333333333333333,0.5333333333333333,0.0,0
3177190,1,+0221:+0036,Denmark,20_to_50km,0.29756522,10,22,0.1875,0.1875,0.0,0
3178395,1,+0213:+0028,Netherlands,50_to_100km,0.3307775,2,17,0.0,0.0,0.0,0
3179489,1,+0221:+0039,Denmark,20_to_50km,0.27560404,13,21,0.23529411764705882,0.23529411764705882,0.0,0
3180822,1,+0213:+0028,Netherlands,50_to_100km,0.34357503,4,15,0.21052631578947367,0.21052631578947367,0.0,0
3182377,1,+0221:+0036,Denmark,20_to_50km,0.30574396,7,20,0.07407407407407407,0.07407407407407407,0.0,0
3183043,1,+0213:+0028,Netherlands,50_to_100km,0.34394825,4,15,0.10526315789473684,0.10526315789473684,0.0,0
3183251,1,+0223:+0039,Denmark,20_to_50km,0.33209968,14,22,0.5,0.5,0.0,0
3184914,1,+0223:+0038,Denmark,20_to_50km,0.30811736,13,24,0.2702702702702703,0.2702702702702703,0.0,0
3184971,1,+0162:+0055,Italy,20_to_50km,0.2807219,14,19,0.42424242424242425,0.42424242424242425,0.0,0
3187664,1,+0223:+0039,Denmark,20_to_50km,0.30098337,21,22,0.4186046511627907,0.4186046511627907,0.0,0
3189350,1,+0221:+0039,Denmark,20_to_50km,0.3396397,12,20,0.0625,0.0625,0.0,0
3189562,1,+0221:+0039,Denmark,20_to_50km,0.32197413,19,25,0.2727272727272727,0.2727272727272727,0.0,0
3191668,1,+0223:+0039,Denmark,20_to_50km,0.3341754,23,21,0.5,0.5,0.0,0
3193167,1,+0221:+0036,Denmark,20_to_50km,0.2916264,15,19,0.35294117647058826,0.35294117647058826,0.0,0
3194602,1,+0221:+0039,Denmark,20_to_50km,0.32684937,18,22,0.25,0.25,0.0,0
3198731,1,+0213:+0028,Netherlands,50_to_100km,0.3434388,5,13,0.5555555555555556,0.5555555555555556,0.0,0
3199847,1,+0162:+0055,Italy,20_to_50km,0.28044578,26,22,0.2916666666666667,0.2916666666666667,0.0,0
3200768,1,+0221:+0036,Denmark,20_to_50km,0.2972139,11,20,0.3870967741935484,0.3870967741935484,0.0,0
3206108,1,+0212:+0028,Netherlands,50_to_100km,0.3506465,5,17,0.0,0.0,0.0,0
3206924,1,+0223:+0039,Denmark,20_to_50km,0.32574585,9,26,0.34285714285714286,0.34285714285714286,0.0,0
3209954,1,+0221:+0036,Denmark,20_to_50km,0.27296084,11,21,0.25,0.25,0.0,0
3213369,1,+0223:+0038,Denmark,20_to_50km,0.34314546,8,26,0.23529411764705882,0.23529411764705882,0.0,0
3222156,1,+0221:+0039,Denmark,20_to_50km,0.3269827,19,22,0.43902439024390244,0.43902439024390244,0.0,0
3224165,1,+0223:+0039,Denmark,20_to_50km,0.32325837,8,21,0.3448275862068966,0.3448275862068966,0.0,0
3231196,1,+0172:+0000,France,20_to_50km,0.24684937,16,23,0.358974358974359,0.358974358974359,0.0,0
3231336,1,+0221:+0039,Denmark,20_to_50km,0.3009735,11,19,0.4666666666666667,0.4666666666666667,0.0,0
3233779,1,+0221:+0039,Denmark,20_to_50km,0.32048693,11,19,0.13333333333333333,0.13333333333333333,0.0,0
3234748,1,+0141:+0096,Greece,100_to_200km,0.50372726,21,22,0.18604651162790697,0.18604651162790697,0.0,0
3234996,1,+0213:+0028,Netherlands,50_to_100km,0.33048338,5,19,0.16666666666666666,0.16666666666666666,0.0,0
3235190,1,+0172:+0001,France,50_to_100km,0.30855206,48,22,0.42857142857142855,0.42857142857142855,0.0,0
3235248,1,+0221:+0036,Denmark,20_to_50km,0.26820725,7,21,0.42857142857142855,0.42857142857142855,0.0,0
3235710,1,+0177:+0024,France,20_to_50km,0.26407894,12,22,0.17647058823529413,0.17647058823529413,0.0,0
3235895,1,+0221:+0039,Denmark,20_to_50km,0.3026647,10,19,0.20689655172413793,0.20689655172413793,0.0,0
3237061,1,+0162:+0055,Italy,20_to_50km,0.28794572,15,16,0.6451612903225806,0.6451612903225806,0.0,0
3241736,1,+0221:+0039,Denmark,20_to_50km,0.3167932,14,17,0.3870967741935484,0.3870967741935484,0.0,0
3244099,1,+0221:+0036,Denmark,20_to_50km,0.3156828,12,22,0.4117647058823529,0.4117647058823529,0.0,0
3245036,1,+0187:+0024,France,20_to_50km,0.23740183,22,27,0.5306122448979592,0.5306122448979592,0.0,0
3247315,1,+0223:+0039,Denmark,20_to_50km,0.33862832,19,26,0.17777777777777778,0.17777777777777778,0.0,0
3250206,1,+0221:+0036,Denmark,20_to_50km,0.2964824,11,20,0.45161290322580644,0.45161290322580644,0.0,0
3255132,1,+0223:+0039,Denmark,20_to_50km,0.31701472,17,22,0.41025641025641024,0.41025641025641024,0.0,0
3256633,1,+0221:+0036,Denmark,20_to_50km,0.31518924,17,23,0.35,0.35,0.0,0
3256786,1,+0221:+0039,Denmark,20_to_50km,0.30293933,10,20,0.3333333333333333,0.3333333333333333,0.0,0
3263332,1,+0184:+0000,France,20_to_50km,0.30878118,19,24,0.46511627906976744,0.46511627906976744,0.0,0
3263966,1,+0223:+0038,Denmark,20_to_50km,0.34043545,25,19,0.3181818181818182,0.3181818181818182,0.0,0
3266261,1,+0223:+0039,Denmark,20_to_50km,0.31797156,8,23,0.3225806451612903,0.3225806451612903,0.0,0
3266708,1,+0223:+0038,Denmark,20_to_50km,0.32990494,22,22,0.5,0.5,0.0,0
3270236,1,+0221:+0039,Denmark,20_to_50km,0.32910198,11,19,0.13333333333333333,0.13333333333333333,0.0,0
3274673,1,+0221:+0036,Denmark,20_to_50km,0.2949979,12,22,0.29411764705882354,0.29411764705882354,0.0,0
3274846,1,+0223:+0039,Denmark,20_to_50km,0.3393545,29,23,0.4230769230769231,0.4230769230769231,0.0,0
3280012,1,+0178:+0024,France,20_to_50km,0.28975675,18,23,0.04878048780487805,0.04878048780487805,0.0,0
3280697,1,+0223:+0039,Denmark,20_to_50km,0.31107825,23,24,0.3829787234042553,0.3829787234042553,0.0,0
3281677,1,+0223:+0038,Denmark,20_to_50km,0.33089924,33,25,0.20689655172413793,0.20689655172413793,0.0,0
3283577,1,+0223:+0038,Denmark,20_to_50km,0.29805145,14,26,0.25,0.25,0.0,0
3284448,1,+0223:+0039,Denmark,20_to_50km,0.29969138,16,21,0.5945945945945946,0.5945945945945946,0.0,0
3285893,1,+0221:+0036,Denmark,20_to_50km,0.31069872,12,27,0.3076923076923077,0.3076923076923077,0.0,0
3286536,1,+0223:+0039,Denmark,20_to_50km,0.3108456,12,22,0.17647058823529413,0.17647058823529413,0.0,0
3287596,1,+0221:+0039,Denmark,20_to_50km,0.29785204,9,20,0.41379310344827586,0.41379310344827586,0.0,0
3287892,1,+0223:+0039,Denmark,20_to_50km,0.31991136,8,22,0.13333333333333333,0.13333333333333333,0.0,0
3293836,1,+0221:+0036,Denmark,20_to_50km,0.2908148,10,25,0.45714285714285713,0.45714285714285713,0.0,0
3295616,1,+0212:+0028,Netherlands,50_to_100km,0.34703425,6,14,0.5,0.5,0.0,0
3296399,1,+0221:+0039,Denmark,20_to_50km,0.32860073,20,23,0.5581395348837209,0.5581395348837209,0.0,0
3296515,1,+0223:+0039,Denmark,20_to_50km,0.3336473,5,30,0.17142857142857143,0.17142857142857143,0.0,0
3303644,1,+0221:+0036,Denmark,20_to_50km,0.31101653,12,24,0.4444444444444444,0.4444444444444444,0.0,0
3306308,1,+0223:+0038,Denmark,20_to_50km,0.32044694,27,25,0.4230769230769231,0.4230769230769231,0.0,0
3306620,1,+0212:+0028,Netherlands,50_to_100km,0.3461799,3,16,0.21052631578947367,0.21052631578947367,0.0,0
3307643,1,+0223:+0038,Denmark,20_to_50km,0.33289328,20,23,0.27906976744186046,0.27906976744186046,0.0,0
3307724,1,+0223:+0039,Denmark,20_to_50km,0.33719468,15,24,0.5641025641025641,0.5641025641025641,0.0,0
3310673,1,+0221:+0039,Denmark,20_to_50km,0.31153956,26,23,0.3673469387755102,0.3673469387755102,0.0,0
3314262,1,+0221:+0036,Denmark,20_to_50km,0.3063193,14,20,0.29411764705882354,0.29411764705882354,0.0,0
3314765,1,+0221:+0039,Denmark,20_to_50km,0.30256677,17,21,0.42105263157894735,0.42105263157894735,0.0,0
3315083,1,+0223:+0039,Denmark,20_to_50km,0.30167872,23,25,0.20833333333333334,0.20833333333333334,0.0,0
3319558,1,+0221:+0039,Denmark,20_to_50km,0.3223951,19,25,0.3181818181818182,0.3181818181818182,0.0,0
3322870,1,+0223:+0038,Denmark,20_to_50km,0.3268523,20,26,0.21739130434782608,0.21739130434782608,0.0,0
3324847,1,+0223:+0039,Denmark,20_to_50km,0.30930218,9,27,0.16666666666666666,0.16666666666666666,0.0,0
3325541,1,+0221:+0039,Denmark,20_to_50km,0.3315017,21,19,0.5,0.5,0.0,0
3325734,1,+0221:+0039,Denmark,20_to_50km,0.30311275,14,21,0.4,0.4,0.0,0
3327927,1,+0223:+0039,Denmark,20_to_50km,0.31039485,20,23,0.13953488372093023,0.13953488372093023,0.0,0
3330236,1,+0223:+0039,Denmark,20_to_50km,0.31971648,3,22,0.16,0.16,0.0,0
3333458,1,+0221:+0039,Denmark,20_to_50km,0.33240345,14,21,0.34285714285714286,0.34285714285714286,0.0,0
3335790,1,+0221:+0039,Denmark,20_to_50km,0.31593144,12,18,0.3333333333333333,0.3333333333333333,0.0,0
3336513,1,+0223:+0039,Denmark,20_to_50km,0.3211967,16,26,0.23809523809523808,0.23809523809523808,0.0,0
3340467,1,+0221:+0039,Denmark,20_to_50km,0.29058605,28,19,0.2553191489361702,0.2553191489361702,0.0,0
3341874,1,+0221:+0039,Denmark,20_to_50km,0.30135918,10,19,0.41379310344827586,0.41379310344827586,0.0,0
3345284,1,+0221:+0036,Denmark,20_to_50km,0.27842593,14,18,0.4375,0.4375,0.0,0
3345535,1,+0223:+0039,Denmark,20_to_50km,0.3265347,13,25,0.3157894736842105,0.3157894736842105,0.0,0
3350953,1,+0221:+0039,Denmark,20_to_50km,0.29539979,16,19,0.2857142857142857,0.2857142857142857,0.0,0
3353964,1,+0223:+0039,Denmark,20_to_50km,0.3252521,22,25,0.3829787234042553,0.3829787234042553,0.0,0
3354206,1,+0221:+0039,Denmark,20_to_50km,0.3179407,12,24,0.2222222222222222,0.2222222222222222,0.0,0
3354318,1,+0184:+0000,France,20_to_50km,0.31602955,24,22,0.4782608695652174,0.4782608695652174,0.0,0
3354968,1,+0223:+0038,Denmark,20_to_50km,0.34170726,14,25,0.10256410256410256,0.10256410256410256,0.0,0
3355647,1,+0221:+0036,Denmark,20_to_50km,0.27271324,13,20,0.36363636363636365,0.36363636363636365,0.0,0
3361560,1,+0223:+0038,Denmark,20_to_50km,0.32764477,30,22,0.3076923076923077,0.3076923076923077,0.0,0
3361794,1,+0221:+0036,Denmark,20_to_50km,0.31086767,18,20,0.3684210526315789,0.3684210526315789,0.0,0
3363218,1,+0223:+0038,Denmark,20_to_50km,0.3419623,43,22,0.3384615384615385,0.3384615384615385,0.0,0
3370642,1,+0221:+0036,Denmark,20_to_50km,0.31120154,8,24,0.25,0.25,0.0,0
3371231,1,+0221:+0039,Denmark,20_to_50km,0.32529247,11,22,0.36363636363636365,0.36363636363636365,0.0,0
3372630,1,+0223:+0038,Denmark,20_to_50km,0.31147012,6,23,0.13793103448275862,0.13793103448275862,0.0,0
3374461,1,+0223:+0038,Denmark,20_to_50km,0.3330347,16,24,0.3,0.3,0.0,0
3374668,1,+0223:+0038,Denmark,20_to_50km,0.34216866,23,26,0.32653061224489793,0.32653061224489793,0.0,0
3375079,1,+0221:+0036,Denmark,20_to_50km,0.27133211,11,22,0.36363636363636365,0.36363636363636365,0.0,0
3375820,1,+0221:+0039,Denmark,20_to_50km,0.297146,16,20,0.2777777777777778,0.2777777777777778,0.0,0
3377076,1,+0221:+0039,Denmark,20_to_50km,0.3258297,12,21,0.36363636363636365,0.36363636363636365,0.0,0
3382441,1,+0221:+0039,Denmark,20_to_50km,0.32531604,8,23,0.3870967741935484,0.3870967741935484,0.0,0
3384087,1,+0221:+0036,Denmark,20_to_50km,0.27422416,15,22,0.43243243243243246,0.43243243243243246,0.0,0
3385857,1,+0171:+0003,France,20_to_50km,0.26630595,36,22,0.41379310344827586,0.41379310344827586,0.0,0
3386736,1,+0173:+0003,France,20_to_50km,0.28357717,22,20,0.7142857142857143,0.7142857142857143,0.0,0
3388724,1,+0221:+0039,Denmark,20_to_50km,0.32909867,19,21,0.3,0.3,0.0,0
3389405,1,+0221:+0039,Denmark,20_to_50km,0.33132932,24,20,0.45454545454545453,0.45454545454545453,0.0,0
3389570,1,+0172:+0001,France,50_to_100km,0.29303122,10,21,0.5161290322580645,0.5161290322580645,0.0,0
3390207,1,+0213:+0028,Netherlands,50_to_100km,0.34269613,8,16,0.4166666666666667,0.4166666666666667,0.0,0
3390284,1,+0221:+0039,Denmark,20_to_50km,0.3284976,24,21,0.5333333333333333,0.5333333333333333,0.0,0
3390563,1,+0212:+0028,Netherlands,50_to_100km,0.34422013,4,19,0.08695652173913043,0.08695652173913043,0.0,0
3391475,1,+0223:+0038,Denmark,20_to_50km,0.3422441,28,25,0.3018867924528302,0.3018867924528302,0.0,0
3394258,1,+0223:+0038,Denmark,20_to_50km,0.33444467,17,28,0.4444444444444444,0.4444444444444444,0.0,0
3395717,1,+0221:+0039,Denmark,20_to_50km,0.33297753,18,24,0.42857142857142855,0.42857142857142855,0.0,0
3397818,1,+0223:+0038,Denmark,20_to_50km,0.3327937,16,25,0.1951219512195122,0.1951219512195122,0.0,0
3399276,1,+0221:+0036,Denmark,20_to_50km,0.3151099,17,21,0.631578947368421,0.631578947368421,0.0,0
3401859,1,+0192:+0008,France,20_to_50km,0.26316872,10,17,0.4444444444444444,0.4444444444444444,0.0,0
3403570,1,+0221:+0036,Denmark,20_to_50km,0.3047093,15,21,0.1111111111111111,0.1111111111111111,0.0,0
3403620,1,+0221:+0036,Denmark,20_to_50km,0.2961402,13,21,0.47058823529411764,0.47058823529411764,0.0,0
3404379,1,+0223:+0039,Denmark,20_to_50km,0.335616,25,27,0.46153846153846156,0.46153846153846156,0.0,0
3405185,1,+0221:+0039,Denmark,20_to_50km,0.3279101,9,25,0.17647058823529413,0.17647058823529413,0.0,0
3405787,1,+0221:+0039,Denmark,20_to_50km,0.29075724,1,19,0.0,0.0,0.0,0
3408136,1,+0223:+0039,Denmark,20_to_50km,0.30147856,15,23,0.21052631578947367,0.21052631578947367,0.0,0
3410217,1,+0221:+0039,Denmark,20_to_50km,0.32688344,16,25,0.34146341463414637,0.34146341463414637,0.0,0
3412818,1,+0221:+0039,Denmark,20_to_50km,0.32103282,17,20,0.4864864864864865,0.4864864864864865,0.0,0
3413437,1,+0221:+0039,Denmark,20_to_50km,0.30103713,21,19,0.4,0.4,0.0,0
3414702,1,+0223:+0039,Denmark,20_to_50km,0.301831,14,26,0.3,0.3,0.0,0
3415840,1,+0223:+0039,Denmark,20_to_50km,0.33040458,30,23,0.41509433962264153,0.41509433962264153,0.0,0
3416214,1,+0221:+0036,Denmark,20_to_50km,0.26750833,13,21,0.5882352941176471,0.5882352941176471,0.0,0
3419176,1,+0221:+0039,Denmark,20_to_50km,0.29584837,12,18,0.26666666666666666,0.26666666666666666,0.0,0
3424029,1,+0213:+0028,Netherlands,50_to_100km,0.3421653,9,17,0.3076923076923077,0.3076923076923077,0.0,0
3428953,1,+0223:+0039,Denmark,20_to_50km,0.31056723,28,22,0.28,0.28,0.0,0
3432061,1,+0221:+0036,Denmark,20_to_50km,0.3128729,19,24,0.27906976744186046,0.27906976744186046,0.0,0
3432401,1,+0221:+0039,Denmark,20_to_50km,0.32731292,12,23,0.2857142857142857,0.2857142857142857,0.0,0
3434601,1,+0221:+0039,Denmark,20_to_50km,0.3150408,20,22,0.23809523809523808,0.23809523809523808,0.0,0
3439573,1,+0221:+0039,Denmark,20_to_50km,0.32928145,16,23,0.2564102564102564,0.2564102564102564,0.0,0
3439585,1,+0213:+0028,Netherlands,50_to_100km,0.33056238,5,17,0.2727272727272727,0.2727272727272727,0.0,0
3440456,1,+0221:+0039,Denmark,20_to_50km,0.33209014,13,22,0.4,0.4,0.0,0
3444445,1,+0223:+0038,Denmark,20_to_50km,0.34530032,12,26,0.2631578947368421,0.2631578947368421,0.0,0
3445790,1,+0179:+0000,France,20_to_50km,0.2463661,13,20,0.36363636363636365,0.36363636363636365,0.0,0
3447428,1,+0212:+0028,Netherlands,50_to_100km,0.3443492,7,18,0.08,0.08,0.0,0
3448478,1,+0223:+0038,Denmark,20_to_50km,0.34216934,46,23,0.4057971014492754,0.4057971014492754,0.0,0
3451688,1,+0221:+0036,Denmark,20_to_50km,0.29995295,4,19,0.17391304347826086,0.17391304347826086,0.0,0
3452678,1,+0213:+0028,Netherlands,50_to_100km,0.34317663,5,13,0.5555555555555556,0.5555555555555556,0.0,0
3453507,1,+0223:+0039,Denmark,20_to_50km,0.29893157,17,26,0.46511627906976744,0.46511627906976744,0.0,0
3455679,1,+0221:+0036,Denmark,20_to_50km,0.28920743,11,22,0.12121212121212122,0.12121212121212122,0.0,0
3455774,1,+0213:+0028,Netherlands,50_to_100km,0.3431239,4,13,0.35294117647058826,0.35294117647058826,0.0,0
3459891,1,+0221:+0039,Denmark,20_to_50km,0.3261785,23,24,0.46808510638297873,0.46808510638297873,0.0,0
3462050,1,+0213:+0028,Netherlands,50_to_100km,0.33020395,3,19,0.0,0.0,0.0,0
3463498,1,+0221:+0036,Denmark,20_to_50km,0.31748545,21,24,0.26666666666666666,0.26666666666666666,0.0,0
3465005,1,+0221:+0039,Denmark,20_to_50km,0.29129007,22,19,0.2926829268292683,0.2926829268292683,0.0,0
3465594,1,+0221:+0036,Denmark,20_to_50km,0.3029822,8,21,0.13793103448275862,0.13793103448275862,0.0,0
3465755,1,+0223:+0038,Denmark,20_to_50km,0.33131164,37,24,0.29508196721311475,0.29508196721311475,0.0,0
3468867,1,+0223:+0038,Denmark,20_to_50km,0.33380243,24,24,0.4583333333333333,0.4583333333333333,0.0,0
3470366,1,+0223:+0038,Denmark,20_to_50km,0.33948746,29,21,0.24,0.24,0.0,0
3480606,1,+0221:+0036,Denmark,20_to_50km,0.31407493,33,26,0.4406779661016949,0.4406779661016949,0.0,0
3480789,1,+0223:+0038,Denmark,20_to_50km,0.3296691,19,21,0.3,0.3,0.0,0
3484990,1,+0173:+0003,France,20_to_50km,0.28251204,22,22,0.2727272727272727,0.2727272727272727,0.0,0
3488921,1,+0177:+0024,France,20_to_50km,0.2828247,10,20,0.26666666666666666,0.26666666666666666,0.0,0
3493738,1,+0223:+0039,Denmark,20_to_50km,0.30328834,11,21,0.25,0.25,0.0,0
3496885,1,+0141:+0097,Greece,100_to_200km,0.5049716,23,23,0.34782608695652173,0.34782608695652173,0.0,0
3507002,1,+0221:+0039,Denmark,20_to_50km,0.2893706,11,19,0.4666666666666667,0.4666666666666667,0.0,0
3510046,1,+0221:+0036,Denmark,20_to_50km,0.30003223,14,23,0.3783783783783784,0.3783783783783784,0.0,0
3510681,1,+0221:+0039,Denmark,20_to_50km,0.33876294,10,21,0.12903225806451613,0.12903225806451613,0.0,0
3511946,1,+0223:+0039,Denmark,20_to_50km,0.33080983,34,25,0.4406779661016949,0.4406779661016949,0.0,0
3516023,1,+0221:+0039,Denmark,20_to_50km,0.30345792,21,21,0.5714285714285714,0.5714285714285714,0.0,0
3517026,1,+0213:+0028,Netherlands,50_to_100km,0.3438604,7,14,0.5714285714285714,0.5714285714285714,0.0,0
3520713,1,+0223:+0038,Denmark,20_to_50km,0.31814623,11,25,0.3333333333333333,0.3333333333333333,0.0,0
3521231,1,+0221:+0036,Denmark,20_to_50km,0.29046685,23,25,0.4166666666666667,0.4166666666666667,0.0,0
3521346,1,+0221:+0039,Denmark,20_to_50km,0.32440436,15,21,0.3333333333333333,0.3333333333333333,0.0,0
3524043,1,+0221:+0039,Denmark,20_to_50km,0.326538,37,24,0.4262295081967213,0.4262295081967213,0.0,0
3524889,1,+0223:+0039,Denmark,20_to_50km,0.33705443,16,29,0.4444444444444444,0.4444444444444444,0.0,0
3525118,1,+0221:+0039,Denmark,20_to_50km,0.28071177,10,19,0.0,0.0,0.0,0
3526302,1,+0223:+0038,Denmark,20_to_50km,0.34187537,20,23,0.37209302325581395,0.37209302325581395,0.0,0
3527332,1,+0221:+0039,Denmark,20_to_50km,0.32977602,16,19,0.5142857142857142,0.5142857142857142,0.0,0
3528415,1,+0221:+0039,Denmark,20_to_50km,0.30266502,40,25,0.4307692307692308,0.4307692307692308,0.0,0
3529054,1,+0164:+0035,Italy,20_to_50km,0.2792973,15,15,0.5333333333333333,0.5333333333333333,0.0,0
3529747,1,+0221:+0036,Denmark,20_to_50km,0.26788938,7,16,0.43478260869565216,0.43478260869565216,0.0,0
3531666,1,+0221:+0039,Denmark,20_to_50km,0.29987204,15,20,0.2857142857142857,0.2857142857142857,0.0,0
3536227,1,+0223:+0038,Denmark,20_to_50km,0.34502423,15,28,0.37209302325581395,0.37209302325581395,0.0,0
3539984,1,+0213:+0028,Netherlands,50_to_100km,0.33051312,3,15,0.0,0.0,0.0,0
3546342,1,+0221:+0036,Denmark,20_to_50km,0.29000646,12,16,0.35714285714285715,0.35714285714285715,0.0,0
3555374,1,+0221:+0039,Denmark,20_to_50km,0.32125068,18,22,0.4,0.4,0.0,0
3555856,1,+0179:-0004,France,20_to_50km,0.21941437,12,13,0.64,0.64,0.0,0
3556003,1,+0223:+0038,Denmark,20_to_50km,0.31652245,10,25,0.34285714285714286,0.34285714285714286,0.0,0
3557133,1,+0223:+0038,Denmark,20_to_50km,0.34611437,20,27,0.2553191489361702,0.2553191489361702,0.0,0
3558441,1,+0221:+0039,Denmark,20_to_50km,0.29120728,12,21,0.06060606060606061,0.06060606060606061,0.0,0
3558533,1,+0223:+0039,Denmark,20_to_50km,0.3178676,14,23,0.21621621621621623,0.21621621621621623,0.0,0
3558599,1,+0221:+0036,Denmark,20_to_50km,0.30531803,9,21,0.3333333333333333,0.3333333333333333,0.0,0
3559170,1,+0223:+0039,Denmark,20_to_50km,0.34435916,11,23,0.17647058823529413,0.17647058823529413,0.0,0
3559441,1,+0223:+0039,Denmark,20_to_50km,0.34010684,16,25,0.2926829268292683,0.2926829268292683,0.0,0
3559675,1,+0221:+0039,Denmark,20_to_50km,0.3382305,22,19,0.14634146341463414,0.14634146341463414,0.0,0
3559787,1,+0223:+0039,Denmark,20_to_50km,0.30966228,15,22,0.4864864864864865,0.4864864864864865,0.0,0
3561564,1,+0221:+0039,Denmark,20_to_50km,0.3166414,7,19,0.3076923076923077,0.3076923076923077,0.0,0
3563687,1,+0223:+0039,Denmark,20_to_50km,0.3397361,11,26,0.2702702702702703,0.2702702702702703,0.0,0
3565374,1,+0223:+0039,Denmark,20_to_50km,0.33743265,11,26,0.32432432432432434,0.32432432432432434,0.0,0
3565432,1,+0221:+0039,Denmark,20_to_50km,0.32071102,12,23,0.4,0.4,0.0,0
3568041,1,+0187:+0024,France,20_to_50km,0.2402385,31,27,0.5172413793103449,0.5172413793103449,0.0,0
3568724,1,+0221:+0036,Denmark,20_to_50km,0.31689993,8,14,0.5454545454545454,0.5454545454545454,0.0,0
3576700,1,+0212:+0028,Netherlands,50_to_100km,0.34573245,9,21,0.2,0.2,0.0,0
3581928,1,+0221:+0036,Denmark,20_to_50km,0.27103078,5,22,0.0,0.0,0.0,0
3584315,1,+0184:+0000,France,20_to_50km,0.27271333,18,25,0.32558139534883723,0.32558139534883723,0.0,0
3584856,1,+0151:+0053,Italy,20_to_50km,0.2694729,6,15,0.0,0.0,0.0,0
3585220,1,+0223:+0039,Denmark,20_to_50km,0.30416903,33,26,0.5084745762711864,0.5084745762711864,0.0,0
3585936,1,+0223:+0039,Denmark,20_to_50km,0.31863666,10,26,0.5,0.5,0.0,0
3586148,1,+0221:+0039,Denmark,20_to_50km,0.32368603,14,21,0.45714285714285713,0.45714285714285713,0.0,0
3586391,1,+0221:+0036,Denmark,20_to_50km,0.310654,12,19,0.3870967741935484,0.3870967741935484,0.0,0
3586691,1,+0221:+0039,Denmark,20_to_50km,0.31659317,18,19,0.3783783783783784,0.3783783783783784,0.0,0
3588868,1,+0221:+0036,Denmark,20_to_50km,0.29933265,11,21,0.25,0.25,0.0,0
3589398,1,+0221:+0036,Denmark,20_to_50km,0.30568823,10,19,0.20689655172413793,0.20689655172413793,0.0,0
3590010,1,+0221:+0036,Denmark,20_to_50km,0.2928157,10,21,0.45161290322580644,0.45161290322580644,0.0,0
3590343,1,+0179:+0026,France,20_to_50km,0.26487583,22,18,0.1,0.1,0.0,0
3591919,1,+0173:+0003,France,20_to_50km,0.2581848,17,22,0.6153846153846154,0.6153846153846154,0.0,0
3593600,1,+0223:+0038,Denmark,20_to_50km,0.31318986,13,26,0.2564102564102564,0.2564102564102564,0.0,0
3594852,1,+0221:+0039,Denmark,20_to_50km,0.32565978,18,23,0.3902439024390244,0.3902439024390244,0.0,0
3599874,1,+0221:+0036,Denmark,20_to_50km,0.27396363,11,18,0.20689655172413793,0.20689655172413793,0.0,0
3600970,1,+0221:+0036,Denmark,20_to_50km,0.2970831,8,22,0.3333333333333333,0.3333333333333333,0.0,0
3603497,1,+0213:+0028,Netherlands,50_to_100km,0.34335485,7,17,0.08333333333333333,0.08333333333333333,0.0,0
3608787,1,+0221:+0036,Denmark,20_to_50km,0.31418443,15,20,0.17142857142857143,0.17142857142857143,0.0,0
3614493,1,+0221:+0036,Denmark,20_to_50km,0.29231063,19,27,0.5217391304347826,0.5217391304347826,0.0,0
3617431,1,+0221:+0039,Denmark,20_to_50km,0.30679718,14,21,0.2857142857142857,0.2857142857142857,0.0,0
3621775,1,+0221:+0039,Denmark,20_to_50km,0.32639563,15,22,0.3783783783783784,0.3783783783783784,0.0,0
3624288,1,+0221:+0036,Denmark,20_to_50km,0.31858802,23,23,0.08695652173913043,0.08695652173913043,0.0,0
3625188,1,+0221:+0036,Denmark,20_to_50km,0.31360674,19,22,0.34146341463414637,0.34146341463414637,0.0,0
3628232,1,+0141:+0096,Greece,100_to_200km,0.5573324,29,26,0.21818181818181817,0.21818181818181817,0.0,0
3629742,1,+0212:+0028,Netherlands,50_to_100km,0.3475646,10,13,0.6956521739130435,0.6956521739130435,0.0,0
3629936,1,+0221:+0039,Denmark,20_to_50km,0.26200008,9,15,0.5,0.5,0.0,0
3630996,1,+0223:+0039,Denmark,20_to_50km,0.32629827,9,24,0.30303030303030304,0.30303030303030304,0.0,0
3631643,1,+0221:+0039,Denmark,20_to_50km,0.32818925,29,23,0.34615384615384615,0.34615384615384615,0.0,0
3632303,1,+0221:+0036,Denmark,20_to_50km,0.3093178,10,19,0.27586206896551724,0.27586206896551724,0.0,0
3632646,1,+0221:+0039,Denmark,20_to_50km,0.3198784,17,23,0.55,0.55,0.0,0
3635579,1,+0221:+0036,Denmark,20_to_50km,0.2750569,10,20,0.3333333333333333,0.3333333333333333,0.0,0
3636632,1,+0172:+0000,France,20_to_50km,0.26722944,25,20,0.4444444444444444,0.4444444444444444,0.0,0
3637639,1,+0213:+0028,Netherlands,50_to_100km,0.33065832,7,18,0.24,0.24,0.0,0
3638718,1,+0223:+0039,Denmark,20_to_50km,0.31190225,19,26,0.26666666666666666,0.26666666666666666,0.0,0
3639613,1,+0221:+0039,Denmark,20_to_50km,0.33284342,15,23,0.3684210526315789,0.3684210526315789,0.0,0
3642649,1,+0221:+0039,Denmark,20_to_50km,0.31516984,20,21,0.5365853658536586,0.5365853658536586,0.0,0
3644617,1,+0221:+0036,Denmark,20_to_50km,0.30512857,9,21,0.4,0.4,0.0,0
3647591,1,+0221:+0039,Denmark,20_to_50km,0.29974034,24,18,0.42857142857142855,0.42857142857142855,0.0,0
3648380,1,+0221:+0036,Denmark,20_to_50km,0.29330865,11,27,0.3157894736842105,0.3157894736842105,0.0,0
3657500,1,+0223:+0039,Denmark,20_to_50km,0.31714055,9,27,0.2777777777777778,0.2777777777777778,0.0,0
3657681,1,+0221:+0039,Denmark,20_to_50km,0.32658997,9,24,0.30303030303030304,0.30303030303030304,0.0,0
3662732,1,+0176:+0025,France,20_to_50km,0.2743054,36,23,0.5084745762711864,0.5084745762711864,0.0,0
3667296,1,+0221:+0039,Denmark,20_to_50km,0.300384,7,20,0.2962962962962963,0.2962962962962963,0.0,0
3667368,1,+0221:+0036,Denmark,20_to_50km,0.2673539,16,21,0.7027027027027027,0.7027027027027027,0.0,0
3669759,1,+0223:+0038,Denmark,20_to_50km,0.34464464,15,20,0.5142857142857142,0.5142857142857142,0.0,0
3672972,1,+0213:+0028,Netherlands,50_to_100km,0.34430206,5,15,0.1,0.1,0.0,0
3676352,1,+0223:+0038,Denmark,20_to_50km,0.33422968,21,23,0.5454545454545454,0.5454545454545454,0.0,0
3685594,1,+0223:+0039,Denmark,20_to_50km,0.3296497,26,23,0.32653061224489793,0.32653061224489793,0.0,0
3689877,1,+0223:+0039,Denmark,20_to_50km,0.31843618,9,24,0.42424242424242425,0.42424242424242425,0.0,0
3693290,1,+0192:+0011,France,20_to_50km,0.3009355,17,19,0.4444444444444444,0.4444444444444444,0.0,0
3693640,1,+0221:+0036,Denmark,20_to_50km,0.3159705,5,23,0.2857142857142857,0.2857142857142857,0.0,0
3693779,1,+0173:+0002,France,20_to_50km,0.29418713,32,18,0.52,0.52,0.0,0
3695635,1,+0213:+0028,Netherlands,50_to_100km,0.34349295,1,14,0.13333333333333333,0.13333333333333333,0.0,0
3695721,1,+0223:+0039,Denmark,20_to_50km,0.30376723,25,26,0.47058823529411764,0.47058823529411764,0.0,0
3697688,1,+0192:+0011,France,20_to_50km,0.3144964,18,21,0.41025641025641024,0.41025641025641024,0.0,0
3700189,1,+0212:+0028,Netherlands,50_to_100km,0.35074744,14,18,0.1875,0.1875,0.0,0
3700963,1,+0171:+0002,France,20_to_50km,0.26590627,30,25,0.4727272727272727,0.4727272727272727,0.0,0
3701876,1,+0221:+0036,Denmark,20_to_50km,0.26828888,8,20,0.5,0.5,0.0,0
3702774,1,+0223:+0039,Denmark,20_to_50km,0.31441242,15,25,0.5,0.5,0.0,0
3708073,1,+0212:+0028,Netherlands,50_to_100km,0.35624853,13,19,0.3125,0.3125,0.0,0
3708079,1,+0223:+0039,Denmark,20_to_50km,0.33169731,19,25,0.5454545454545454,0.5454545454545454,0.0,0
3708914,1,+0221:+0036,Denmark,20_to_50km,0.26677948,13,21,0.35294117647058826,0.35294117647058826,0.0,0
3709397,1,+0212:+0028,Netherlands,50_to_100km,0.34981003,8,14,0.0,0.0,0.0,0
3711322,1,+0221:+0036,Denmark,20_to_50km,0.29470655,15,20,0.6285714285714286,0.6285714285714286,0.0,0
3715254,1,+0223:+0039,Denmark,20_to_50km,0.29969358,14,23,0.16216216216216217,0.16216216216216217,0.0,0
3716183,1,+0223:+0039,Denmark,20_to_50km,0.33790386,37,30,0.417910447761194,0.417910447761194,0.0,0
3716218,1,+0223:+0039,Denmark,20_to_50km,0.34107974,21,27,0.5416666666666666,0.5416666666666666,0.0,0
3718584,1,+0221:+0039,Denmark,20_to_50km,0.2670286,9,17,0.3076923076923077,0.3076923076923077,0.0,0
3719123,1,+0221:+0039,Denmark,20_to_50km,0.28980786,9,18,0.2962962962962963,0.2962962962962963,0.0,0
3723068,1,+0221:+0039,Denmark,20_to_50km,0.32609618,11,24,0.34285714285714286,0.34285714285714286,0.0,0
3725026,1,+0221:+0039,Denmark,20_to_50km,0.32976416,16,20,0.3888888888888889,0.3888888888888889,0.0,0
3725724,1,+0223:+0039,Denmark,20_to_50km,0.34006062,41,26,0.3880597014925373,0.3880597014925373,0.0,0
3726082,1,+0221:+0036,Denmark,20_to_50km,0.2731074,22,21,0.5581395348837209,0.5581395348837209,0.0,0
3727613,1,+0176:+0045,Italy,20_to_50km,0.31881988,51,25,0.13157894736842105,0.13157894736842105,0.0,0
3727783,1,+0223:+0039,Denmark,20_to_50km,0.33722195,25,30,0.43636363636363634,0.43636363636363634,0.0,0
3728360,1,+0171:+0002,France,50_to_100km,0.293192,32,18,0.2,0.2,0.0,0
3728754,1,+0221:+0036,Denmark,20_to_50km,0.29177755,5,14,0.42105263157894735,0.42105263157894735,0.0,0
3733841,1,+0223:+0039,Denmark,20_to_50km,0.30329603,24,23,0.3829787234042553,0.3829787234042553,0.0,0
3735709,1,+0221:+0036,Denmark,20_to_50km,0.27524355,14,23,0.5405405405405406,0.5405405405405406,0.0,0
3736763,1,+0221:+0036,Denmark,20_to_50km,0.2942407,14,20,0.6470588235294118,0.6470588235294118,0.0,0
3739012,1,+0221:+0036,Denmark,20_to_50km,0.29694453,18,20,0.2631578947368421,0.2631578947368421,0.0,0
3740359,1,+0221:+0039,Denmark,20_to_50km,0.32729164,10,22,0.1875,0.1875,0.0,0
3740562,1,+0223:+0039,Denmark,20_to_50km,0.34081343,27,26,0.49056603773584906,0.49056603773584906,0.0,0
3743488,1,+0221:+0036,Denmark,20_to_50km,0.27442786,18,22,0.55,0.55,0.0,0
3743606,1,+0221:+0039,Denmark,20_to_50km,0.30158848,8,14,0.2727272727272727,0.2727272727272727,0.0,0
3752765,1,+0176:+0045,Italy,20_to_50km,0.3188972,65,25,0.13333333333333333,0.13333333333333333,0.0,0
3752843,1,+0223:+0038,Denmark,20_to_50km,0.32209435,26,21,0.3404255319148936,0.3404255319148936,0.0,0
3753470,1,+0221:+0039,Denmark,20_to_50km,0.31213006,18,23,0.5365853658536586,0.5365853658536586,0.0,0
3756573,1,+0223:+0038,Denmark,20_to_50km,0.32205668,26,21,0.1276595744680851,0.1276595744680851,0.0,0
3756924,1,+0223:+0039,Denmark,20_to_50km,0.30449438,16,24,0.25,0.25,0.0,0
3757193,1,+0221:+0039,Denmark,20_to_50km,0.3279419,17,21,0.47368421052631576,0.47368421052631576,0.0,0
3758711,1,+0223:+0039,Denmark,20_to_50km,0.32938105,5,25,0.2,0.2,0.0,0
3762942,1,+0221:+0039,Denmark,20_to_50km,0.32541502,17,23,0.35,0.35,0.0,0
3763860,1,+0223:+0039,Denmark,20_to_50km,0.34262565,18,27,0.35555555555555557,0.35555555555555557,0.0,0
3768803,1,+0213:+0028,Netherlands,50_to_100km,0.34446117,8,13,0.5714285714285714,0.5714285714285714,0.0,0
3770166,1,+0221:+0036,Denmark,20_to_50km,0.26219478,18,21,0.41025641025641024,0.41025641025641024,0.0,0
3770419,1,+0223:+0039,Denmark,20_to_50km,0.34043092,16,25,0.34146341463414637,0.34146341463414637,0.0,0
3772376,1,+0223:+0038,Denmark,20_to_50km,0.34351596,13,25,0.47368421052631576,0.47368421052631576,0.0,0
3774786,1,+0223:+0039,Denmark,20_to_50km,0.30098367,20,21,0.43902439024390244,0.43902439024390244,0.0,0
3780874,1,+0223:+0039,Denmark,20_to_50km,0.33713534,22,27,0.5714285714285714,0.5714285714285714,0.0,0
3782773,1,+0221:+0039,Denmark,20_to_50km,0.33081537,12,22,0.17647058823529413,0.17647058823529413,0.0,0
3783486,1,+0223:+0038,Denmark,20_to_50km,0.33984742,22,23,0.4,0.4,0.0,0
3784678,1,+0221:+0036,Denmark,20_to_50km,0.27875793,18,19,0.21621621621621623,0.21621621621621623,0.0,0
3785365,1,+0212:+0028,Netherlands,50_to_100km,0.351948,11,18,0.20689655172413793,0.20689655172413793,0.0,0
3792001,1,+0212:+0028,Netherlands,50_to_100km,0.3459037,4,14,0.2222222222222222,0.2222222222222222,0.0,0
3797782,1,+0221:+0036,Denmark,20_to_50km,0.28804183,14,21,0.5142857142857142,0.5142857142857142,0.0,0
3799066,1,+0221:+0039,Denmark,20_to_50km,0.3238711,17,25,0.42857142857142855,0.42857142857142855,0.0,0
3801841,1,+0223:+0039,Denmark,20_to_50km,0.30231506,21,27,0.4166666666666667,0.4166666666666667,0.0,0
3806163,1,+0223:+0039,Denmark,20_to_50km,0.30346656,13,23,0.2222222222222222,0.2222222222222222,0.0,0
3806876,1,+0221:+0039,Denmark,20_to_50km,0.32992885,14,22,0.2222222222222222,0.2222222222222222,0.0,0
3806909,1,+0221:+0039,Denmark,20_to_50km,0.31682795,16,21,0.43243243243243246,0.43243243243243246,0.0,0
3809905,1,+0221:+0036,Denmark,20_to_50km,0.29762077,20,21,0.34146341463414637,0.34146341463414637,0.0,0
3811068,1,+0221:+0039,Denmark,20_to_50km,0.32354307,4,23,0.14814814814814814,0.14814814814814814,0.0,0
3813020,1,+0172:+0001,France,50_to_100km,0.28822693,27,23,0.52,0.52,0.0,0
3813380,1,+0221:+0036,Denmark,20_to_50km,0.31250143,20,22,0.42857142857142855,0.42857142857142855,0.0,0
3813606,1,+0221:+0036,Denmark,20_to_50km,0.30104223,13,22,0.4,0.4,0.0,0
3819787,1,+0223:+0039,Denmark,20_to_50km,0.31783754,17,25,0.23809523809523808,0.23809523809523808,0.0,0
3821789,1,+0221:+0036,Denmark,20_to_50km,0.2671857,8,15,0.43478260869565216,0.43478260869565216,0.0,0
3826420,1,+0221:+0036,Denmark,20_to_50km,0.2792387,15,23,0.42105263157894735,0.42105263157894735,0.0,0
3826511,1,+0221:+0036,Denmark,20_to_50km,0.29503468,10,20,0.5333333333333333,0.5333333333333333,0.0,0
3829568,1,+0221:+0039,Denmark,20_to_50km,0.33880827,17,23,0.3,0.3,0.0,0
3831826,1,+0223:+0038,Denmark,20_to_50km,0.33064738,30,25,0.2909090909090909,0.2909090909090909,0.0,0
3833300,1,+0213:+0028,Netherlands,50_to_100km,0.33083594,5,18,0.08695652173913043,0.08695652173913043,0.0,0
3834030,1,+0221:+0036,Denmark,20_to_50km,0.29481003,12,22,0.4117647058823529,0.4117647058823529,0.0,0
3835379,1,+0213:+0028,Netherlands,50_to_100km,0.33030564,5,16,0.2857142857142857,0.2857142857142857,0.0,0
3836469,1,+0221:+0039,Denmark,20_to_50km,0.30247918,11,19,0.3333333333333333,0.3333333333333333,0.0,0
3838160,1,+0223:+0039,Denmark,20_to_50km,0.34169176,19,22,0.3902439024390244,0.3902439024390244,0.0,0
3840126,1,+0221:+0036,Denmark,20_to_50km,0.277271,14,19,0.36363636363636365,0.36363636363636365,0.0,0
3840321,1,+0221:+0036,Denmark,20_to_50km,0.28473535,20,21,0.43902439024390244,0.43902439024390244,0.0,0
3843417,1,+0221:+0036,Denmark,20_to_50km,0.31444824,13,22,0.4,0.4,0.0,0
3843684,1,+0223:+0038,Denmark,20_to_50km,0.3422894,22,23,0.35555555555555557,0.35555555555555557,0.0,0
3844244,1,+0223:+0039,Denmark,20_to_50km,0.3216443,18,23,0.3902439024390244,0.3902439024390244,0.0,0
3844836,1,+0221:+0039,Denmark,20_to_50km,0.3175872,9,19,0.14285714285714285,0.14285714285714285,0.0,0
3845332,1,+0223:+0039,Denmark,20_to_50km,0.30198976,13,26,0.358974358974359,0.358974358974359,0.0,0
3845782,1,+0223:+0039,Denmark,20_to_50km,0.34536022,32,24,0.32142857142857145,0.32142857142857145,0.0,0
3847294,1,+0223:+0038,Denmark,20_to_50km,0.31873536,30,24,0.4444444444444444,0.4444444444444444,0.0,0
3847384,1,+0221:+0036,Denmark,20_to_50km,0.30545348,10,23,0.24242424242424243,0.24242424242424243,0.0,0
3851483,1,+0223:+0038,Denmark,20_to_50km,0.30797687,11,24,0.22857142857142856,0.22857142857142856,0.0,0
3853915,1,+0221:+0039,Denmark,20_to_50km,0.2945158,9,15,0.08333333333333333,0.08333333333333333,0.0,0
3855730,1,+0221:+0036,Denmark,20_to_50km,0.2953198,12,19,0.5806451612903226,0.5806451612903226,0.0,0
3858135,1,+0221:+0039,Denmark,20_to_50km,0.3391298,28,23,0.27450980392156865,0.27450980392156865,0.0,0
3858516,1,+0221:+0036,Denmark,20_to_50km,0.31750113,8,19,0.37037037037037035,0.37037037037037035,0.0,0
3859826,1,+0223:+0039,Denmark,20_to_50km,0.3295831,18,28,0.391304347826087,0.391304347826087,0.0,0
3861406,1,+0221:+0039,Denmark,20_to_50km,0.29159665,13,20,0.24242424242424243,0.24242424242424243,0.0,0
3861633,1,+0221:+0036,Denmark,20_to_50km,0.29785863,27,20,0.3404255319148936,0.3404255319148936,0.0,0
3865218,1,+0221:+0039,Denmark,20_to_50km,0.32858068,12,22,0.29411764705882354,0.29411764705882354,0.0,0
3866677,1,+0173:+0002,France,20_to_50km,0.32312375,19,22,0.7317073170731707,0.7317073170731707,0.0,0
3870986,1,+0221:+0036,Denmark,20_to_50km,0.31316057,19,21,0.45,0.45,0.0,0
3872527,1,+0162:+0055,Italy,20_to_50km,0.2831343,10,17,0.07407407407407407,0.07407407407407407,0.0,0
3877683,1,+0179:-0004,France,20_to_50km,0.22039163,11,15,0.6153846153846154,0.6153846153846154,0.0,0
3881691,1,+0213:+0028,Netherlands,50_to_100km,0.34450084,6,15,0.09523809523809523,0.09523809523809523,0.0,0
3886265,1,+0223:+0038,Denmark,20_to_50km,0.32242256,9,25,0.4117647058823529,0.4117647058823529,0.0,0
3895703,1,+0177:+0024,France,20_to_50km,0.26013854,26,21,0.3829787234042553,0.3829787234042553,0.0,0
3897143,1,+0221:+0036,Denmark,20_to_50km,0.27503946,23,23,0.5652173913043478,0.5652173913043478,0.0,0
3898058,1,+0221:+0039,Denmark,20_to_50km,0.32177812,17,22,0.3076923076923077,0.3076923076923077,0.0,0
3899300,1,+0221:+0036,Denmark,20_to_50km,0.29462257,18,22,0.35,0.35,0.0,0
3900017,1,+0221:+0039,Denmark,20_to_50km,0.29785627,16,23,0.46153846153846156,0.46153846153846156,0.0,0
3900639,1,+0179:-0004,France,20_to_50km,0.21038006,9,14,0.6956521739130435,0.6956521739130435,0.0,0
3902518,1,+0212:+0028,Netherlands,50_to_100km,0.35105762,12,17,0.20689655172413793,0.20689655172413793,0.0,0
3904422,1,+0221:+0039,Denmark,20_to_50km,0.29789975,13,18,0.1935483870967742,0.1935483870967742,0.0,0
3907492,1,+0221:+0036,Denmark,20_to_50km,0.30356294,14,19,0.48484848484848486,0.48484848484848486,0.0,0
3907632,1,+0221:+0036,Denmark,20_to_50km,0.294912,16,19,0.4,0.4,0.0,0
3908293,1,+0223:+0039,Denmark,20_to_50km,0.33486962,15,26,0.34146341463414637,0.34146341463414637,0.0,0
3909957,1,+0179:+0026,France,20_to_50km,0.27227095,13,22,0.2857142857142857,0.2857142857142857,0.0,0
3912611,1,+0221:+0039,Denmark,20_to_50km,0.32645556,8,24,0.3125,0.3125,0.0,0
3912698,1,+0223:+0038,Denmark,20_to_50km,0.31799835,12,25,0.3783783783783784,0.3783783783783784,0.0,0
3915925,1,+0221:+0039,Denmark,20_to_50km,0.29644802,9,20,0.20689655172413793,0.20689655172413793,0.0,0
3915971,1,+0221:+0036,Denmark,20_to_50km,0.31081218,14,21,0.17142857142857143,0.17142857142857143,0.0,0
3916075,1,+0221:+0039,Denmark,20_to_50km,0.33559805,44,21,0.3076923076923077,0.3076923076923077,0.0,0
3916577,1,+0221:+0039,Denmark,20_to_50km,0.2804761,5,18,0.43478260869565216,0.43478260869565216,0.0,0
3919341,1,+0221:+0039,Denmark,20_to_50km,0.27772826,9,15,0.5833333333333334,0.5833333333333334,0.0,0
