surveyId,fold,spatial_block,country,pa_distance_bucket,rarity_summary,true_cardinality,predicted_cardinality,matched_v25_f1,v26_f1,delta_f1
4803,0,+043:+012,Italy,20_to_50km,zero=0;rare=2;common=12,14,27,0.0975609756097561,0.0975609756097561,0.0
6811,0,+043:+002,France,100_to_200km,zero=0;rare=2;common=1,3,22,0.0,0.0,0.0
7219,0,+048:+005,France,50_to_100km,zero=0;rare=0;common=21,21,21,0.47619047619047616,0.47619047619047616,0.0
9576,0,+043:+002,France,100_to_200km,zero=1;rare=5;common=16,22,24,0.17391304347826086,0.17391304347826086,0.0
9786,0,+049:+006,France,20_to_50km,zero=0;rare=0;common=22,22,26,0.375,0.375,0.0
13339,0,+053:+006,Netherlands,20_to_50km,zero=0;rare=0;common=10,10,21,0.3125,0.3225806451612903,0.010080645161290314
15452,0,+048:-004,France,50_to_100km,zero=0;rare=0;common=15,15,19,0.45714285714285713,0.47058823529411764,0.013445378151260512
18238,0,+043:+002,France,50_to_100km,zero=0;rare=1;common=12,13,19,0.5142857142857142,0.5625,0.048214285714285765
18582,0,+040:+009,Italy,20_to_50km,zero=2;rare=3;common=4,9,19,0.0,0.0,0.0
19093,0,+053:+006,Netherlands,20_to_50km,zero=0;rare=0;common=7,7,21,0.41379310344827586,0.42857142857142855,0.014778325123152691
34346,0,+043:+004,France,50_to_100km,zero=2;rare=6;common=6,14,22,0.05405405405405406,0.05555555555555555,0.0015015015015014954
47832,0,+040:+009,Italy,20_to_50km,zero=0;rare=3;common=23,26,22,0.21739130434782608,0.20833333333333334,-0.009057971014492738
50254,0,+040:+009,Italy,20_to_50km,zero=0;rare=4;common=11,15,20,0.22857142857142856,0.22857142857142856,0.0
55256,0,+043:+002,France,50_to_100km,zero=0;rare=1;common=11,12,21,0.35294117647058826,0.36363636363636365,0.010695187165775388
56577,0,+043:+012,Italy,50_to_100km,zero=3;rare=5;common=24,32,28,0.06666666666666667,0.06666666666666667,0.0
62976,0,+044:+007,France,20_to_50km,zero=0;rare=9;common=3,12,24,0.11764705882352941,0.1111111111111111,-0.006535947712418305
63213,0,+048:+005,France,20_to_50km,zero=0;rare=0;common=28,28,26,0.48148148148148145,0.48148148148148145,0.0
67171,0,+043:+004,France,20_to_50km,zero=0;rare=2;common=3,5,24,0.16,0.13793103448275862,-0.022068965517241385
67210,0,+044:+007,France,20_to_50km,zero=1;rare=5;common=8,14,25,0.05263157894736842,0.05128205128205128,-0.0013495276653171379
72567,0,+040:+009,Italy,20_to_50km,zero=1;rare=5;common=16,22,19,0.5238095238095238,0.4878048780487805,-0.03600464576074336
76985,0,+043:+002,France,50_to_100km,zero=0;rare=2;common=12,14,22,0.3888888888888889,0.3888888888888889,0.0
79895,0,+043:+002,France,20_to_50km,zero=0;rare=0;common=26,26,24,0.52,0.52,0.0
83062,0,+053:+006,Netherlands,20_to_50km,zero=0;rare=0;common=5,5,23,0.06896551724137931,0.07142857142857142,0.0024630541871921152
83240,0,+043:+002,France,50_to_100km,zero=0;rare=0;common=24,24,20,0.3111111111111111,0.3181818181818182,0.007070707070707061
87538,0,+047:+004,France,20_to_50km,zero=0;rare=2;common=32,34,27,0.43333333333333335,0.45901639344262296,0.025683060109289613
91836,0,+040:+009,Italy,20_to_50km,zero=0;rare=6;common=11,17,20,0.16216216216216217,0.16216216216216217,0.0
106921,0,+040:+009,Italy,20_to_50km,zero=0;rare=4;common=12,16,23,0.10526315789473684,0.15384615384615385,0.04858299595141702
107689,0,+048:+005,France,20_to_50km,zero=0;rare=0;common=33,33,25,0.42105263157894735,0.41379310344827586,-0.007259528130671489
110229,0,+043:+004,France,50_to_100km,zero=2;rare=3;common=5,10,23,0.0625,0.06060606060606061,-0.0018939393939393923
115757,0,+040:+009,Italy,20_to_50km,zero=0;rare=0;common=9,9,24,0.12903225806451613,0.18181818181818182,0.0527859237536657
119494,0,+040:+009,Italy,20_to_50km,zero=0;rare=4;common=10,14,21,0.4444444444444444,0.45714285714285713,0.012698412698412709
120465,0,+053:+006,Netherlands,20_to_50km,zero=0;rare=3;common=0,3,25,0.0,0.0,0.0
122517,0,+053:+006,Netherlands,20_to_50km,zero=0;rare=0;common=7,7,21,0.27586206896551724,0.2857142857142857,0.009852216748768461
128168,0,+043:+002,France,50_to_100km,zero=0;rare=1;common=3,4,24,0.0,0.07142857142857142,0.07142857142857142
135997,0,+040:+009,Italy,20_to_50km,zero=0;rare=5;common=15,20,20,0.4,0.4,0.0
147716,0,+040:+009,Italy,20_to_50km,zero=1;rare=1;common=6,8,19,0.07142857142857142,0.07407407407407407,0.0026455026455026454
151389,0,+050:+003,France,100_to_200km,zero=0;rare=0;common=21,21,20,0.5853658536585366,0.5853658536585366,0.0
154518,0,+044:+007,France,20_to_50km,zero=0;rare=4;common=3,7,23,0.06451612903225806,0.06666666666666667,0.002150537634408603
160877,0,+045:+010,Italy,20_to_50km,zero=0;rare=6;common=22,28,30,0.27586206896551724,0.27586206896551724,0.0
166832,0,+040:+009,Italy,20_to_50km,zero=4;rare=4;common=14,22,20,0.05,0.047619047619047616,-0.0023809523809523864
170239,0,+043:+002,France,50_to_100km,zero=0;rare=1;common=14,15,25,0.24390243902439024,0.25,0.0060975609756097615
170368,0,+042:+010,Italy,100_to_200km,zero=0;rare=2;common=6,8,20,0.0,0.0,0.0
172916,0,+048:+005,France,20_to_50km,zero=0;rare=2;common=21,23,26,0.4489795918367347,0.4489795918367347,0.0
173570,0,+042:+010,Italy,100_to_200km,zero=4;rare=2;common=3,9,19,0.0,0.0,0.0
174117,0,+043:+004,France,50_to_100km,zero=2;rare=4;common=22,28,21,0.0784313725490196,0.04081632653061224,-0.037615046018407365
174644,0,+050:+003,France,50_to_100km,zero=0;rare=0;common=3,3,18,0.2727272727272727,0.2857142857142857,0.012987012987012991
177218,0,+040:+009,Italy,20_to_50km,zero=0;rare=1;common=9,10,20,0.13333333333333333,0.13333333333333333,0.0
185866,0,+043:+002,France,50_to_100km,zero=0;rare=0;common=6,6,21,0.2857142857142857,0.2962962962962963,0.010582010582010581
186217,0,+046:-003,France,20_to_50km,zero=0;rare=0;common=7,7,23,0.26666666666666666,0.26666666666666666,0.0
188861,0,+053:+006,Netherlands,20_to_50km,zero=0;rare=0;common=8,8,22,0.1875,0.2,0.012500000000000011
189208,0,+053:+006,Netherlands,20_to_50km,zero=0;rare=0;common=16,16,25,0.3902439024390244,0.3902439024390244,0.0
192968,0,+043:+002,France,50_to_100km,zero=0;rare=0;common=11,11,19,0.4375,0.4666666666666667,0.029166666666666674
195742,0,+043:+002,France,50_to_100km,zero=0;rare=0;common=12,12,20,0.11764705882352941,0.125,0.00735294117647059
201492,0,+043:+002,France,50_to_100km,zero=0;rare=2;common=11,13,26,0.3076923076923077,0.3076923076923077,0.0
208286,0,+040:+009,Italy,20_to_50km,zero=1;rare=6;common=8,15,19,0.0,0.0,0.0
209881,0,+043:+004,France,50_to_100km,zero=2;rare=5;common=6,13,21,0.0,0.0,0.0
211954,0,+047:+004,France,20_to_50km,zero=0;rare=0;common=20,20,25,0.6222222222222222,0.6222222222222222,0.0
212194,0,+040:+009,Italy,20_to_50km,zero=2;rare=5;common=14,21,22,0.1,0.18604651162790697,0.08604651162790697
213436,0,+043:+002,France,50_to_100km,zero=0;rare=0;common=5,5,18,0.24,0.2608695652173913,0.020869565217391306
214661,0,+048:+004,France,50_to_100km,zero=0;rare=0;common=15,15,19,0.5142857142857142,0.5294117647058824,0.015126050420168125
217796,0,+040:+009,Italy,20_to_50km,zero=0;rare=3;common=9,12,21,0.35294117647058826,0.36363636363636365,0.010695187165775388
218299,0,+053:+006,Netherlands,20_to_50km,zero=0;rare=0;common=17,17,22,0.46153846153846156,0.46153846153846156,0.0
218644,0,+040:+009,Italy,20_to_50km,zero=1;rare=4;common=11,16,20,0.42105263157894735,0.4444444444444444,0.023391812865497075
218783,0,+043:+002,France,50_to_100km,zero=0;rare=1;common=30,31,27,0.5263157894736842,0.5517241379310345,0.025408348457350294
222402,0,+048:+004,France,20_to_50km,zero=1;rare=0;common=28,29,24,0.49056603773584906,0.49056603773584906,0.0
223232,0,+043:+002,France,50_to_100km,zero=0;rare=0;common=11,11,22,0.11764705882352941,0.12121212121212122,0.0035650623885918054
227839,0,+040:+009,Italy,20_to_50km,zero=0;rare=3;common=15,18,22,0.3076923076923077,0.35,0.04230769230769227
229045,0,+047:+004,France,20_to_50km,zero=0;rare=0;common=22,22,25,0.3333333333333333,0.3404255319148936,0.007092198581560294
238514,0,+043:+004,France,50_to_100km,zero=1;rare=0;common=8,9,22,0.0,0.0,0.0
243266,0,+045:+010,Italy,20_to_50km,zero=0;rare=13;common=21,34,28,0.06557377049180328,0.0967741935483871,0.031200423056583812
252471,0,+050:+003,France,50_to_100km,zero=0;rare=0;common=20,20,20,0.5,0.5,0.0
253560,0,+042:+010,Italy,100_to_200km,zero=3;rare=1;common=1,5,22,0.0,0.0,0.0
254562,0,+048:+005,France,20_to_50km,zero=0;rare=0;common=9,9,25,0.35294117647058826,0.35294117647058826,0.0
255328,0,+043:+002,France,50_to_100km,zero=0;rare=0;common=11,11,20,0.42424242424242425,0.3870967741935484,-0.03714565004887588
258186,0,+053:+006,Netherlands,20_to_50km,zero=0;rare=1;common=12,13,23,0.10810810810810811,0.1111111111111111,0.003003003003002991
258320,0,+040:+009,Italy,20_to_50km,zero=1;rare=6;common=14,21,21,0.5116279069767442,0.47619047619047616,-0.03543743078626804
258571,0,+047:+004,France,20_to_50km,zero=0;rare=0;common=19,19,23,0.5581395348837209,0.5714285714285714,0.013289036544850474
260104,0,+043:+002,France,50_to_100km,zero=0;rare=0;common=15,15,21,0.32432432432432434,0.3333333333333333,0.009009009009008973
261258,0,+043:+004,France,20_to_50km,zero=0;rare=0;common=12,12,20,0.29411764705882354,0.3125,0.01838235294117646
261722,0,+043:+002,France,100_to_200km,zero=0;rare=2;common=12,14,25,0.05128205128205128,0.05128205128205128,0.0
261986,0,+043:+002,France,50_to_100km,zero=0;rare=0;common=13,13,18,0.24242424242424243,0.25806451612903225,0.01564027370478982
262374,0,+043:+004,France,50_to_100km,zero=0;rare=3;common=5,8,24,0.0625,0.0625,0.0
263026,0,+053:+006,Netherlands,20_to_50km,zero=0;rare=0;common=7,7,22,0.3225806451612903,0.3448275862068966,0.02224694104560626
267983,0,+047:+004,France,20_to_50km,zero=0;rare=0;common=5,5,22,0.35714285714285715,0.37037037037037035,0.013227513227513199
271976,0,+049:+006,France,50_to_100km,zero=0;rare=3;common=39,42,24,0.36363636363636365,0.3333333333333333,-0.03030303030303033
272887,0,+043:+002,France,100_to_200km,zero=1;rare=3;common=9,13,25,0.0,0.0,0.0
275547,0,+040:+009,Italy,20_to_50km,zero=0;rare=6;common=13,19,21,0.3783783783783784,0.4,0.021621621621621623
277646,0,+048:+005,France,20_to_50km,zero=0;rare=0;common=25,25,25,0.4,0.4,0.0
278558,0,+052:+012,Germany,100_to_200km,zero=0;rare=3;common=24,27,25,0.2916666666666667,0.2692307692307692,-0.022435897435897467
280693,0,+040:+009,Italy,20_to_50km,zero=0;rare=5;common=8,13,22,0.125,0.17142857142857143,0.04642857142857143
283178,0,+040:+009,Italy,20_to_50km,zero=2;rare=3;common=14,19,23,0.24390243902439024,0.2857142857142857,0.04181184668989546
290990,0,+053:+006,Netherlands,20_to_50km,zero=0;rare=0;common=11,11,25,0.2702702702702703,0.2777777777777778,0.007507507507507505
292213,0,+053:+006,Netherlands,20_to_50km,zero=0;rare=0;common=5,5,25,0.12903225806451613,0.13333333333333333,0.004301075268817206
294489,0,+043:+002,France,50_to_100km,zero=0;rare=1;common=15,16,25,0.4,0.3902439024390244,-0.009756097560975618
301185,0,+043:+012,Italy,20_to_50km,zero=0;rare=1;common=13,14,28,0.09523809523809523,0.047619047619047616,-0.047619047619047616
302684,0,+049:+014,Czech Republic,20_to_50km,zero=0;rare=3;common=33,36,26,0.2903225806451613,0.3548387096774194,0.06451612903225806
311344,0,+043:+002,France,20_to_50km,zero=0;rare=0;common=8,8,20,0.3870967741935484,0.35714285714285715,-0.029953917050691226
313100,0,+044:+007,France,20_to_50km,zero=0;rare=8;common=3,11,25,0.05405405405405406,0.1111111111111111,0.05705705705705705
313823,0,+044:+007,France,20_to_50km,zero=0;rare=2;common=22,24,24,0.20408163265306123,0.20833333333333334,0.0042517006802721136
321406,0,+043:+004,France,50_to_100km,zero=0;rare=2;common=6,8,22,0.3448275862068966,0.3333333333333333,-0.01149425287356326
322039,0,+053:+006,Netherlands,20_to_50km,zero=0;rare=0;common=5,5,21,0.14814814814814814,0.15384615384615385,0.005698005698005715
326591,0,+048:+020,Hungary,50_to_100km,zero=2;rare=7;common=54,63,30,0.30434782608695654,0.3225806451612903,0.018232819074333773
328337,0,+045:+010,Italy,20_to_50km,zero=0;rare=4;common=22,26,27,0.2962962962962963,0.2641509433962264,-0.03214535290006987
329712,0,+040:+009,Italy,20_to_50km,zero=1;rare=3;common=8,12,20,0.125,0.125,0.0
330839,0,+047:+004,France,20_to_50km,zero=0;rare=0;common=16,16,22,0.3157894736842105,0.3157894736842105,0.0
331070,0,+048:+005,France,20_to_50km,zero=0;rare=0;common=14,14,26,0.3076923076923077,0.3,-0.0076923076923077205
333996,0,+042:+010,Italy,100_to_200km,zero=1;rare=4;common=7,12,20,0.06060606060606061,0.0625,0.0018939393939393923
334876,0,+049:+006,France,50_to_100km,zero=0;rare=0;common=28,28,25,0.5,0.49056603773584906,-0.009433962264150941
342998,0,+043:+002,France,50_to_100km,zero=0;rare=2;common=8,10,23,0.11764705882352941,0.12121212121212122,0.0035650623885918054
345336,0,+042:+010,Italy,100_to_200km,zero=0;rare=2;common=4,6,20,0.14814814814814814,0.15384615384615385,0.005698005698005715
345597,0,+043:+004,France,50_to_100km,zero=2;rare=1;common=5,8,21,0.06666666666666667,0.06896551724137931,0.0022988505747126436
350783,0,+043:+002,France,50_to_100km,zero=0;rare=0;common=21,21,26,0.4888888888888889,0.46808510638297873,-0.02080378250591014
354918,0,+043:+002,France,50_to_100km,zero=0;rare=1;common=12,13,21,0.2857142857142857,0.29411764705882354,0.00840336134453784
356657,0,+053:+006,Netherlands,20_to_50km,zero=0;rare=0;common=21,21,21,0.6511627906976745,0.6190476190476191,-0.032115171650055396
358524,0,+040:+009,Italy,20_to_50km,zero=3;rare=2;common=15,20,22,0.15,0.14285714285714285,-0.007142857142857145
360573,0,+044:+007,France,20_to_50km,zero=1;rare=1;common=26,28,26,0.21428571428571427,0.2222222222222222,0.007936507936507936
362582,0,+043:+002,France,100_to_200km,zero=3;rare=10;common=26,39,26,0.09230769230769231,0.09230769230769231,0.0
363539,0,+053:+006,Netherlands,20_to_50km,zero=0;rare=0;common=10,10,21,0.3125,0.25806451612903225,-0.05443548387096775
365024,0,+043:+002,France,20_to_50km,zero=0;rare=1;common=10,11,25,0.5,0.5,0.0
369791,0,+047:+004,France,20_to_50km,zero=0;rare=0;common=16,16,27,0.38095238095238093,0.4186046511627907,0.03765227021040979
378779,0,+043:+004,France,50_to_100km,zero=1;rare=3;common=10,14,22,0.10810810810810811,0.1111111111111111,0.003003003003002991
385302,0,+048:-004,France,50_to_100km,zero=0;rare=0;common=13,13,21,0.34285714285714286,0.29411764705882354,-0.04873949579831932
387960,0,+043:+002,France,50_to_100km,zero=0;rare=2;common=5,7,24,0.0,0.0,0.0
393538,0,+043:+004,France,20_to_50km,zero=0;rare=6;common=22,28,23,0.5384615384615384,0.5098039215686274,-0.02865761689291102
394209,0,+043:+004,France,50_to_100km,zero=1;rare=1;common=4,6,19,0.0,0.0,0.0
402226,0,+053:+006,Netherlands,20_to_50km,zero=0;rare=0;common=6,6,24,0.125,0.13333333333333333,0.008333333333333331
408122,0,+048:+004,France,20_to_50km,zero=0;rare=0;common=19,19,22,0.43902439024390244,0.43902439024390244,0.0
411928,0,+052:+012,Germany,100_to_200km,zero=0;rare=3;common=27,30,26,0.3076923076923077,0.2857142857142857,-0.02197802197802201
412017,0,+040:+009,Italy,20_to_50km,zero=0;rare=4;common=15,19,22,0.5116279069767442,0.5365853658536586,0.024957458876914362
417883,0,+043:+002,France,100_to_200km,zero=0;rare=4;common=4,8,29,0.0,0.05405405405405406,0.05405405405405406
419993,0,+053:+006,Netherlands,20_to_50km,zero=0;rare=0;common=14,14,23,0.2631578947368421,0.2702702702702703,0.007112375533428195
421633,0,+043:+002,France,20_to_50km,zero=0;rare=0;common=20,20,23,0.37209302325581395,0.37209302325581395,0.0
424017,0,+047:+004,France,20_to_50km,zero=0;rare=0;common=23,23,25,0.5,0.5,0.0
424670,0,+043:+002,France,50_to_100km,zero=0;rare=0;common=8,8,21,0.20689655172413793,0.20689655172413793,0.0
425184,0,+040:+009,Italy,20_to_50km,zero=0;rare=0;common=6,6,20,0.23076923076923078,0.23076923076923078,0.0
425901,0,+043:+004,France,50_to_100km,zero=2;rare=6;common=11,19,22,0.047619047619047616,0.04878048780487805,0.001161440185830434
426190,0,+044:+007,France,20_to_50km,zero=1;rare=1;common=19,21,21,0.32558139534883723,0.3333333333333333,0.007751937984496082
429253,0,+043:+012,Italy,100_to_200km,zero=1;rare=7;common=37,45,24,0.14925373134328357,0.17391304347826086,0.024659312134977296
431548,0,+045:+010,Italy,20_to_50km,zero=1;rare=11;common=39,51,28,0.28205128205128205,0.27848101265822783,-0.003570269393054215
442680,0,+053:+006,Netherlands,20_to_50km,zero=0;rare=0;common=8,8,21,0.3333333333333333,0.3448275862068966,0.01149425287356326
445730,0,+043:+004,France,50_to_100km,zero=0;rare=3;common=1,4,25,0.0,0.0,0.0
446072,0,+043:+004,France,20_to_50km,zero=0;rare=5;common=5,10,21,0.0,0.0,0.0
448662,0,+053:+006,Netherlands,20_to_50km,zero=0;rare=0;common=10,10,24,0.2777777777777778,0.29411764705882354,0.01633986928104575
448813,0,+040:+009,Italy,20_to_50km,zero=3;rare=5;common=15,23,22,0.09302325581395349,0.13333333333333333,0.040310077519379844
451434,0,+052:+012,Germany,100_to_200km,zero=0;rare=1;common=20,21,23,0.27906976744186046,0.2727272727272727,-0.006342494714587754
455524,0,+053:+006,Netherlands,20_to_50km,zero=0;rare=0;common=11,11,23,0.29411764705882354,0.29411764705882354,0.0
455528,0,+048:+004,France,20_to_50km,zero=0;rare=0;common=25,25,22,0.46808510638297873,0.46808510638297873,0.0
456622,0,+047:+004,France,20_to_50km,zero=0;rare=0;common=14,14,25,0.5789473684210527,0.6153846153846154,0.036437246963562764
459253,0,+053:+006,Netherlands,20_to_50km,zero=0;rare=0;common=9,9,21,0.25806451612903225,0.26666666666666666,0.008602150537634412
459667,0,+047:+004,France,20_to_50km,zero=0;rare=0;common=31,31,27,0.3793103448275862,0.3793103448275862,0.0
462972,0,+053:+006,Netherlands,20_to_50km,zero=0;rare=0;common=4,4,21,0.15384615384615385,0.16,0.006153846153846149
464871,0,+047:+004,France,20_to_50km,zero=0;rare=1;common=37,38,27,0.375,0.36923076923076925,-0.005769230769230749
466149,0,+047:+004,France,20_to_50km,zero=0;rare=0;common=23,23,22,0.391304347826087,0.4,0.008695652173913049
468670,0,+044:+007,France,20_to_50km,zero=0;rare=1;common=31,32,24,0.2857142857142857,0.2857142857142857,0.0
470070,0,+043:+002,France,50_to_100km,zero=0;rare=2;common=13,15,25,0.10256410256410256,0.15,0.047435897435897434
470500,0,+040:+009,Italy,20_to_50km,zero=0;rare=4;common=12,16,22,0.16666666666666666,0.21052631578947367,0.043859649122807015
477431,0,+043:+002,France,50_to_100km,zero=0;rare=0;common=26,26,21,0.625,0.5957446808510638,-0.0292553191489362
481010,0,+050:+003,France,50_to_100km,zero=0;rare=0;common=11,11,18,0.3225806451612903,0.27586206896551724,-0.046718576195773076
481323,0,+053:+006,Netherlands,20_to_50km,zero=0;rare=0;common=7,7,21,0.20689655172413793,0.21428571428571427,0.007389162561576346
495377,0,+050:+003,France,20_to_50km,zero=0;rare=0;common=14,14,20,0.45714285714285713,0.47058823529411764,0.013445378151260512
495916,0,+043:+004,France,50_to_100km,zero=5;rare=6;common=12,23,21,0.0,0.0,0.0
496929,0,+043:+004,France,20_to_50km,zero=1;rare=1;common=5,7,24,0.06896551724137931,0.06451612903225806,-0.004449388209121247
499116,0,+048:+000,France,20_to_50km,zero=0;rare=0;common=16,16,23,0.55,0.5641025641025641,0.014102564102564052
499149,0,+043:+002,France,20_to_50km,zero=0;rare=0;common=17,17,24,0.3902439024390244,0.3902439024390244,0.0
499557,0,+043:+002,France,50_to_100km,zero=0;rare=1;common=27,28,24,0.33962264150943394,0.3076923076923077,-0.03193033381712623
502689,0,+053:+006,Netherlands,20_to_50km,zero=0;rare=0;common=17,17,23,0.43902439024390244,0.45,0.01097560975609757
507497,0,+052:+012,Germany,100_to_200km,zero=1;rare=1;common=29,31,21,0.41509433962264153,0.38461538461538464,-0.03047895500725689
511520,0,+053:+006,Netherlands,20_to_50km,zero=0;rare=1;common=11,12,25,0.21052631578947367,0.21621621621621623,0.005689900426742556
513746,0,+043:+002,France,100_to_200km,zero=0;rare=2;common=3,5,26,0.0,0.0,0.0
514919,0,+048:+005,France,20_to_50km,zero=0;rare=0;common=42,42,25,0.3939393939393939,0.417910447761194,0.023971053821800092
521061,0,+053:+006,Netherlands,20_to_50km,zero=0;rare=0;common=17,17,22,0.25,0.2564102564102564,0.0064102564102563875
523832,0,+043:+002,France,50_to_100km,zero=0;rare=0;common=10,10,25,0.29411764705882354,0.2857142857142857,-0.00840336134453784
527097,0,+043:+002,France,20_to_50km,zero=0;rare=1;common=26,27,27,0.5283018867924528,0.5185185185185185,-0.009783368273934334
529026,0,+040:+009,Italy,20_to_50km,zero=2;rare=5;common=15,22,22,0.09523809523809523,0.22727272727272727,0.13203463203463203
531393,0,+042:+010,Italy,100_to_200km,zero=1;rare=1;common=3,5,19,0.07692307692307693,0.08333333333333333,0.006410256410256401
531561,0,+043:+002,France,50_to_100km,zero=0;rare=0;common=11,11,20,0.45161290322580644,0.45161290322580644,0.0
532168,0,+040:+009,Italy,20_to_50km,zero=0;rare=0;common=5,5,20,0.16,0.16,0.0
535053,0,+047:+004,France,20_to_50km,zero=0;rare=0;common=10,10,24,0.4,0.4117647058823529,0.0117647058823529
546317,0,+043:+002,France,50_to_100km,zero=0;rare=0;common=40,40,20,0.41935483870967744,0.36666666666666664,-0.052688172043010795
546428,0,+044:+007,France,20_to_50km,zero=1;rare=8;common=14,23,21,0.2222222222222222,0.22727272727272727,0.005050505050505055
549925,0,+043:+002,France,50_to_100km,zero=0;rare=1;common=20,21,24,0.5217391304347826,0.5333333333333333,0.011594202898550732
550930,0,+043:+004,France,50_to_100km,zero=1;rare=6;common=9,16,20,0.0,0.0,0.0
551187,0,+047:+004,France,20_to_50km,zero=0;rare=0;common=20,20,27,0.391304347826087,0.425531914893617,0.03422756706753005
551389,0,+053:+006,Netherlands,20_to_50km,zero=0;rare=0;common=9,9,22,0.23529411764705882,0.25806451612903225,0.02277039848197343
551951,0,+043:+002,France,50_to_100km,zero=1;rare=0;common=21,22,25,0.2916666666666667,0.2978723404255319,0.0062056737588652156
552227,0,+043:+002,France,50_to_100km,zero=0;rare=0;common=16,16,20,0.3157894736842105,0.2777777777777778,-0.03801169590643272
556126,0,+040:+009,Italy,20_to_50km,zero=1;rare=8;common=18,27,20,0.3404255319148936,0.3404255319148936,0.0
558420,0,+053:+006,Netherlands,20_to_50km,zero=0;rare=0;common=14,14,21,0.2222222222222222,0.22857142857142856,0.006349206349206354
560009,0,+040:+009,Italy,20_to_50km,zero=1;rare=3;common=12,16,23,0.16216216216216217,0.20512820512820512,0.04296604296604295
560492,0,+042:+010,Italy,100_to_200km,zero=2;rare=1;common=7,10,21,0.125,0.12903225806451613,0.0040322580645161255
560967,0,+047:+004,France,20_to_50km,zero=0;rare=1;common=45,46,26,0.4788732394366197,0.4722222222222222,-0.006651017214397481
564282,0,+043:+002,France,50_to_100km,zero=1;rare=7;common=25,33,24,0.38596491228070173,0.38596491228070173,0.0
568492,0,+043:+002,France,50_to_100km,zero=0;rare=0;common=12,12,23,0.2222222222222222,0.22857142857142856,0.006349206349206354
574821,0,+043:+002,France,50_to_100km,zero=0;rare=0;common=16,16,20,0.5789473684210527,0.5,-0.07894736842105265
578253,0,+043:+004,France,50_to_100km,zero=1;rare=2;common=11,14,21,0.05555555555555555,0.05714285714285714,0.0015873015873015886
582087,0,+043:+002,France,100_to_200km,zero=0;rare=0;common=6,6,24,0.0,0.0,0.0
583445,0,+053:+006,Netherlands,20_to_50km,zero=0;rare=0;common=7,7,22,0.3333333333333333,0.3448275862068966,0.01149425287356326
583497,0,+040:+009,Italy,20_to_50km,zero=1;rare=1;common=11,13,23,0.12121212121212122,0.2222222222222222,0.101010101010101
583609,0,+048:+005,France,20_to_50km,zero=0;rare=2;common=38,40,22,0.25806451612903225,0.25806451612903225,0.0
585103,0,+050:+003,France,50_to_100km,zero=0;rare=0;common=22,22,19,0.5238095238095238,0.5365853658536586,0.012775842044134733
587733,0,+047:+004,France,20_to_50km,zero=0;rare=0;common=32,32,28,0.43333333333333335,0.43333333333333335,0.0
588103,0,+043:+004,France,20_to_50km,zero=1;rare=2;common=3,6,26,0.0,0.0625,0.0625
588974,0,+043:+004,France,50_to_100km,zero=1;rare=1;common=0,2,19,0.0,0.0,0.0
589199,0,+049:+006,France,50_to_100km,zero=0;rare=0;common=18,18,26,0.5581395348837209,0.5454545454545454,-0.012684989429175508
594356,0,+043:+004,France,50_to_100km,zero=2;rare=1;common=2,5,18,0.0,0.0,0.0
594588,0,+043:+002,France,50_to_100km,zero=0;rare=1;common=16,17,23,0.24390243902439024,0.25,0.0060975609756097615
594617,0,+043:+004,France,50_to_100km,zero=2;rare=5;common=4,11,23,0.0,0.0,0.0
595953,0,+040:+009,Italy,20_to_50km,zero=2;rare=4;common=11,17,22,0.05128205128205128,0.10256410256410256,0.05128205128205128
598081,0,+043:+002,France,100_to_200km,zero=0;rare=3;common=20,23,25,0.22727272727272727,0.20833333333333334,-0.018939393939393923
603731,0,+040:+009,Italy,20_to_50km,zero=1;rare=2;common=16,19,21,0.5365853658536586,0.55,0.013414634146341475
613696,0,+050:+003,France,50_to_100km,zero=0;rare=0;common=19,19,18,0.43243243243243246,0.43243243243243246,0.0
615341,0,+047:+004,France,20_to_50km,zero=0;rare=0;common=16,16,27,0.5714285714285714,0.6046511627906976,0.03322259136212624
616111,0,+052:+012,Germany,100_to_200km,zero=0;rare=1;common=26,27,23,0.2857142857142857,0.28,-0.005714285714285672
620350,0,+047:+004,France,20_to_50km,zero=0;rare=0;common=11,11,25,0.2777777777777778,0.2777777777777778,0.0
623420,0,+043:+004,France,20_to_50km,zero=0;rare=4;common=13,17,22,0.2,0.15384615384615385,-0.046153846153846156
627763,0,+048:+005,France,20_to_50km,zero=0;rare=0;common=25,25,24,0.5714285714285714,0.5714285714285714,0.0
629152,0,+043:+004,France,50_to_100km,zero=1;rare=1;common=14,16,24,0.0,0.0,0.0
633054,0,+044:+007,Italy,20_to_50km,zero=0;rare=1;common=9,10,26,0.0,0.0,0.0
633775,0,+044:+007,France,20_to_50km,zero=0;rare=6;common=5,11,23,0.05714285714285714,0.058823529411764705,0.001680672268907564
636625,0,+048:-004,France,50_to_100km,zero=0;rare=1;common=8,9,21,0.30303030303030304,0.3333333333333333,0.030303030303030276
638284,0,+043:+002,France,100_to_200km,zero=0;rare=4;common=5,9,23,0.0,0.0,0.0
638990,0,+050:+003,France,50_to_100km,zero=0;rare=0;common=28,28,22,0.56,0.56,0.0
648090,0,+043:+002,France,50_to_100km,zero=0;rare=0;common=10,10,21,0.25,0.25806451612903225,0.008064516129032251
648718,0,+040:+009,Italy,20_to_50km,zero=1;rare=6;common=12,19,18,0.32432432432432434,0.32432432432432434,0.0
650126,0,+043:+004,France,50_to_100km,zero=0;rare=2;common=4,6,22,0.0,0.0,0.0
650488,0,+043:+002,France,50_to_100km,zero=0;rare=0;common=17,17,20,0.3157894736842105,0.32432432432432434,0.008534850640113834
651239,0,+050:+003,France,50_to_100km,zero=0;rare=0;common=13,13,19,0.5454545454545454,0.5625,0.017045454545454586
651474,0,+040:+009,Italy,20_to_50km,zero=1;rare=9;common=22,32,22,0.1509433962264151,0.14814814814814814,-0.0027952480782669487
655332,0,+043:+002,France,50_to_100km,zero=1;rare=0;common=9,10,20,0.1935483870967742,0.2,0.006451612903225823
662599,0,+048:+004,France,20_to_50km,zero=0;rare=0;common=34,34,22,0.4827586206896552,0.4642857142857143,-0.018472906403940892
664060,0,+052:+012,Germany,100_to_200km,zero=0;rare=2;common=28,30,24,0.41509433962264153,0.4444444444444444,0.02935010482180289
671648,0,+048:+005,France,20_to_50km,zero=0;rare=0;common=22,22,24,0.34782608695652173,0.391304347826087,0.043478260869565244
679866,0,+040:+009,Italy,20_to_50km,zero=1;rare=2;common=11,14,22,0.3888888888888889,0.3888888888888889,0.0
681963,0,+040:+009,Italy,20_to_50km,zero=0;rare=3;common=11,14,23,0.2777777777777778,0.32432432432432434,0.04654654654654655
685150,0,+043:+002,France,100_to_200km,zero=2;rare=6;common=13,21,26,0.08695652173913043,0.0851063829787234,-0.0018501387604070302
685279,0,+045:+010,Italy,20_to_50km,zero=0;rare=3;common=30,33,29,0.16129032258064516,0.16129032258064516,0.0
687151,0,+040:+009,Italy,20_to_50km,zero=0;rare=3;common=1,4,22,0.0,0.0,0.0
697406,0,+048:+005,France,20_to_50km,zero=0;rare=0;common=29,29,21,0.4,0.4,0.0
699855,0,+045:+010,Italy,20_to_50km,zero=0;rare=7;common=31,38,26,0.2,0.21875,0.01874999999999999
704239,0,+043:+002,France,50_to_100km,zero=0;rare=0;common=22,22,19,0.3333333333333333,0.34146341463414637,0.008130081300813052
705505,0,+043:+002,France,100_to_200km,zero=0;rare=5;common=22,27,29,0.21818181818181817,0.25,0.03181818181818183
708770,0,+050:+003,France,50_to_100km,zero=0;rare=0;common=19,19,20,0.3076923076923077,0.3076923076923077,0.0
712835,0,+040:+009,Italy,20_to_50km,zero=0;rare=2;common=10,12,23,0.18181818181818182,0.22857142857142856,0.04675324675324674
712877,0,+045:+010,Italy,20_to_50km,zero=0;rare=12;common=34,46,28,0.13513513513513514,0.13513513513513514,0.0
712947,0,+043:+012,Italy,50_to_100km,zero=0;rare=3;common=10,13,20,0.36363636363636365,0.36363636363636365,0.0
714011,0,+040:+009,Italy,20_to_50km,zero=1;rare=3;common=9,13,19,0.0,0.0,0.0
716260,0,+048:+004,France,20_to_50km,zero=0;rare=0;common=18,18,23,0.6046511627906976,0.5853658536585366,-0.019285309132161088
719794,0,+043:+002,France,50_to_100km,zero=0;rare=0;common=18,18,26,0.22727272727272727,0.22727272727272727,0.0
719919,0,+047:+004,France,20_to_50km,zero=0;rare=0;common=22,22,26,0.3673469387755102,0.375,0.007653061224489777
724657,0,+042:+010,Italy,100_to_200km,zero=0;rare=3;common=2,5,18,0.0,0.0,0.0
725757,0,+043:+002,France,100_to_200km,zero=0;rare=3;common=19,22,23,0.21739130434782608,0.2222222222222222,0.004830917874396129
726468,0,+053:+006,Netherlands,20_to_50km,zero=0;rare=0;common=10,10,24,0.3888888888888889,0.4117647058823529,0.022875816993464027
727530,0,+043:+002,France,100_to_200km,zero=0;rare=4;common=13,17,25,0.046511627906976744,0.047619047619047616,0.0011074197120708729
729405,0,+047:+004,France,20_to_50km,zero=0;rare=0;common=17,17,23,0.4878048780487805,0.5,0.012195121951219523
729419,0,+049:+014,Czech Republic,50_to_100km,zero=0;rare=0;common=7,7,20,0.0,0.0,0.0
730885,0,+043:+004,France,20_to_50km,zero=1;rare=2;common=11,14,29,0.23809523809523808,0.23255813953488372,-0.005537098560354364
733111,0,+043:+002,France,100_to_200km,zero=1;rare=10;common=14,25,25,0.0,0.0,0.0
733123,0,+043:+012,Italy,100_to_200km,zero=0;rare=0;common=15,15,22,0.43243243243243246,0.43243243243243246,0.0
736580,0,+043:+002,France,20_to_50km,zero=0;rare=0;common=7,7,24,0.25806451612903225,0.25806451612903225,0.0
746423,0,+043:+004,France,50_to_100km,zero=1;rare=0;common=0,1,20,0.0,0.0,0.0
749962,0,+040:+009,Italy,20_to_50km,zero=1;rare=4;common=14,19,21,0.4878048780487805,0.5,0.012195121951219523
752723,0,+043:+002,France,100_to_200km,zero=1;rare=3;common=20,24,26,0.3137254901960784,0.32,0.00627450980392158
753949,0,+043:+002,France,50_to_100km,zero=0;rare=0;common=4,4,19,0.3333333333333333,0.34782608695652173,0.014492753623188415
760210,0,+040:+009,Italy,20_to_50km,zero=1;rare=5;common=12,18,22,0.15384615384615385,0.2,0.046153846153846156
760948,0,+043:+004,France,20_to_50km,zero=0;rare=2;common=13,15,22,0.4864864864864865,0.4864864864864865,0.0
762409,0,+043:+002,France,100_to_200km,zero=0;rare=3;common=4,7,28,0.0,0.0,0.0
767778,0,+043:+004,France,50_to_100km,zero=2;rare=1;common=1,4,26,0.0,0.0,0.0
767981,0,+043:+002,France,50_to_100km,zero=0;rare=1;common=13,14,27,0.4878048780487805,0.4878048780487805,0.0
769355,0,+044:+007,France,20_to_50km,zero=0;rare=5;common=20,25,24,0.27450980392156865,0.2857142857142857,0.011204481792717047
770564,0,+043:+002,France,100_to_200km,zero=0;rare=2;common=0,2,27,0.0,0.0,0.0
771653,0,+043:+004,France,20_to_50km,zero=0;rare=3;common=19,22,22,0.27906976744186046,0.2727272727272727,-0.006342494714587754
781650,0,+053:+006,Netherlands,20_to_50km,zero=0;rare=0;common=12,12,24,0.2631578947368421,0.2222222222222222,-0.04093567251461988
785486,0,+043:+004,France,50_to_100km,zero=0;rare=1;common=16,17,22,0.5,0.5128205128205128,0.012820512820512775
785669,0,+043:+004,France,20_to_50km,zero=1;rare=3;common=5,9,24,0.06060606060606061,0.06060606060606061,0.0
788166,0,+053:+006,Netherlands,20_to_50km,zero=0;rare=0;common=11,11,22,0.30303030303030304,0.30303030303030304,0.0
788266,0,+047:+004,France,20_to_50km,zero=0;rare=1;common=30,31,26,0.45614035087719296,0.45614035087719296,0.0
789581,0,+043:+002,France,100_to_200km,zero=0;rare=5;common=20,25,26,0.40816326530612246,0.43137254901960786,0.023209283713485407
790873,0,+048:+000,France,20_to_50km,zero=0;rare=0;common=15,15,23,0.5641025641025641,0.5789473684210527,0.014844804318488558
794147,0,+043:+002,France,100_to_200km,zero=0;rare=10;common=11,21,27,0.1276595744680851,0.041666666666666664,-0.08599290780141844
799578,0,+043:+002,France,50_to_100km,zero=0;rare=0;common=11,11,21,0.24242424242424243,0.25,0.007575757575757569
808139,0,+049:+006,France,50_to_100km,zero=0;rare=0;common=19,19,21,0.2857142857142857,0.3,0.01428571428571429
810030,0,+053:+006,Netherlands,20_to_50km,zero=0;rare=0;common=8,8,22,0.2,0.2,0.0
812403,0,+053:+006,Netherlands,20_to_50km,zero=0;rare=0;common=7,7,25,0.30303030303030304,0.3125,0.009469696969696961
818454,0,+047:+004,France,20_to_50km,zero=0;rare=0;common=16,16,26,0.4186046511627907,0.42857142857142855,0.009966777408637828
821343,0,+043:+002,France,20_to_50km,zero=0;rare=0;common=8,8,24,0.375,0.375,0.0
823346,0,+048:+005,France,50_to_100km,zero=0;rare=0;common=24,24,26,0.44,0.44,0.0
826509,0,+043:+002,France,50_to_100km,zero=0;rare=2;common=11,13,23,0.21621621621621623,0.2222222222222222,0.006006006006005982
832666,0,+044:+007,France,20_to_50km,zero=0;rare=2;common=22,24,25,0.24489795918367346,0.2857142857142857,0.040816326530612235
833249,0,+053:+006,Netherlands,20_to_50km,zero=0;rare=0;common=4,4,21,0.23076923076923078,0.24,0.009230769230769209
835055,0,+043:+002,France,100_to_200km,zero=1;rare=1;common=9,11,23,0.2222222222222222,0.23529411764705882,0.01307189542483661
838125,0,+043:+004,France,50_to_100km,zero=4;rare=1;common=0,5,20,0.0,0.0,0.0
847491,0,+049:+006,France,20_to_50km,zero=0;rare=1;common=22,23,24,0.3404255319148936,0.3404255319148936,0.0
850552,0,+043:+002,France,100_to_200km,zero=0;rare=8;common=23,31,23,0.10909090909090909,0.1111111111111111,0.0020202020202020193
859035,0,+053:+006,Netherlands,20_to_50km,zero=0;rare=0;common=18,18,22,0.4,0.4,0.0
859166,0,+043:+002,France,50_to_100km,zero=1;rare=1;common=20,22,19,0.047619047619047616,0.04878048780487805,0.001161440185830434
869049,0,+047:+004,France,20_to_50km,zero=0;rare=0;common=20,20,27,0.5652173913043478,0.5531914893617021,-0.012025901942645634
869201,0,+053:+006,Netherlands,20_to_50km,zero=0;rare=0;common=21,21,24,0.5531914893617021,0.5777777777777777,0.024586288416075575
872565,0,+040:+009,Italy,20_to_50km,zero=0;rare=1;common=5,6,20,0.07692307692307693,0.07692307692307693,0.0
874400,0,+043:+002,France,50_to_100km,zero=0;rare=0;common=14,14,19,0.5,0.48484848484848486,-0.015151515151515138
876259,0,+052:+012,Germany,100_to_200km,zero=1;rare=2;common=18,21,23,0.18604651162790697,0.18181818181818182,-0.004228329809725151
877229,0,+043:+002,France,50_to_100km,zero=0;rare=0;common=11,11,23,0.45714285714285713,0.47058823529411764,0.013445378151260512
885020,0,+043:+002,France,50_to_100km,zero=0;rare=1;common=8,9,23,0.25806451612903225,0.25,-0.008064516129032251
890241,0,+053:+006,Netherlands,20_to_50km,zero=0;rare=0;common=12,12,21,0.47058823529411764,0.48484848484848486,0.014260249554367221
891644,0,+043:+004,France,50_to_100km,zero=3;rare=10;common=7,20,23,0.0975609756097561,0.09302325581395349,-0.004537719795802614
894232,0,+043:+002,France,50_to_100km,zero=0;rare=0;common=7,7,24,0.25806451612903225,0.25806451612903225,0.0
896242,0,+040:+009,Italy,20_to_50km,zero=0;rare=5;common=12,17,22,0.21621621621621623,0.2564102564102564,0.04019404019404016
896470,0,+053:+006,Netherlands,20_to_50km,zero=0;rare=0;common=12,12,23,0.4,0.4,0.0
900747,0,+047:+004,France,20_to_50km,zero=0;rare=0;common=14,14,24,0.5263157894736842,0.5263157894736842,0.0
907534,0,+052:+012,Germany,100_to_200km,zero=0;rare=2;common=30,32,24,0.4642857142857143,0.4642857142857143,0.0
908577,0,+053:+006,Netherlands,20_to_50km,zero=0;rare=0;common=7,7,22,0.3333333333333333,0.3448275862068966,0.01149425287356326
916268,0,+047:+004,France,20_to_50km,zero=0;rare=0;common=13,13,20,0.45714285714285713,0.48484848484848486,0.027705627705627733
919308,0,+043:+004,France,50_to_100km,zero=5;rare=2;common=2,9,19,0.06666666666666667,0.0,-0.06666666666666667
920746,0,+053:+006,Netherlands,20_to_50km,zero=0;rare=0;common=21,21,22,0.4090909090909091,0.4186046511627907,0.009513742071881603
923533,0,+044:+007,France,20_to_50km,zero=0;rare=1;common=47,48,27,0.2631578947368421,0.26666666666666666,0.0035087719298245723
927368,0,+043:+004,France,50_to_100km,zero=5;rare=2;common=1,8,26,0.0,0.0,0.0
927745,0,+050:+003,Belgium,20_to_50km,zero=0;rare=0;common=17,17,20,0.3076923076923077,0.32432432432432434,0.016632016632016633
937228,0,+053:+006,Netherlands,20_to_50km,zero=0;rare=0;common=9,9,25,0.34285714285714286,0.35294117647058826,0.010084033613445398
937549,0,+043:+002,France,50_to_100km,zero=0;rare=4;common=15,19,23,0.24390243902439024,0.23809523809523808,-0.0058072009291521565
940162,0,+043:+002,France,20_to_50km,zero=0;rare=2;common=11,13,27,0.358974358974359,0.35,-0.008974358974358998
943025,0,+043:+002,France,100_to_200km,zero=1;rare=3;common=15,19,24,0.046511627906976744,0.046511627906976744,0.0
943543,0,+048:-004,France,50_to_100km,zero=0;rare=0;common=18,18,18,0.42105263157894735,0.3333333333333333,-0.08771929824561403
946128,0,+045:+010,Italy,20_to_50km,zero=0;rare=18;common=61,79,29,0.3364485981308411,0.3333333333333333,-0.0031152647975077885
949350,0,+048:+000,France,20_to_50km,zero=0;rare=0;common=10,10,19,0.5333333333333333,0.5517241379310345,0.01839080459770115
949690,0,+043:+004,France,20_to_50km,zero=0;rare=1;common=9,10,19,0.26666666666666666,0.27586206896551724,0.009195402298850575
949748,0,+048:+000,France,20_to_50km,zero=0;rare=0;common=7,7,20,0.37037037037037035,0.37037037037037035,0.0
950065,0,+040:+009,Italy,20_to_50km,zero=0;rare=6;common=12,18,22,0.42857142857142855,0.45,0.021428571428571463
952870,0,+043:+004,France,50_to_100km,zero=4;rare=7;common=9,20,23,0.045454545454545456,0.046511627906976744,0.0010570824524312877
955166,0,+043:+002,France,100_to_200km,zero=0;rare=1;common=0,1,24,0.0,0.0,0.0
957631,0,+040:+009,Italy,20_to_50km,zero=1;rare=1;common=9,11,22,0.25806451612903225,0.24242424242424243,-0.01564027370478982
962304,0,+053:+006,Netherlands,20_to_50km,zero=0;rare=0;common=14,14,20,0.2222222222222222,0.23529411764705882,0.01307189542483661
964964,0,+043:+004,France,50_to_100km,zero=0;rare=1;common=5,6,21,0.07142857142857142,0.07407407407407407,0.0026455026455026454
967035,0,+043:+002,France,100_to_200km,zero=0;rare=0;common=19,19,29,0.43478260869565216,0.4583333333333333,0.023550724637681153
971001,0,+040:+009,Italy,20_to_50km,zero=0;rare=5;common=10,15,22,0.2631578947368421,0.2702702702702703,0.007112375533428195
977700,0,+040:+009,Italy,20_to_50km,zero=1;rare=3;common=15,19,20,0.43902439024390244,0.358974358974359,-0.08005003126954346
983493,0,+053:+006,Netherlands,20_to_50km,zero=0;rare=1;common=8,9,20,0.13333333333333333,0.13793103448275862,0.004597701149425287
983776,0,+048:+005,France,20_to_50km,zero=0;rare=0;common=14,14,22,0.3783783783783784,0.3888888888888889,0.010510510510510496
986918,0,+053:+006,Netherlands,20_to_50km,zero=0;rare=0;common=5,5,20,0.2222222222222222,0.24,0.01777777777777778
987092,0,+047:+004,France,20_to_50km,zero=0;rare=0;common=15,15,25,0.35,0.35,0.0
998024,0,+049:+018,Slovakia,20_to_50km,zero=0;rare=2;common=24,26,26,0.04081632653061224,0.038461538461538464,-0.002354788069073778
998053,0,+040:+009,Italy,20_to_50km,zero=1;rare=1;common=11,13,21,0.6285714285714286,0.6470588235294118,0.01848739495798324
1008856,0,+040:+009,Italy,20_to_50km,zero=0;rare=2;common=8,10,22,0.36363636363636365,0.375,0.011363636363636354
1012159,0,+043:+002,France,50_to_100km,zero=0;rare=0;common=8,8,23,0.3125,0.25806451612903225,-0.05443548387096775
1016721,0,+048:+000,France,20_to_50km,zero=0;rare=0;common=15,15,24,0.46153846153846156,0.46153846153846156,0.0
1024468,0,+043:+004,France,50_to_100km,zero=4;rare=1;common=3,8,23,0.0,0.0,0.0
1028883,0,+044:+007,France,20_to_50km,zero=0;rare=4;common=6,10,25,0.05714285714285714,0.05714285714285714,0.0
1035670,0,+040:+009,Italy,20_to_50km,zero=0;rare=4;common=15,19,21,0.6153846153846154,0.6,-0.015384615384615441
1040638,0,+042:+010,Italy,100_to_200km,zero=3;rare=1;common=3,7,20,0.0,0.0,0.0
1044415,0,+043:+004,France,50_to_100km,zero=1;rare=3;common=11,15,22,0.05405405405405406,0.05405405405405406,0.0
1048560,0,+048:+005,France,20_to_50km,zero=0;rare=2;common=18,20,28,0.4583333333333333,0.4583333333333333,0.0
1053523,0,+053:+006,Netherlands,20_to_50km,zero=0;rare=0;common=11,11,21,0.24242424242424243,0.25,0.007575757575757569
1055724,0,+040:+009,Italy,20_to_50km,zero=1;rare=1;common=13,15,24,0.10810810810810811,0.15384615384615385,0.04573804573804574
1057538,0,+043:+004,France,50_to_100km,zero=1;rare=9;common=15,25,21,0.041666666666666664,0.043478260869565216,0.0018115942028985518
1059656,0,+053:+006,Netherlands,20_to_50km,zero=0;rare=0;common=8,8,25,0.23529411764705882,0.24242424242424243,0.007130124777183611
1061927,0,+053:+006,Netherlands,20_to_50km,zero=0;rare=0;common=11,11,17,0.26666666666666666,0.2857142857142857,0.019047619047619035
1069752,0,+043:+002,France,50_to_100km,zero=0;rare=0;common=21,21,24,0.5581395348837209,0.5777777777777777,0.0196382428940568
1070474,0,+040:+009,Italy,20_to_50km,zero=0;rare=2;common=15,17,22,0.3157894736842105,0.358974358974359,0.04318488529014847
1071131,0,+040:+009,Italy,20_to_50km,zero=0;rare=3;common=1,4,21,0.0,0.0,0.0
1071172,0,+043:+002,France,50_to_100km,zero=0;rare=0;common=13,13,21,0.5714285714285714,0.5882352941176471,0.01680672268907568
1073941,0,+043:+002,France,50_to_100km,zero=0;rare=0;common=12,12,22,0.4117647058823529,0.4117647058823529,0.0
1079358,0,+043:+004,France,50_to_100km,zero=5;rare=2;common=1,8,21,0.0,0.0,0.0
1089956,0,+043:+004,France,20_to_50km,zero=0;rare=2;common=12,14,22,0.3888888888888889,0.3888888888888889,0.0
1095678,0,+047:+004,France,20_to_50km,zero=0;rare=0;common=15,15,24,0.46153846153846156,0.46153846153846156,0.0
1098009,0,+045:+007,Italy,20_to_50km,zero=1;rare=1;common=18,20,28,0.041666666666666664,0.08333333333333333,0.041666666666666664
1102620,0,+053:+006,Netherlands,20_to_50km,zero=0;rare=0;common=16,16,22,0.5263157894736842,0.5263157894736842,0.0
1102882,0,+049:+006,France,20_to_50km,zero=0;rare=0;common=32,32,19,0.41509433962264153,0.39215686274509803,-0.022937476877543495
1103577,0,+053:+006,Netherlands,20_to_50km,zero=0;rare=0;common=4,4,24,0.07142857142857142,0.07142857142857142,0.0
1106216,0,+053:+006,Netherlands,20_to_50km,zero=0;rare=0;common=8,8,24,0.30303030303030304,0.25,-0.05303030303030304
1109342,0,+048:+020,Hungary,50_to_100km,zero=1;rare=6;common=46,53,30,0.2926829268292683,0.3132530120481928,0.020570085218924505
1118978,0,+053:+006,Netherlands,20_to_50km,zero=0;rare=0;common=11,11,22,0.30303030303030304,0.30303030303030304,0.0
1119043,0,+050:+003,France,50_to_100km,zero=0;rare=0;common=20,20,20,0.34146341463414637,0.35,0.00853658536585361
1120661,0,+040:+009,Italy,20_to_50km,zero=0;rare=1;common=13,14,21,0.6111111111111112,0.6285714285714286,0.0174603174603174
1121567,0,+048:+000,France,20_to_50km,zero=0;rare=0;common=12,12,21,0.45714285714285713,0.48484848484848486,0.027705627705627733
1122493,0,+043:+002,France,50_to_100km,zero=0;rare=0;common=7,7,22,0.20689655172413793,0.20689655172413793,0.0
1130784,0,+053:+006,Netherlands,20_to_50km,zero=0;rare=0;common=18,18,23,0.4186046511627907,0.3902439024390244,-0.028360748723766316
1134808,0,+047:+004,France,20_to_50km,zero=0;rare=0;common=17,17,19,0.42105263157894735,0.4444444444444444,0.023391812865497075
1135637,0,+043:+002,France,50_to_100km,zero=0;rare=0;common=17,17,23,0.42857142857142855,0.45,0.021428571428571463
1139974,0,+048:+004,France,20_to_50km,zero=0;rare=1;common=27,28,22,0.6,0.6,0.0
1146696,0,+040:+009,Italy,20_to_50km,zero=3;rare=1;common=10,14,22,0.1111111111111111,0.1111111111111111,0.0
1150522,0,+044:+007,France,20_to_50km,zero=1;rare=9;common=5,15,23,0.05263157894736842,0.05263157894736842,0.0
1153143,0,+048:+000,France,20_to_50km,zero=0;rare=0;common=31,31,23,0.4,0.37037037037037035,-0.029629629629629672
1157884,0,+040:+009,Italy,20_to_50km,zero=0;rare=4;common=13,17,22,0.2702702702702703,0.358974358974359,0.08870408870408869
1159731,0,+043:+002,France,100_to_200km,zero=1;rare=2;common=0,3,28,0.0,0.0,0.0
1160416,0,+043:+002,France,100_to_200km,zero=0;rare=2;common=25,27,26,0.37735849056603776,0.37735849056603776,0.0
1161050,0,+040:+009,Italy,20_to_50km,zero=1;rare=6;common=14,21,21,0.46511627906976744,0.42857142857142855,-0.03654485049833889
1162875,0,+043:+004,France,20_to_50km,zero=0;rare=4;common=11,15,23,0.43243243243243246,0.42105263157894735,-0.011379800853485111
1166758,0,+043:+002,France,50_to_100km,zero=0;rare=0;common=19,19,21,0.34146341463414637,0.35,0.00853658536585361
1167794,0,+045:+010,Italy,20_to_50km,zero=1;rare=9;common=23,33,29,0.1935483870967742,0.1935483870967742,0.0
1170138,0,+043:+002,France,50_to_100km,zero=1;rare=8;common=10,19,24,0.0,0.0,0.0
1172091,0,+040:+009,Italy,20_to_50km,zero=0;rare=6;common=9,15,19,0.24242424242424243,0.29411764705882354,0.05169340463458111
1172948,0,+049:+018,Slovakia,20_to_50km,zero=0;rare=2;common=44,46,31,0.39473684210526316,0.4155844155844156,0.020847573479152448
1184070,0,+043:+002,France,100_to_200km,zero=1;rare=2;common=10,13,24,0.0,0.0,0.0
1186532,0,+053:+006,Netherlands,20_to_50km,zero=0;rare=0;common=15,15,23,0.3157894736842105,0.3157894736842105,0.0
1187346,0,+053:+006,Netherlands,20_to_50km,zero=0;rare=0;common=14,14,23,0.10810810810810811,0.10810810810810811,0.0
1188354,0,+048:+005,France,50_to_100km,zero=0;rare=0;common=37,37,22,0.5084745762711864,0.5084745762711864,0.0
1195357,0,+048:+000,France,50_to_100km,zero=0;rare=0;common=17,17,18,0.05263157894736842,0.05714285714285714,0.004511278195488723
1199697,0,+040:+009,Italy,20_to_50km,zero=1;rare=2;common=13,16,21,0.21052631578947367,0.21621621621621623,0.005689900426742556
1199842,0,+042:+010,Italy,100_to_200km,zero=1;rare=4;common=4,9,20,0.06666666666666667,0.06896551724137931,0.0022988505747126436
1206376,0,+040:+009,Italy,20_to_50km,zero=0;rare=1;common=12,13,22,0.12121212121212122,0.17142857142857143,0.050216450216450215
1209146,0,+040:+009,Italy,20_to_50km,zero=1;rare=1;common=7,9,21,0.20689655172413793,0.2,-0.006896551724137917
1212305,0,+053:+006,Netherlands,20_to_50km,zero=0;rare=0;common=15,15,24,0.4,0.41025641025641024,0.01025641025641022
1212666,0,+043:+004,France,50_to_100km,zero=3;rare=12;common=17,32,24,0.03571428571428571,0.03571428571428571,0.0
1222063,0,+043:+004,France,20_to_50km,zero=0;rare=0;common=1,1,24,0.0,0.0,0.0
1222131,0,+043:+004,France,20_to_50km,zero=1;rare=4;common=0,5,22,0.0,0.0,0.0
1224197,0,+043:+004,France,20_to_50km,zero=0;rare=7;common=10,17,22,0.3157894736842105,0.3076923076923077,-0.0080971659919028
1235257,0,+043:+002,France,50_to_100km,zero=0;rare=0;common=16,16,21,0.3684210526315789,0.3783783783783784,0.009957325746799472
1237132,0,+040:+009,Italy,20_to_50km,zero=0;rare=7;common=12,19,21,0.43902439024390244,0.4,-0.03902439024390242
1242010,0,+053:+006,Netherlands,20_to_50km,zero=1;rare=1;common=0,2,21,0.0,0.0,0.0
1243794,0,+040:+009,Italy,20_to_50km,zero=0;rare=2;common=9,11,21,0.48484848484848486,0.5,0.015151515151515138
1246017,0,+052:+012,Germany,100_to_200km,zero=0;rare=0;common=17,17,23,0.41025641025641024,0.4,-0.01025641025641022
1246021,0,+043:+004,France,20_to_50km,zero=0;rare=2;common=5,7,24,0.06896551724137931,0.06451612903225806,-0.004449388209121247
1250292,0,+050:+003,France,50_to_100km,zero=0;rare=0;common=25,25,19,0.6222222222222222,0.6363636363636364,0.014141414141414121
1255970,0,+053:+006,Netherlands,20_to_50km,zero=0;rare=0;common=8,8,21,0.3333333333333333,0.3448275862068966,0.01149425287356326
1256511,0,+052:+012,Germany,100_to_200km,zero=0;rare=0;common=32,32,24,0.2857142857142857,0.32142857142857145,0.035714285714285754
1258729,0,+048:+004,France,50_to_100km,zero=0;rare=0;common=17,17,22,0.2564102564102564,0.2564102564102564,0.0
1264609,0,+043:+002,France,100_to_200km,zero=0;rare=2;common=0,2,24,0.0,0.0,0.0
1267312,0,+050:+003,France,50_to_100km,zero=0;rare=0;common=19,19,22,0.43902439024390244,0.43902439024390244,0.0
1267658,0,+048:+000,France,20_to_50km,zero=0;rare=0;common=18,18,20,0.45,0.47368421052631576,0.023684210526315752
1274918,0,+053:+006,Netherlands,20_to_50km,zero=0;rare=0;common=16,16,22,0.41025641025641024,0.42105263157894735,0.010796221322537103
1276135,0,+044:+007,France,20_to_50km,zero=0;rare=11;common=8,19,23,0.32558139534883723,0.3333333333333333,0.007751937984496082
1279695,0,+053:+006,Netherlands,20_to_50km,zero=0;rare=0;common=16,16,25,0.3333333333333333,0.34146341463414637,0.008130081300813052
1289419,0,+040:+009,Italy,20_to_50km,zero=0;rare=4;common=9,13,21,0.125,0.11764705882352941,-0.00735294117647059
1289810,0,+040:+009,Italy,20_to_50km,zero=2;rare=3;common=16,21,20,0.4878048780487805,0.4878048780487805,0.0
1291088,0,+044:+007,France,20_to_50km,zero=0;rare=10;common=30,40,25,0.24615384615384617,0.24615384615384617,0.0
1300247,0,+040:+009,Italy,20_to_50km,zero=0;rare=3;common=10,13,20,0.5142857142857142,0.48484848484848486,-0.029437229437229373
1300863,0,+043:+004,France,20_to_50km,zero=1;rare=2;common=15,18,26,0.13953488372093023,0.13636363636363635,-0.003171247357293877
1306766,0,+043:+004,France,20_to_50km,zero=0;rare=2;common=15,17,20,0.43243243243243246,0.43243243243243246,0.0
1307804,0,+040:+009,Italy,20_to_50km,zero=0;rare=1;common=12,13,21,0.6285714285714286,0.6470588235294118,0.01848739495798324
1313141,0,+043:+002,France,100_to_200km,zero=0;rare=9;common=28,37,26,0.1935483870967742,0.19047619047619047,-0.0030721966205837226
1317793,0,+047:+004,France,20_to_50km,zero=0;rare=0;common=16,16,23,0.6153846153846154,0.6153846153846154,0.0
1318247,0,+040:+009,Italy,20_to_50km,zero=2;rare=3;common=10,15,23,0.11428571428571428,0.21052631578947367,0.09624060150375939
1324044,0,+050:+003,France,50_to_100km,zero=0;rare=0;common=18,18,19,0.3783783783783784,0.3783783783783784,0.0
1326832,0,+053:+006,Netherlands,20_to_50km,zero=0;rare=0;common=10,10,24,0.16666666666666666,0.11764705882352941,-0.04901960784313725
1328932,0,+053:+006,Netherlands,20_to_50km,zero=0;rare=0;common=10,10,21,0.3125,0.3225806451612903,0.010080645161290314
1329458,0,+053:+006,Netherlands,20_to_50km,zero=0;rare=0;common=19,19,25,0.5333333333333333,0.5454545454545454,0.012121212121212088
1333137,0,+043:+004,France,50_to_100km,zero=1;rare=6;common=11,18,28,0.044444444444444446,0.043478260869565216,-0.00096618357487923
1336102,0,+040:+009,Italy,20_to_50km,zero=0;rare=6;common=22,28,20,0.34782608695652173,0.3333333333333333,-0.014492753623188415
1338994,0,+043:+002,France,100_to_200km,zero=0;rare=0;common=2,2,26,0.0,0.07142857142857142,0.07142857142857142
1342405,0,+043:+004,France,50_to_100km,zero=0;rare=5;common=8,13,23,0.0,0.0,0.0
1347392,0,+053:+006,Netherlands,20_to_50km,zero=0;rare=0;common=8,8,21,0.26666666666666666,0.27586206896551724,0.009195402298850575
1348228,0,+040:+009,Italy,20_to_50km,zero=1;rare=6;common=10,17,23,0.05405405405405406,0.15,0.09594594594594594
1348933,0,+053:+006,Netherlands,20_to_50km,zero=0;rare=0;common=19,19,24,0.37209302325581395,0.37209302325581395,0.0
1351981,0,+043:+002,France,50_to_100km,zero=0;rare=0;common=12,12,20,0.17647058823529413,0.125,-0.05147058823529413
1353052,0,+052:+012,Germany,100_to_200km,zero=0;rare=0;common=26,26,23,0.28,0.2857142857142857,0.005714285714285672
1358433,0,+050:+003,France,50_to_100km,zero=0;rare=1;common=20,21,22,0.5365853658536586,0.5116279069767442,-0.024957458876914362
1362120,0,+047:+004,France,20_to_50km,zero=0;rare=0;common=27,27,22,0.34615384615384615,0.2857142857142857,-0.06043956043956045
1362468,0,+053:+006,Netherlands,20_to_50km,zero=0;rare=0;common=11,11,21,0.48484848484848486,0.5,0.015151515151515138
1363201,0,+043:+002,France,50_to_100km,zero=0;rare=0;common=4,4,22,0.15384615384615385,0.15384615384615385,0.0
1367388,0,+043:+002,France,50_to_100km,zero=0;rare=0;common=21,21,21,0.4186046511627907,0.42857142857142855,0.009966777408637828
1368128,0,+043:+002,France,50_to_100km,zero=0;rare=0;common=4,4,25,0.06666666666666667,0.06896551724137931,0.0022988505747126436
1368367,0,+043:+002,France,100_to_200km,zero=0;rare=3;common=4,7,26,0.0,0.06060606060606061,0.06060606060606061
1373411,0,+053:+006,Netherlands,20_to_50km,zero=0;rare=0;common=12,12,22,0.17647058823529413,0.17647058823529413,0.0
1373839,0,+045:+010,Italy,20_to_50km,zero=0;rare=1;common=31,32,28,0.26666666666666666,0.26666666666666666,0.0
1374519,0,+043:+002,France,50_to_100km,zero=0;rare=0;common=11,11,19,0.42424242424242425,0.4666666666666667,0.04242424242424242
1380814,0,+043:+002,France,20_to_50km,zero=0;rare=0;common=16,16,25,0.65,0.6341463414634146,-0.01585365853658538
1382318,0,+053:+006,Netherlands,20_to_50km,zero=0;rare=0;common=8,8,21,0.4,0.41379310344827586,0.013793103448275834
1393613,0,+044:+007,France,20_to_50km,zero=1;rare=10;common=19,30,24,0.14545454545454545,0.14814814814814814,0.0026936026936026924
1394379,0,+043:+002,France,50_to_100km,zero=1;rare=1;common=11,13,19,0.12121212121212122,0.125,0.0037878787878787845
1396019,0,+043:+002,France,50_to_100km,zero=1;rare=0;common=18,19,27,0.45454545454545453,0.43478260869565216,-0.01976284584980237
1398757,0,+053:+006,Netherlands,20_to_50km,zero=0;rare=0;common=24,24,24,0.48,0.5,0.020000000000000018
1400752,0,+043:+002,France,100_to_200km,zero=0;rare=4;common=17,21,22,0.27906976744186046,0.27906976744186046,0.0
1410053,0,+052:+012,Germany,100_to_200km,zero=0;rare=2;common=27,29,26,0.19607843137254902,0.2545454545454545,0.0584670231729055
1427842,0,+042:+010,Italy,100_to_200km,zero=2;rare=9;common=12,23,25,0.1276595744680851,0.16666666666666666,0.03900709219858156
1431023,0,+043:+004,France,50_to_100km,zero=2;rare=0;common=2,4,25,0.0,0.0,0.0
1433954,0,+052:+012,Germany,100_to_200km,zero=0;rare=1;common=36,37,24,0.3050847457627119,0.29508196721311475,-0.010002778549597136
1435668,0,+043:+002,France,100_to_200km,zero=0;rare=2;common=26,28,25,0.2641509433962264,0.2641509433962264,0.0
1435812,0,+043:+004,France,50_to_100km,zero=3;rare=5;common=5,13,20,0.0,0.0,0.0
1435826,0,+053:+006,Netherlands,20_to_50km,zero=0;rare=0;common=15,15,22,0.2702702702702703,0.2702702702702703,0.0
1436811,0,+043:+002,France,50_to_100km,zero=1;rare=1;common=16,18,21,0.3076923076923077,0.358974358974359,0.051282051282051266
1437037,0,+043:+002,France,100_to_200km,zero=1;rare=7;common=13,21,28,0.0851063829787234,0.16326530612244897,0.07815892314372556
1439505,0,+048:+000,France,20_to_50km,zero=0;rare=0;common=9,9,21,0.3870967741935484,0.4,0.012903225806451646
1439743,0,+043:+002,France,50_to_100km,zero=0;rare=0;common=8,8,18,0.21428571428571427,0.23076923076923078,0.016483516483516508
1443361,0,+043:+012,Italy,100_to_200km,zero=1;rare=7;common=35,43,23,0.15151515151515152,0.18181818181818182,0.030303030303030304
1443905,0,+050:+003,France,50_to_100km,zero=0;rare=0;common=20,20,18,0.43902439024390244,0.47368421052631576,0.03465982028241332
1444140,0,+053:+006,Netherlands,20_to_50km,zero=0;rare=0;common=11,11,24,0.4,0.4,0.0
1445964,0,+048:+005,France,50_to_100km,zero=0;rare=1;common=39,40,26,0.45454545454545453,0.45454545454545453,0.0
1448622,0,+043:+004,France,50_to_100km,zero=1;rare=4;common=0,5,27,0.0,0.0,0.0
1450487,0,+043:+002,France,100_to_200km,zero=0;rare=2;common=0,2,26,0.0,0.0,0.0
1455470,0,+043:+002,France,50_to_100km,zero=0;rare=0;common=10,10,21,0.4375,0.45161290322580644,0.014112903225806439
1455750,0,+053:+006,Netherlands,20_to_50km,zero=0;rare=0;common=15,15,22,0.47368421052631576,0.4864864864864865,0.01280227596017075
1460616,0,+043:+002,France,50_to_100km,zero=0;rare=0;common=29,29,24,0.4074074074074074,0.41509433962264153,0.0076869322152341435
1462315,0,+053:+006,Netherlands,20_to_50km,zero=0;rare=0;common=9,9,23,0.4117647058823529,0.4375,0.02573529411764708
1477829,0,+040:+009,Italy,20_to_50km,zero=0;rare=9;common=25,34,22,0.37037037037037035,0.39285714285714285,0.0224867724867725
1480601,0,+047:+004,France,20_to_50km,zero=0;rare=0;common=11,11,23,0.29411764705882354,0.29411764705882354,0.0
1488499,0,+040:+009,Italy,20_to_50km,zero=2;rare=3;common=9,14,23,0.11764705882352941,0.10810810810810811,-0.009538950715421296
1496388,0,+043:+002,France,50_to_100km,zero=0;rare=0;common=9,9,18,0.41379310344827586,0.4444444444444444,0.030651340996168563
1499790,0,+048:+000,France,20_to_50km,zero=0;rare=0;common=12,12,19,0.5454545454545454,0.5806451612903226,0.035190615835777206
1512384,0,+040:+009,Italy,20_to_50km,zero=1;rare=2;common=9,12,21,0.18181818181818182,0.18181818181818182,0.0
1512568,0,+043:+004,France,50_to_100km,zero=1;rare=1;common=5,7,19,0.07407407407407407,0.07692307692307693,0.0028490028490028574
1513050,0,+045:+010,Italy,100_to_200km,zero=0;rare=7;common=24,31,21,0.11320754716981132,0.11538461538461539,0.0021770682148040676
1515358,0,+040:+009,Italy,20_to_50km,zero=1;rare=3;common=9,13,21,0.4117647058823529,0.4117647058823529,0.0
1522320,0,+049:+014,Czech Republic,20_to_50km,zero=0;rare=1;common=14,15,22,0.32432432432432434,0.32432432432432434,0.0
1530212,0,+040:+009,Italy,20_to_50km,zero=0;rare=0;common=7,7,20,0.0,0.07407407407407407,0.07407407407407407
1535323,0,+053:+006,Netherlands,20_to_50km,zero=0;rare=0;common=11,11,22,0.35294117647058826,0.36363636363636365,0.010695187165775388
1537489,0,+040:+009,Italy,20_to_50km,zero=1;rare=2;common=2,5,16,0.0,0.0,0.0
1541219,0,+043:+002,France,50_to_100km,zero=0;rare=0;common=16,16,23,0.45,0.46153846153846156,0.011538461538461553
1543113,0,+043:+002,France,20_to_50km,zero=0;rare=0;common=26,26,23,0.5,0.5306122448979592,0.030612244897959218
1543727,0,+049:+018,Slovakia,20_to_50km,zero=0;rare=5;common=32,37,30,0.03076923076923077,0.029850746268656716,-0.0009184845005740551
1544692,0,+043:+004,France,50_to_100km,zero=0;rare=0;common=2,2,23,0.07692307692307693,0.08,0.0030769230769230743
1549810,0,+043:+004,France,20_to_50km,zero=1;rare=3;common=2,6,24,0.0,0.06666666666666667,0.06666666666666667
1552597,0,+048:+000,France,20_to_50km,zero=0;rare=0;common=8,8,21,0.4,0.41379310344827586,0.013793103448275834
1560452,0,+053:+006,Netherlands,20_to_50km,zero=0;rare=0;common=8,8,21,0.4,0.41379310344827586,0.013793103448275834
1562078,0,+043:+002,France,50_to_100km,zero=0;rare=0;common=11,11,19,0.25,0.26666666666666666,0.016666666666666663
1576825,0,+053:+006,Netherlands,20_to_50km,zero=0;rare=0;common=8,8,23,0.25806451612903225,0.1935483870967742,-0.06451612903225806
1582593,0,+044:+007,France,20_to_50km,zero=0;rare=9;common=4,13,25,0.05128205128205128,0.05263157894736842,0.0013495276653171379
1583824,0,+043:+002,France,100_to_200km,zero=2;rare=8;common=22,32,28,0.10344827586206896,0.1,-0.0034482758620689585
1583891,0,+044:+007,France,20_to_50km,zero=0;rare=7;common=32,39,29,0.2608695652173913,0.23529411764705882,-0.025575447570332477
1589018,0,+049:+014,Czech Republic,20_to_50km,zero=0;rare=1;common=24,25,20,0.4444444444444444,0.4444444444444444,0.0
1595362,0,+053:+006,Netherlands,20_to_50km,zero=0;rare=0;common=4,4,21,0.15384615384615385,0.16,0.006153846153846149
1597878,0,+045:+010,Italy,20_to_50km,zero=0;rare=11;common=37,48,28,0.2894736842105263,0.2894736842105263,0.0
1602086,0,+043:+002,France,100_to_200km,zero=0;rare=1;common=0,1,27,0.0,0.0,0.0
1603412,0,+047:+004,France,20_to_50km,zero=0;rare=0;common=18,18,27,0.5454545454545454,0.5333333333333333,-0.012121212121212088
1604944,0,+050:+003,France,50_to_100km,zero=0;rare=0;common=13,13,19,0.36363636363636365,0.375,0.011363636363636354
1608764,0,+040:+009,Italy,20_to_50km,zero=4;rare=4;common=13,21,21,0.04878048780487805,0.047619047619047616,-0.001161440185830434
1609771,0,+043:+002,France,50_to_100km,zero=0;rare=4;common=22,26,28,0.1568627450980392,0.18518518518518517,0.02832244008714596
1614331,0,+053:+006,Netherlands,20_to_50km,zero=0;rare=0;common=8,8,25,0.29411764705882354,0.30303030303030304,0.0089126559714795
1619087,0,+043:+002,France,100_to_200km,zero=0;rare=2;common=20,22,24,0.2553191489361702,0.2608695652173913,0.005550416281221104
1620459,0,+053:+006,Netherlands,20_to_50km,zero=0;rare=2;common=1,3,20,0.0,0.0,0.0
1632839,0,+053:+006,Netherlands,20_to_50km,zero=0;rare=0;common=16,16,22,0.5789473684210527,0.5789473684210527,0.0
1634382,0,+040:+009,Italy,20_to_50km,zero=1;rare=2;common=10,13,21,0.45714285714285713,0.47058823529411764,0.013445378151260512
1636432,0,+047:+004,France,20_to_50km,zero=0;rare=0;common=28,28,26,0.5,0.48148148148148145,-0.018518518518518545
1646487,0,+047:+004,France,20_to_50km,zero=0;rare=1;common=32,33,26,0.4482758620689655,0.4406779661016949,-0.007597895967270618
1646994,0,+053:+006,Netherlands,20_to_50km,zero=0;rare=0;common=11,11,24,0.4444444444444444,0.45714285714285713,0.012698412698412709
1652652,0,+042:+010,Italy,100_to_200km,zero=0;rare=1;common=7,8,20,0.27586206896551724,0.2857142857142857,0.009852216748768461
1653118,0,+048:+005,France,20_to_50km,zero=0;rare=0;common=10,10,23,0.47058823529411764,0.48484848484848486,0.014260249554367221
1653886,0,+043:+004,France,50_to_100km,zero=0;rare=2;common=0,2,23,0.0,0.0,0.0
1655855,0,+053:+006,Netherlands,20_to_50km,zero=0;rare=0;common=9,9,22,0.0,0.0,0.0
1656304,0,+043:+002,France,50_to_100km,zero=0;rare=4;common=3,7,27,0.12121212121212122,0.11764705882352941,-0.0035650623885918054
1661572,0,+043:+012,Italy,100_to_200km,zero=0;rare=2;common=22,24,23,0.4166666666666667,0.425531914893617,0.00886524822695034
1662534,0,+043:+002,France,100_to_200km,zero=0;rare=4;common=12,16,25,0.38095238095238093,0.3902439024390244,0.009291521486643473
1670001,0,+043:+004,France,20_to_50km,zero=1;rare=2;common=7,10,25,0.23529411764705882,0.22857142857142856,-0.006722689075630256
1670715,0,+043:+002,France,50_to_100km,zero=0;rare=7;common=6,13,25,0.0,0.0,0.0
1674633,0,+043:+002,France,50_to_100km,zero=0;rare=0;common=6,6,20,0.2857142857142857,0.3076923076923077,0.02197802197802201
1674873,0,+043:+002,France,50_to_100km,zero=0;rare=0;common=13,13,21,0.6285714285714286,0.5882352941176471,-0.04033613445378148
1674965,0,+043:+002,France,50_to_100km,zero=0;rare=0;common=7,7,19,0.2857142857142857,0.3076923076923077,0.02197802197802201
1676866,0,+044:+007,France,20_to_50km,zero=1;rare=12;common=3,16,25,0.0975609756097561,0.0975609756097561,0.0
1678514,0,+043:+002,France,20_to_50km,zero=0;rare=0;common=11,11,22,0.6060606060606061,0.6060606060606061,0.0
1680517,0,+053:+006,Netherlands,20_to_50km,zero=0;rare=0;common=7,7,21,0.27586206896551724,0.2857142857142857,0.009852216748768461
1680641,0,+040:+009,Italy,20_to_50km,zero=1;rare=5;common=15,21,20,0.4186046511627907,0.3902439024390244,-0.028360748723766316
1682048,0,+043:+002,France,100_to_200km,zero=0;rare=5;common=21,26,26,0.11538461538461539,0.11538461538461539,0.0
1683210,0,+043:+002,France,50_to_100km,zero=0;rare=3;common=16,19,24,0.1951219512195122,0.27906976744186046,0.08394781622234826
1683279,0,+040:+009,Italy,20_to_50km,zero=1;rare=1;common=9,11,22,0.12121212121212122,0.12121212121212122,0.0
1688154,0,+047:+004,France,20_to_50km,zero=0;rare=0;common=32,32,22,0.2545454545454545,0.25925925925925924,0.004713804713804726
1690244,0,+043:+004,France,20_to_50km,zero=0;rare=2;common=11,13,24,0.0,0.0,0.0
1692321,0,+047:+004,France,20_to_50km,zero=0;rare=1;common=23,24,21,0.391304347826087,0.4,0.008695652173913049
1693147,0,+048:+005,France,20_to_50km,zero=0;rare=0;common=25,25,26,0.44,0.43137254901960786,-0.008627450980392137
1693613,0,+048:+004,France,20_to_50km,zero=0;rare=0;common=26,26,23,0.48,0.4897959183673469,0.009795918367346945
1697472,0,+053:+006,Netherlands,20_to_50km,zero=0;rare=0;common=20,20,21,0.38095238095238093,0.3902439024390244,0.009291521486643473
1700418,0,+053:+006,Netherlands,20_to_50km,zero=0;rare=0;common=12,12,23,0.2777777777777778,0.2857142857142857,0.007936507936507908
1702239,0,+048:+005,France,20_to_50km,zero=0;rare=1;common=32,33,24,0.49122807017543857,0.49122807017543857,0.0
1703213,0,+040:+009,Italy,20_to_50km,zero=0;rare=1;common=11,12,24,0.17647058823529413,0.16666666666666666,-0.009803921568627472
1704149,0,+048:+000,France,20_to_50km,zero=0;rare=0;common=16,16,19,0.5405405405405406,0.5142857142857142,-0.026254826254826336
1705887,0,+053:+006,Netherlands,20_to_50km,zero=0;rare=0;common=16,16,23,0.35,0.358974358974359,0.008974358974358998
1708077,0,+045:+007,Italy,50_to_100km,zero=1;rare=0;common=21,22,27,0.25,0.24489795918367346,-0.005102040816326536
1712455,0,+040:+009,Italy,20_to_50km,zero=1;rare=2;common=12,15,22,0.21621621621621623,0.2702702702702703,0.05405405405405406
1719562,0,+048:+005,France,20_to_50km,zero=0;rare=1;common=38,39,27,0.5230769230769231,0.5151515151515151,-0.007925407925407968
1726340,0,+043:+002,France,50_to_100km,zero=0;rare=4;common=28,32,27,0.3448275862068966,0.3728813559322034,0.02805376972530682
1729342,0,+043:+002,France,20_to_50km,zero=0;rare=1;common=7,8,27,0.2857142857142857,0.2857142857142857,0.0
1729758,0,+043:+004,France,50_to_100km,zero=1;rare=3;common=2,6,24,0.0,0.0,0.0
1731770,0,+048:+005,France,50_to_100km,zero=0;rare=0;common=24,24,23,0.46808510638297873,0.46808510638297873,0.0
1736314,0,+040:+009,Italy,20_to_50km,zero=0;rare=1;common=11,12,21,0.5882352941176471,0.6060606060606061,0.017825311942959
1747229,0,+043:+002,France,100_to_200km,zero=0;rare=7;common=18,25,24,0.08,0.08163265306122448,0.0016326530612244816
1748253,0,+043:+002,France,100_to_200km,zero=0;rare=7;common=18,25,24,0.16326530612244897,0.16326530612244897,0.0
1754835,0,+043:+002,France,20_to_50km,zero=0;rare=0;common=15,15,27,0.1951219512195122,0.19047619047619047,-0.004645760743321736
1757341,0,+043:+002,France,50_to_100km,zero=0;rare=0;common=6,6,20,0.35714285714285715,0.38461538461538464,0.027472527472527486
1759567,0,+053:+006,Netherlands,20_to_50km,zero=0;rare=0;common=15,15,21,0.32432432432432434,0.3333333333333333,0.009009009009008973
1766599,0,+043:+002,France,50_to_100km,zero=1;rare=0;common=17,18,22,0.43902439024390244,0.45,0.01097560975609757
1769044,0,+050:+003,France,50_to_100km,zero=0;rare=0;common=10,10,18,0.3333333333333333,0.35714285714285715,0.023809523809523836
1769673,0,+043:+012,Italy,50_to_100km,zero=0;rare=1;common=8,9,23,0.12121212121212122,0.125,0.0037878787878787845
1769877,0,+040:+009,Italy,20_to_50km,zero=0;rare=4;common=13,17,22,0.10810810810810811,0.20512820512820512,0.09702009702009701
1773783,0,+044:+007,France,20_to_50km,zero=1;rare=5;common=13,19,23,0.23255813953488372,0.23809523809523808,0.005537098560354364
1774072,0,+044:+007,France,20_to_50km,zero=3;rare=7;common=12,22,24,0.13043478260869565,0.13043478260869565,0.0
1774472,0,+050:+003,France,50_to_100km,zero=0;rare=0;common=14,14,18,0.30303030303030304,0.3125,0.009469696969696961
1776550,0,+043:+004,France,50_to_100km,zero=2;rare=11;common=11,24,22,0.08695652173913043,0.08695652173913043,0.0
1777263,0,+048:+005,France,20_to_50km,zero=0;rare=0;common=34,34,27,0.5333333333333333,0.5245901639344263,-0.008743169398907069
1789007,0,+040:+009,Italy,20_to_50km,zero=0;rare=4;common=9,13,24,0.10810810810810811,0.10810810810810811,0.0
1789033,0,+053:+006,Netherlands,20_to_50km,zero=1;rare=0;common=3,4,24,0.2,0.21428571428571427,0.014285714285714263
1798273,0,+053:+006,Netherlands,20_to_50km,zero=0;rare=0;common=11,11,23,0.22857142857142856,0.23529411764705882,0.006722689075630256
1804385,0,+040:+009,Italy,20_to_50km,zero=1;rare=9;common=16,26,21,0.13043478260869565,0.1276595744680851,-0.002775208140610552
1810472,0,+043:+002,France,50_to_100km,zero=0;rare=0;common=4,4,22,0.16,0.15384615384615385,-0.006153846153846149
1811060,0,+047:+004,France,20_to_50km,zero=0;rare=0;common=21,21,25,0.425531914893617,0.43478260869565216,0.009250693802035137
1812110,0,+043:+002,France,50_to_100km,zero=0;rare=0;common=14,14,20,0.47058823529411764,0.47058823529411764,0.0
1812999,0,+043:+012,Italy,20_to_50km,zero=1;rare=2;common=17,20,28,0.16666666666666666,0.16666666666666666,0.0
1813329,0,+043:+002,France,100_to_200km,zero=0;rare=3;common=16,19,29,0.1276595744680851,0.16666666666666666,0.03900709219858156
1815230,0,+047:+004,France,20_to_50km,zero=0;rare=0;common=36,36,27,0.2857142857142857,0.2857142857142857,0.0
1825521,0,+050:+003,France,50_to_100km,zero=0;rare=0;common=11,11,20,0.5161290322580645,0.5161290322580645,0.0
1830805,0,+048:-004,France,50_to_100km,zero=0;rare=0;common=27,27,20,0.3404255319148936,0.3404255319148936,0.0
1832990,0,+047:+004,France,20_to_50km,zero=0;rare=0;common=12,12,25,0.42105263157894735,0.43243243243243246,0.011379800853485111
1840141,0,+053:+006,Netherlands,20_to_50km,zero=0;rare=0;common=12,12,21,0.5294117647058824,0.5454545454545454,0.016042780748663055
1840458,0,+048:+004,France,20_to_50km,zero=0;rare=0;common=13,13,22,0.5142857142857142,0.5142857142857142,0.0
1841225,0,+047:+004,France,20_to_50km,zero=0;rare=0;common=25,25,27,0.5098039215686274,0.5384615384615384,0.02865761689291102
1842718,0,+047:+004,France,20_to_50km,zero=0;rare=0;common=30,30,26,0.39285714285714285,0.39285714285714285,0.0
1848148,0,+040:+009,Italy,20_to_50km,zero=0;rare=2;common=11,13,21,0.24242424242424243,0.23529411764705882,-0.007130124777183611
1848938,0,+047:+004,France,20_to_50km,zero=0;rare=0;common=24,24,25,0.48,0.4897959183673469,0.009795918367346945
1854106,0,+053:+006,Netherlands,20_to_50km,zero=0;rare=2;common=0,2,22,0.0,0.0,0.0
1858702,0,+048:+000,France,50_to_100km,zero=0;rare=0;common=12,12,21,0.42424242424242425,0.42424242424242425,0.0
1859138,0,+043:+002,France,20_to_50km,zero=0;rare=0;common=13,13,26,0.42105263157894735,0.41025641025641024,-0.010796221322537103
1862864,0,+040:+009,Italy,20_to_50km,zero=1;rare=1;common=15,17,21,0.10810810810810811,0.10526315789473684,-0.002844950213371278
1864961,0,+040:+009,Italy,20_to_50km,zero=0;rare=4;common=12,16,21,0.47368421052631576,0.4864864864864865,0.01280227596017075
1867450,0,+043:+002,France,100_to_200km,zero=0;rare=5;common=22,27,27,0.19230769230769232,0.2222222222222222,0.02991452991452989
1873986,0,+040:+009,Italy,20_to_50km,zero=1;rare=2;common=11,14,21,0.16666666666666666,0.17142857142857143,0.004761904761904773
1876188,0,+053:+006,Netherlands,20_to_50km,zero=0;rare=0;common=8,8,22,0.06060606060606061,0.06666666666666667,0.006060606060606058
1877643,0,+052:+012,Germany,100_to_200km,zero=1;rare=1;common=42,44,23,0.42424242424242425,0.417910447761194,-0.006331976481230239
1878682,0,+043:+004,France,20_to_50km,zero=1;rare=3;common=7,11,24,0.0,0.0,0.0
1881923,0,+043:+002,France,20_to_50km,zero=0;rare=1;common=18,19,27,0.5777777777777777,0.5652173913043478,-0.01256038647342994
1882183,0,+044:+007,France,20_to_50km,zero=0;rare=6;common=35,41,23,0.2153846153846154,0.21875,0.0033653846153846034
1887178,0,+049:+018,Slovakia,20_to_50km,zero=0;rare=2;common=30,32,31,0.25806451612903225,0.2857142857142857,0.027649769585253448
1891973,0,+049:+006,France,20_to_50km,zero=0;rare=0;common=15,15,26,0.5853658536585366,0.5853658536585366,0.0
1892489,0,+052:+012,Germany,100_to_200km,zero=0;rare=0;common=30,30,23,0.3333333333333333,0.33962264150943394,0.0062893081761006275
1896238,0,+045:+010,Italy,20_to_50km,zero=0;rare=5;common=18,23,28,0.1568627450980392,0.1568627450980392,0.0
1897608,0,+047:+004,France,20_to_50km,zero=0;rare=0;common=32,32,28,0.4067796610169492,0.43333333333333335,0.02655367231638417
1902129,0,+040:+009,Italy,20_to_50km,zero=0;rare=4;common=17,21,20,0.46153846153846156,0.4878048780487805,0.026266416510318913
1902516,0,+040:+009,Italy,20_to_50km,zero=6;rare=3;common=16,25,22,0.044444444444444446,0.0851063829787234,0.040661938534278956
1902881,0,+043:+002,France,50_to_100km,zero=0;rare=0;common=22,22,20,0.45454545454545453,0.47619047619047616,0.021645021645021634
1912192,0,+048:+004,France,20_to_50km,zero=0;rare=0;common=14,14,23,0.47368421052631576,0.4864864864864865,0.01280227596017075
1914223,0,+040:+009,Italy,20_to_50km,zero=4;rare=5;common=12,21,22,0.04878048780487805,0.09302325581395349,0.04424276800907544
1915995,0,+043:+004,France,50_to_100km,zero=4;rare=13;common=10,27,25,0.0,0.0,0.0
1916702,0,+048:+000,France,50_to_100km,zero=0;rare=0;common=10,10,24,0.34285714285714286,0.35294117647058826,0.010084033613445398
1918912,0,+048:+005,France,20_to_50km,zero=0;rare=2;common=41,43,25,0.3283582089552239,0.35294117647058826,0.024582967515364373
1919020,0,+040:+009,Italy,20_to_50km,zero=1;rare=1;common=8,10,24,0.125,0.17647058823529413,0.05147058823529413
1919546,0,+047:+004,France,20_to_50km,zero=0;rare=0;common=15,15,21,0.43243243243243246,0.4444444444444444,0.012012012012011963
1926677,0,+048:+000,France,50_to_100km,zero=0;rare=0;common=8,8,24,0.3125,0.3125,0.0
1946978,0,+043:+002,France,100_to_200km,zero=0;rare=7;common=18,25,26,0.0784313725490196,0.0784313725490196,0.0
1950422,0,+045:+010,Italy,50_to_100km,zero=0;rare=4;common=22,26,25,0.1509433962264151,0.1568627450980392,0.005919348871624125
1952803,0,+043:+004,France,50_to_100km,zero=5;rare=2;common=0,7,25,0.0,0.0,0.0
1953278,0,+053:+006,Netherlands,20_to_50km,zero=0;rare=3;common=0,3,21,0.0,0.0,0.0
1955745,0,+043:+002,France,50_to_100km,zero=0;rare=0;common=10,10,21,0.1875,0.1935483870967742,0.006048387096774188
1960327,0,+047:+004,France,20_to_50km,zero=0;rare=0;common=21,21,26,0.425531914893617,0.425531914893617,0.0
1964370,0,+053:+006,Netherlands,20_to_50km,zero=0;rare=0;common=9,9,20,0.25806451612903225,0.27586206896551724,0.017797552836484987
1968673,0,+053:+006,Netherlands,20_to_50km,zero=0;rare=0;common=10,10,21,0.30303030303030304,0.3225806451612903,0.019550342130987275
1973874,0,+040:+009,Italy,20_to_50km,zero=0;rare=2;common=3,5,19,0.0,0.0,0.0
1973906,0,+048:+005,France,50_to_100km,zero=0;rare=0;common=26,26,25,0.5882352941176471,0.5882352941176471,0.0
1976323,0,+053:+006,Netherlands,20_to_50km,zero=0;rare=0;common=22,22,22,0.5333333333333333,0.5454545454545454,0.012121212121212088
1980293,0,+043:+002,France,50_to_100km,zero=1;rare=1;common=27,29,27,0.5818181818181818,0.6071428571428571,0.025324675324675305
1980625,0,+053:+006,Netherlands,20_to_50km,zero=0;rare=0;common=13,13,21,0.2857142857142857,0.23529411764705882,-0.05042016806722688
1991880,0,+043:+002,France,50_to_100km,zero=0;rare=0;common=14,14,21,0.3157894736842105,0.22857142857142856,-0.08721804511278194
1999205,0,+043:+004,France,20_to_50km,zero=0;rare=3;common=1,4,23,0.08333333333333333,0.07407407407407407,-0.009259259259259259
2001241,0,+047:+004,France,20_to_50km,zero=0;rare=1;common=37,38,27,0.4375,0.4307692307692308,-0.006730769230769207
2001772,0,+052:+012,Germany,100_to_200km,zero=0;rare=1;common=27,28,24,0.24,0.2692307692307692,0.029230769230769227
2002906,0,+040:+009,Italy,20_to_50km,zero=1;rare=3;common=17,21,21,0.37209302325581395,0.38095238095238093,0.008859357696566983
2005103,0,+040:+009,Italy,20_to_50km,zero=1;rare=5;common=16,22,23,0.23255813953488372,0.26666666666666666,0.034108527131782945
2005197,0,+050:+003,France,50_to_100km,zero=0;rare=0;common=16,16,22,0.2631578947368421,0.2631578947368421,0.0
2011638,0,+040:+009,Italy,20_to_50km,zero=1;rare=2;common=15,18,20,0.55,0.5789473684210527,0.02894736842105261
2013165,0,+052:+012,Germany,100_to_200km,zero=0;rare=2;common=29,31,24,0.5454545454545454,0.5454545454545454,0.0
2016944,0,+040:+009,Italy,20_to_50km,zero=0;rare=3;common=12,15,21,0.22857142857142856,0.2777777777777778,0.049206349206349226
2019112,0,+053:+006,Netherlands,20_to_50km,zero=0;rare=0;common=2,2,21,0.08333333333333333,0.08695652173913043,0.0036231884057971037
2020269,0,+053:+006,Netherlands,20_to_50km,zero=0;rare=0;common=14,14,23,0.43243243243243246,0.43243243243243246,0.0
2022093,0,+052:+012,Germany,100_to_200km,zero=0;rare=0;common=32,32,23,0.25925925925925924,0.32727272727272727,0.06801346801346803
2033969,0,+043:+002,France,50_to_100km,zero=0;rare=0;common=15,15,19,0.5142857142857142,0.47058823529411764,-0.043697478991596594
2035092,0,+040:+009,Italy,20_to_50km,zero=2;rare=8;common=11,21,21,0.42857142857142855,0.42857142857142855,0.0
2037110,0,+043:+004,France,50_to_100km,zero=0;rare=0;common=4,4,21,0.07692307692307693,0.08,0.0030769230769230743
2043916,0,+048:+004,France,50_to_100km,zero=0;rare=0;common=19,19,19,0.5128205128205128,0.5263157894736842,0.013495276653171406
2047730,0,+053:+006,Netherlands,20_to_50km,zero=0;rare=0;common=8,8,20,0.3333333333333333,0.35714285714285715,0.023809523809523836
2054286,0,+053:+006,Netherlands,20_to_50km,zero=0;rare=0;common=23,23,24,0.5416666666666666,0.5106382978723404,-0.031028368794326244
2056393,0,+040:+009,Italy,20_to_50km,zero=0;rare=4;common=10,14,21,0.32432432432432434,0.34285714285714286,0.018532818532818518
2056663,0,+052:+012,Germany,100_to_200km,zero=2;rare=2;common=45,49,23,0.28169014084507044,0.2777777777777778,-0.003912363067292646
2056845,0,+043:+002,France,50_to_100km,zero=4;rare=3;common=15,22,28,0.04,0.08,0.04
2059234,0,+043:+002,France,100_to_200km,zero=0;rare=2;common=0,2,24,0.0,0.0,0.0
2068491,0,+043:+002,France,50_to_100km,zero=0;rare=0;common=17,17,22,0.5128205128205128,0.5128205128205128,0.0
2073834,0,+053:+006,Netherlands,20_to_50km,zero=0;rare=2;common=0,2,21,0.0,0.0,0.0
2079897,0,+053:+006,Netherlands,20_to_50km,zero=0;rare=0;common=18,18,25,0.2727272727272727,0.27906976744186046,0.006342494714587754
2080882,0,+053:+006,Netherlands,20_to_50km,zero=0;rare=1;common=5,6,21,0.0,0.0,0.0
2083831,0,+043:+002,France,50_to_100km,zero=0;rare=4;common=12,16,23,0.15384615384615385,0.15384615384615385,0.0
2097245,0,+043:+002,France,50_to_100km,zero=0;rare=0;common=19,19,25,0.4090909090909091,0.4090909090909091,0.0
2099444,0,+053:+006,Netherlands,20_to_50km,zero=0;rare=0;common=12,12,25,0.47368421052631576,0.4864864864864865,0.01280227596017075
2101879,0,+053:+006,Netherlands,20_to_50km,zero=1;rare=0;common=20,21,25,0.2553191489361702,0.2608695652173913,0.005550416281221104
2104402,0,+049:+006,France,20_to_50km,zero=0;rare=1;common=30,31,22,0.4444444444444444,0.4528301886792453,0.008385744234800874
2106002,0,+040:+009,Italy,20_to_50km,zero=2;rare=5;common=9,16,22,0.05555555555555555,0.05263157894736842,-0.0029239766081871343
2109051,0,+044:+007,France,20_to_50km,zero=0;rare=3;common=25,28,25,0.25925925925925924,0.2641509433962264,0.004891684136967167
2109668,0,+043:+004,France,20_to_50km,zero=2;rare=4;common=0,6,22,0.0,0.0,0.0
2112459,0,+053:+006,Netherlands,20_to_50km,zero=0;rare=0;common=9,9,21,0.3225806451612903,0.26666666666666666,-0.05591397849462365
2118559,0,+043:+004,France,20_to_50km,zero=0;rare=13;common=25,38,25,0.25,0.25396825396825395,0.003968253968253954
2119410,0,+053:+006,Netherlands,20_to_50km,zero=0;rare=0;common=11,11,22,0.23529411764705882,0.18181818181818182,-0.053475935828877
2121546,0,+040:+009,Italy,20_to_50km,zero=0;rare=2;common=10,12,24,0.24242424242424243,0.2777777777777778,0.03535353535353536
2123077,0,+043:+002,France,20_to_50km,zero=0;rare=4;common=31,35,27,0.22580645161290322,0.22580645161290322,0.0
2123818,0,+043:+002,France,50_to_100km,zero=0;rare=3;common=3,6,29,0.058823529411764705,0.05714285714285714,-0.001680672268907564
2129801,0,+053:+006,Netherlands,20_to_50km,zero=0;rare=0;common=3,3,23,0.2222222222222222,0.23076923076923078,0.008547008547008572
2130970,0,+043:+002,France,20_to_50km,zero=0;rare=0;common=12,12,26,0.5128205128205128,0.5263157894736842,0.013495276653171406
2131023,0,+053:+006,Netherlands,20_to_50km,zero=0;rare=0;common=17,17,22,0.55,0.5128205128205128,-0.03717948717948727
2139284,0,+047:+004,France,20_to_50km,zero=0;rare=0;common=19,19,22,0.5,0.5365853658536586,0.03658536585365857
2147780,0,+053:+006,Netherlands,20_to_50km,zero=0;rare=0;common=8,8,24,0.30303030303030304,0.3125,0.009469696969696961
2150037,0,+043:+002,France,100_to_200km,zero=0;rare=2;common=17,19,24,0.35,0.32558139534883723,-0.024418604651162745
2151040,0,+043:+002,France,50_to_100km,zero=0;rare=2;common=12,14,22,0.1111111111111111,0.1111111111111111,0.0
2153445,0,+047:+004,France,20_to_50km,zero=0;rare=0;common=37,37,28,0.5714285714285714,0.5846153846153846,0.013186813186813251
2159251,0,+040:+009,Italy,20_to_50km,zero=0;rare=6;common=24,30,20,0.3673469387755102,0.36,-0.007346938775510237
2164143,0,+048:+005,France,50_to_100km,zero=0;rare=0;common=20,20,25,0.4,0.4,0.0
2168821,0,+053:+006,Netherlands,20_to_50km,zero=0;rare=3;common=0,3,24,0.0,0.0,0.0
2171151,0,+043:+002,France,50_to_100km,zero=1;rare=2;common=28,31,25,0.509090909090909,0.5357142857142857,0.02662337662337666
2179082,0,+047:+004,France,20_to_50km,zero=0;rare=0;common=13,13,26,0.47368421052631576,0.46153846153846156,-0.012145748987854199
2180394,0,+053:+006,Netherlands,20_to_50km,zero=0;rare=0;common=6,6,24,0.25,0.26666666666666666,0.016666666666666663
2182105,0,+043:+002,France,50_to_100km,zero=0;rare=0;common=17,17,22,0.3076923076923077,0.358974358974359,0.051282051282051266
2182292,0,+043:+002,France,50_to_100km,zero=0;rare=0;common=26,26,19,0.391304347826087,0.4,0.008695652173913049
2182834,0,+043:+004,France,50_to_100km,zero=1;rare=5;common=10,16,26,0.047619047619047616,0.047619047619047616,0.0
2186353,0,+045:+010,Italy,20_to_50km,zero=1;rare=13;common=46,60,28,0.3181818181818182,0.3181818181818182,0.0
2191136,0,+047:+004,France,20_to_50km,zero=0;rare=0;common=11,11,24,0.2777777777777778,0.2857142857142857,0.007936507936507908
2191194,0,+043:+004,France,50_to_100km,zero=2;rare=7;common=18,27,21,0.2857142857142857,0.2916666666666667,0.005952380952380987
2197322,0,+043:+002,France,50_to_100km,zero=0;rare=1;common=8,9,26,0.29411764705882354,0.2857142857142857,-0.00840336134453784
2200977,0,+040:+009,Italy,20_to_50km,zero=1;rare=5;common=10,16,22,0.2222222222222222,0.21052631578947367,-0.011695906432748537
2207418,0,+053:+006,Netherlands,20_to_50km,zero=0;rare=0;common=24,24,24,0.4,0.4166666666666667,0.016666666666666663
2207462,0,+040:+009,Italy,20_to_50km,zero=1;rare=2;common=17,20,21,0.6046511627906976,0.6341463414634146,0.029495178672717004
2211878,0,+040:+009,Italy,20_to_50km,zero=1;rare=5;common=12,18,20,0.21052631578947367,0.21052631578947367,0.0
2215957,0,+050:+003,Belgium,20_to_50km,zero=0;rare=0;common=40,40,21,0.375,0.39344262295081966,0.018442622950819665
2217300,0,+043:+002,France,50_to_100km,zero=0;rare=1;common=16,17,21,0.20512820512820512,0.15789473684210525,-0.04723346828609987
2218202,0,+047:+004,France,20_to_50km,zero=0;rare=0;common=26,26,26,0.5384615384615384,0.5384615384615384,0.0
2219195,0,+048:+005,France,20_to_50km,zero=0;rare=1;common=26,27,26,0.4528301886792453,0.4528301886792453,0.0
2219799,0,+043:+002,France,100_to_200km,zero=1;rare=2;common=20,23,22,0.26666666666666666,0.26666666666666666,0.0
2222210,0,+043:+004,France,20_to_50km,zero=0;rare=3;common=13,16,21,0.5263157894736842,0.5405405405405406,0.01422475106685639
2222854,0,+053:+006,Netherlands,20_to_50km,zero=0;rare=2;common=29,31,22,0.3333333333333333,0.33962264150943394,0.0062893081761006275
2224950,0,+043:+002,France,100_to_200km,zero=0;rare=8;common=14,22,25,0.16666666666666666,0.1702127659574468,0.003546099290780147
2227464,0,+044:+007,Italy,20_to_50km,zero=1;rare=2;common=17,20,24,0.09090909090909091,0.09090909090909091,0.0
2236856,0,+040:+009,Italy,20_to_50km,zero=0;rare=1;common=11,12,23,0.17647058823529413,0.22857142857142856,0.052100840336134435
2239336,0,+043:+004,France,50_to_100km,zero=0;rare=3;common=7,10,23,0.0,0.0,0.0
2241533,0,+043:+002,France,100_to_200km,zero=1;rare=6;common=18,25,26,0.11764705882352941,0.11764705882352941,0.0
2246180,0,+040:+009,Italy,20_to_50km,zero=0;rare=3;common=13,16,24,0.15789473684210525,0.15,-0.00789473684210526
2247005,0,+053:+006,Netherlands,20_to_50km,zero=0;rare=0;common=13,13,22,0.2222222222222222,0.22857142857142856,0.006349206349206354
2249275,0,+043:+002,France,50_to_100km,zero=0;rare=0;common=8,8,20,0.1935483870967742,0.21428571428571427,0.020737327188940086
2262294,0,+048:+004,France,20_to_50km,zero=0;rare=0;common=22,22,23,0.4782608695652174,0.4888888888888889,0.010628019323671467
2263075,0,+042:+010,Italy,100_to_200km,zero=1;rare=1;common=4,6,19,0.07407407407407407,0.0,-0.07407407407407407
2263938,0,+043:+002,France,20_to_50km,zero=0;rare=2;common=10,12,28,0.4,0.4,0.0
2266284,0,+043:+004,France,50_to_100km,zero=1;rare=2;common=1,4,22,0.07692307692307693,0.07692307692307693,0.0
2268771,0,+050:+003,France,50_to_100km,zero=0;rare=0;common=8,8,20,0.41379310344827586,0.35714285714285715,-0.056650246305418706
2269744,0,+043:+002,France,100_to_200km,zero=1;rare=2;common=19,22,24,0.16666666666666666,0.17391304347826086,0.007246376811594207
2273272,0,+047:+004,France,20_to_50km,zero=0;rare=0;common=11,11,20,0.42424242424242425,0.45161290322580644,0.027370478983382185
2275097,0,+043:+004,France,50_to_100km,zero=0;rare=0;common=8,8,24,0.17647058823529413,0.1875,0.011029411764705871
2275358,0,+050:+003,France,50_to_100km,zero=0;rare=0;common=23,23,20,0.32558139534883723,0.32558139534883723,0.0
2275521,0,+043:+002,France,100_to_200km,zero=0;rare=5;common=13,18,25,0.22727272727272727,0.23255813953488372,0.0052854122621564525
2276146,0,+049:+014,Czech Republic,20_to_50km,zero=0;rare=0;common=28,28,23,0.24,0.23529411764705882,-0.004705882352941171
2280607,0,+043:+002,France,100_to_200km,zero=0;rare=4;common=4,8,29,0.0,0.0,0.0
2282895,0,+040:+009,Italy,20_to_50km,zero=0;rare=1;common=11,12,21,0.30303030303030304,0.30303030303030304,0.0
2283158,0,+043:+004,France,50_to_100km,zero=0;rare=5;common=14,19,25,0.13953488372093023,0.13636363636363635,-0.003171247357293877
2288598,0,+040:+009,Italy,20_to_50km,zero=0;rare=1;common=6,7,23,0.06451612903225806,0.13333333333333333,0.06881720430107527
2298282,0,+053:+006,Netherlands,20_to_50km,zero=0;rare=0;common=13,13,18,0.375,0.3870967741935484,0.012096774193548376
2304813,0,+043:+004,France,50_to_100km,zero=0;rare=1;common=4,5,23,0.21428571428571427,0.21428571428571427,0.0
2314814,0,+040:+009,Italy,20_to_50km,zero=1;rare=6;common=14,21,21,0.34146341463414637,0.38095238095238093,0.039488966318234564
2326265,0,+043:+002,France,50_to_100km,zero=0;rare=0;common=7,7,23,0.25,0.26666666666666666,0.016666666666666663
2330338,0,+044:+007,France,20_to_50km,zero=0;rare=1;common=19,20,25,0.17391304347826086,0.17777777777777778,0.00386473429951692
2333371,0,+053:+006,Netherlands,20_to_50km,zero=0;rare=0;common=1,1,21,0.0,0.0,0.0
2337575,0,+050:+003,France,50_to_100km,zero=0;rare=0;common=27,27,19,0.46808510638297873,0.4782608695652174,0.010175763182238673
2341900,0,+040:+009,Italy,20_to_50km,zero=0;rare=1;common=12,13,22,0.2857142857142857,0.2857142857142857,0.0
2345297,0,+043:+002,France,100_to_200km,zero=0;rare=10;common=21,31,28,0.24561403508771928,0.3050847457627119,0.0594707106749926
2348146,0,+043:+004,France,50_to_100km,zero=1;rare=1;common=3,5,26,0.0,0.0,0.0
2357467,0,+043:+002,France,20_to_50km,zero=0;rare=0;common=27,27,26,0.38461538461538464,0.37735849056603776,-0.007256894049346874
2357872,0,+049:+018,Slovakia,20_to_50km,zero=1;rare=2;common=29,32,32,0.18461538461538463,0.1875,0.0028846153846153744
2362216,0,+043:+002,France,50_to_100km,zero=0;rare=0;common=4,4,23,0.07407407407407407,0.07407407407407407,0.0
2362328,0,+053:+006,Netherlands,20_to_50km,zero=0;rare=0;common=14,14,26,0.43902439024390244,0.45,0.01097560975609757
2366238,0,+040:+009,Italy,20_to_50km,zero=1;rare=5;common=18,24,20,0.2727272727272727,0.2727272727272727,0.0
2369570,0,+043:+002,France,50_to_100km,zero=0;rare=1;common=41,42,21,0.28125,0.25396825396825395,-0.027281746031746046
2370079,0,+043:+002,France,50_to_100km,zero=0;rare=0;common=13,13,19,0.35294117647058826,0.375,0.022058823529411742
2374417,0,+047:+004,France,20_to_50km,zero=0;rare=0;common=17,17,25,0.6,0.6666666666666666,0.06666666666666665
2374469,0,+043:+002,France,50_to_100km,zero=0;rare=2;common=19,21,27,0.3404255319148936,0.3333333333333333,-0.007092198581560294
2382212,0,+040:+009,Italy,20_to_50km,zero=3;rare=2;common=8,13,20,0.06060606060606061,0.06060606060606061,0.0
2387807,0,+049:+014,Czech Republic,20_to_50km,zero=0;rare=1;common=35,36,26,0.2903225806451613,0.2903225806451613,0.0
2387863,0,+043:+002,France,20_to_50km,zero=0;rare=0;common=21,21,25,0.6956521739130435,0.6956521739130435,0.0
2388205,0,+043:+002,France,20_to_50km,zero=0;rare=0;common=6,6,23,0.4,0.41379310344827586,0.013793103448275834
2391490,0,+045:+010,Italy,20_to_50km,zero=0;rare=1;common=14,15,28,0.2857142857142857,0.27906976744186046,-0.006644518272425237
2391681,0,+043:+002,France,100_to_200km,zero=2;rare=4;common=6,12,26,0.0,0.0,0.0
2394442,0,+049:+006,France,20_to_50km,zero=0;rare=1;common=33,34,27,0.5,0.4918032786885246,-0.008196721311475419
2404622,0,+043:+002,France,20_to_50km,zero=0;rare=0;common=18,18,24,0.5116279069767442,0.5238095238095238,0.01218161683277963
2407044,0,+048:+000,France,20_to_50km,zero=0;rare=0;common=33,33,19,0.37735849056603776,0.34615384615384615,-0.031204644412191618
2408167,0,+043:+002,France,50_to_100km,zero=0;rare=0;common=10,10,26,0.21052631578947367,0.2222222222222222,0.011695906432748537
2412136,0,+047:+004,France,20_to_50km,zero=0;rare=0;common=19,19,22,0.5853658536585366,0.5853658536585366,0.0
2415134,0,+053:+006,Netherlands,20_to_50km,zero=0;rare=0;common=11,11,22,0.42424242424242425,0.42424242424242425,0.0
2416732,0,+043:+002,France,100_to_200km,zero=1;rare=6;common=17,24,26,0.12,0.2,0.08000000000000002
2418185,0,+043:+002,France,50_to_100km,zero=0;rare=0;common=7,7,23,0.25806451612903225,0.26666666666666666,0.008602150537634412
2418383,0,+043:+002,France,50_to_100km,zero=0;rare=0;common=23,23,22,0.35555555555555557,0.35555555555555557,0.0
2421720,0,+043:+002,France,50_to_100km,zero=0;rare=0;common=8,8,21,0.3870967741935484,0.41379310344827586,0.02669632925472748
2423655,0,+043:+004,France,50_to_100km,zero=2;rare=1;common=2,5,20,0.0,0.0,0.0
2426121,0,+043:+002,France,100_to_200km,zero=0;rare=6;common=15,21,24,0.1702127659574468,0.17777777777777778,0.00756501182033098
2429193,0,+043:+002,France,100_to_200km,zero=0;rare=7;common=13,20,26,0.09090909090909091,0.08695652173913043,-0.003952569169960479
2431014,0,+044:+007,France,20_to_50km,zero=0;rare=2;common=7,9,25,0.18181818181818182,0.23529411764705882,0.053475935828877
2434709,0,+053:+006,Netherlands,20_to_50km,zero=0;rare=0;common=14,14,23,0.5263157894736842,0.5405405405405406,0.01422475106685639
2438492,0,+040:+009,Italy,20_to_50km,zero=0;rare=4;common=13,17,21,0.32432432432432434,0.3157894736842105,-0.008534850640113834
2442586,0,+043:+004,France,50_to_100km,zero=1;rare=7;common=12,20,22,0.047619047619047616,0.047619047619047616,0.0
2458637,0,+053:+006,Netherlands,20_to_50km,zero=0;rare=0;common=8,8,22,0.1875,0.2,0.012500000000000011
2460549,0,+043:+002,France,50_to_100km,zero=0;rare=0;common=2,2,24,0.0,0.0,0.0
2462706,0,+044:+007,France,20_to_50km,zero=1;rare=1;common=18,20,22,0.047619047619047616,0.09523809523809523,0.047619047619047616
2463524,0,+049:+006,France,50_to_100km,zero=0;rare=0;common=14,14,25,0.3157894736842105,0.358974358974359,0.04318488529014847
2466282,0,+053:+006,Netherlands,20_to_50km,zero=0;rare=0;common=12,12,19,0.25,0.25806451612903225,0.008064516129032251
2467239,0,+040:+009,Italy,20_to_50km,zero=0;rare=5;common=8,13,21,0.2857142857142857,0.29411764705882354,0.00840336134453784
2470019,0,+043:+002,France,50_to_100km,zero=0;rare=0;common=18,18,27,0.45454545454545453,0.4888888888888889,0.03434343434343434
2470755,0,+047:+004,France,20_to_50km,zero=0;rare=0;common=15,15,21,0.5789473684210527,0.6111111111111112,0.032163742690058506
2477685,0,+040:+009,Italy,20_to_50km,zero=0;rare=1;common=12,13,22,0.4,0.4,0.0
2478945,0,+053:+006,Netherlands,20_to_50km,zero=0;rare=0;common=7,7,21,0.27586206896551724,0.2857142857142857,0.009852216748768461
2482160,0,+044:+007,France,20_to_50km,zero=2;rare=8;common=35,45,26,0.28169014084507044,0.28169014084507044,0.0
2492154,0,+044:+007,France,20_to_50km,zero=0;rare=6;common=32,38,26,0.3125,0.3125,0.0
2497317,0,+043:+004,France,50_to_100km,zero=5;rare=5;common=7,17,18,0.0,0.0,0.0
2497488,0,+043:+002,France,50_to_100km,zero=0;rare=0;common=8,8,20,0.26666666666666666,0.2857142857142857,0.019047619047619035
2499428,0,+052:+012,Germany,100_to_200km,zero=1;rare=0;common=34,35,24,0.3050847457627119,0.3050847457627119,0.0
2503607,0,+040:+009,Italy,20_to_50km,zero=0;rare=4;common=10,14,21,0.4,0.4,0.0
2504367,0,+053:+006,Netherlands,20_to_50km,zero=0;rare=0;common=19,19,19,0.5128205128205128,0.47368421052631576,-0.03913630229419701
2509935,0,+048:+005,France,50_to_100km,zero=0;rare=0;common=8,8,23,0.27586206896551724,0.25806451612903225,-0.017797552836484987
2512254,0,+053:+006,Netherlands,20_to_50km,zero=0;rare=0;common=5,5,24,0.25806451612903225,0.27586206896551724,0.017797552836484987
2515044,0,+040:+009,Italy,20_to_50km,zero=0;rare=3;common=12,15,21,0.3333333333333333,0.3333333333333333,0.0
2517276,0,+043:+002,France,20_to_50km,zero=0;rare=0;common=11,11,25,0.2857142857142857,0.2777777777777778,-0.007936507936507908
2517603,0,+043:+002,France,50_to_100km,zero=0;rare=0;common=13,13,20,0.22857142857142856,0.24242424242424243,0.013852813852813867
2518798,0,+040:+009,Italy,20_to_50km,zero=0;rare=1;common=10,11,20,0.25806451612903225,0.3225806451612903,0.06451612903225806
2527254,0,+040:+009,Italy,20_to_50km,zero=0;rare=2;common=11,13,21,0.43243243243243246,0.4117647058823529,-0.020667726550079535
2527894,0,+047:+004,France,20_to_50km,zero=0;rare=0;common=15,15,22,0.5945945945945946,0.5945945945945946,0.0
2530045,0,+040:+009,Italy,20_to_50km,zero=0;rare=0;common=11,11,20,0.1935483870967742,0.1935483870967742,0.0
2534878,0,+043:+004,France,20_to_50km,zero=0;rare=2;common=11,13,23,0.2631578947368421,0.2777777777777778,0.0146198830409357
2540179,0,+043:+002,France,50_to_100km,zero=0;rare=0;common=15,15,24,0.358974358974359,0.358974358974359,0.0
2547652,0,+048:+000,France,50_to_100km,zero=0;rare=0;common=15,15,21,0.5945945945945946,0.5555555555555556,-0.03903903903903905
2549462,0,+043:+002,France,100_to_200km,zero=3;rare=3;common=9,15,29,0.14285714285714285,0.13636363636363635,-0.006493506493506496
2552704,0,+044:+007,France,20_to_50km,zero=3;rare=6;common=7,16,26,0.13636363636363635,0.14285714285714285,0.006493506493506496
2554243,0,+043:+002,France,50_to_100km,zero=0;rare=0;common=16,16,26,0.34146341463414637,0.38095238095238093,0.039488966318234564
2554733,0,+040:+009,Italy,20_to_50km,zero=5;rare=5;common=14,24,21,0.09523809523809523,0.13333333333333333,0.0380952380952381
2559625,0,+043:+002,France,20_to_50km,zero=0;rare=0;common=16,16,26,0.47619047619047616,0.47619047619047616,0.0
2559705,0,+048:+020,Hungary,50_to_100km,zero=1;rare=3;common=44,48,30,0.2631578947368421,0.3333333333333333,0.07017543859649122
2564416,0,+053:+006,Netherlands,20_to_50km,zero=0;rare=0;common=8,8,25,0.29411764705882354,0.30303030303030304,0.0089126559714795
2567293,0,+053:+006,Netherlands,20_to_50km,zero=0;rare=0;common=4,4,22,0.2857142857142857,0.3076923076923077,0.02197802197802201
2573848,0,+040:+009,Italy,20_to_50km,zero=0;rare=4;common=11,15,21,0.2857142857142857,0.3333333333333333,0.047619047619047616
2577574,0,+043:+002,France,50_to_100km,zero=1;rare=1;common=18,20,22,0.22727272727272727,0.19047619047619047,-0.0367965367965368
2577893,0,+043:+004,France,50_to_100km,zero=0;rare=1;common=0,1,19,0.0,0.0,0.0
2583905,0,+043:+002,France,20_to_50km,zero=0;rare=0;common=25,25,25,0.56,0.56,0.0
2585183,0,+043:+004,France,50_to_100km,zero=1;rare=2;common=7,10,23,0.058823529411764705,0.06060606060606061,0.0017825311942959027
2589432,0,+053:+006,Netherlands,20_to_50km,zero=0;rare=1;common=14,15,23,0.10256410256410256,0.10526315789473684,0.0026990553306342757
2593909,0,+053:+006,Netherlands,20_to_50km,zero=0;rare=0;common=5,5,20,0.37037037037037035,0.24,-0.13037037037037036
2600456,0,+043:+002,France,50_to_100km,zero=0;rare=3;common=2,5,31,0.05714285714285714,0.05555555555555555,-0.0015873015873015886
2606683,0,+040:+009,Italy,20_to_50km,zero=0;rare=1;common=12,13,23,0.16216216216216217,0.2222222222222222,0.06006006006006004
2613053,0,+043:+002,France,100_to_200km,zero=1;rare=6;common=13,20,19,0.0,0.0,0.0
2616466,0,+049:+006,France,20_to_50km,zero=0;rare=0;common=24,24,26,0.48,0.48,0.0
2624856,0,+044:+007,France,20_to_50km,zero=0;rare=6;common=6,12,25,0.05263157894736842,0.05405405405405406,0.001422475106685639
2633543,0,+048:+005,France,20_to_50km,zero=0;rare=1;common=33,34,26,0.4666666666666667,0.4666666666666667,0.0
2635962,0,+053:+006,Netherlands,20_to_50km,zero=0;rare=0;common=14,14,23,0.42105263157894735,0.43243243243243246,0.011379800853485111
2636728,0,+045:+010,Italy,20_to_50km,zero=0;rare=3;common=39,42,29,0.34285714285714286,0.3380281690140845,-0.0048289738430583595
2638235,0,+047:+004,France,20_to_50km,zero=0;rare=0;common=21,21,25,0.5106382978723404,0.5217391304347826,0.011100832562442209
2639547,0,+050:+003,France,50_to_100km,zero=0;rare=0;common=19,19,22,0.34146341463414637,0.34146341463414637,0.0
2641820,0,+049:+006,France,20_to_50km,zero=1;rare=2;common=29,32,26,0.2807017543859649,0.3103448275862069,0.02964307320024201
2653346,0,+048:+004,France,20_to_50km,zero=0;rare=1;common=25,26,24,0.36,0.36,0.0
2654225,0,+043:+002,France,100_to_200km,zero=0;rare=2;common=10,12,24,0.15789473684210525,0.16666666666666666,0.008771929824561403
2654260,0,+045:+010,Italy,20_to_50km,zero=1;rare=4;common=21,26,27,0.37037037037037035,0.37735849056603776,0.006988120195667413
2660404,0,+043:+002,France,50_to_100km,zero=0;rare=0;common=6,6,20,0.27586206896551724,0.3076923076923077,0.03183023872679047
2661529,0,+043:+004,France,20_to_50km,zero=0;rare=2;common=17,19,20,0.5128205128205128,0.5128205128205128,0.0
2667227,0,+043:+002,France,50_to_100km,zero=0;rare=1;common=11,12,27,0.42105263157894735,0.41025641025641024,-0.010796221322537103
2668380,0,+049:+014,Czech Republic,20_to_50km,zero=0;rare=1;common=25,26,23,0.3333333333333333,0.32653061224489793,-0.006802721088435382
2678401,0,+053:+006,Netherlands,20_to_50km,zero=0;rare=0;common=10,10,17,0.35714285714285715,0.37037037037037035,0.013227513227513199
2678435,0,+043:+002,France,100_to_200km,zero=0;rare=3;common=3,6,29,0.0,0.0,0.0
2678765,0,+053:+006,Netherlands,20_to_50km,zero=0;rare=1;common=13,14,23,0.15789473684210525,0.10810810810810811,-0.04978662873399714
2683191,0,+040:+009,Italy,20_to_50km,zero=1;rare=2;common=9,12,20,0.29411764705882354,0.25,-0.04411764705882354
2684079,0,+043:+002,France,20_to_50km,zero=0;rare=0;common=7,7,26,0.30303030303030304,0.30303030303030304,0.0
2686679,0,+043:+002,France,50_to_100km,zero=0;rare=1;common=3,4,27,0.0,0.06451612903225806,0.06451612903225806
2686794,0,+040:+009,Italy,20_to_50km,zero=0;rare=3;common=12,15,20,0.2857142857142857,0.2857142857142857,0.0
2686808,0,+043:+002,France,20_to_50km,zero=0;rare=0;common=19,19,24,0.5777777777777777,0.5116279069767442,-0.06614987080103352
2690231,0,+043:+002,France,50_to_100km,zero=0;rare=5;common=36,41,29,0.3235294117647059,0.34285714285714286,0.01932773109243696
2695390,0,+043:+004,France,50_to_100km,zero=2;rare=3;common=8,13,21,0.2857142857142857,0.29411764705882354,0.00840336134453784
2695990,0,+040:+009,Italy,20_to_50km,zero=2;rare=4;common=10,16,19,0.05555555555555555,0.05714285714285714,0.0015873015873015886
2696929,0,+048:+004,France,50_to_100km,zero=0;rare=0;common=30,30,25,0.4444444444444444,0.4727272727272727,0.0282828282828283
2701739,0,+040:+009,Italy,20_to_50km,zero=0;rare=4;common=11,15,21,0.5405405405405406,0.5,-0.04054054054054057
2703261,0,+042:+010,Italy,100_to_200km,zero=3;rare=2;common=1,6,21,0.07407407407407407,0.07407407407407407,0.0
2707963,0,+048:+000,France,20_to_50km,zero=0;rare=0;common=6,6,20,0.42857142857142855,0.46153846153846156,0.032967032967033016
2708232,0,+043:+012,Italy,50_to_100km,zero=1;rare=6;common=35,42,27,0.29411764705882354,0.2898550724637681,-0.004262574595055413
2716632,0,+047:+004,France,20_to_50km,zero=0;rare=0;common=24,24,27,0.36,0.39215686274509803,0.03215686274509805
2716864,0,+043:+002,France,100_to_200km,zero=0;rare=3;common=4,7,29,0.0,0.05555555555555555,0.05555555555555555
2720951,0,+053:+006,Netherlands,20_to_50km,zero=0;rare=0;common=5,5,21,0.14814814814814814,0.15384615384615385,0.005698005698005715
2721151,0,+040:+009,Italy,20_to_50km,zero=0;rare=4;common=9,13,20,0.4117647058823529,0.42424242424242425,0.012477718360071333
2725803,0,+053:+006,Netherlands,20_to_50km,zero=0;rare=0;common=12,12,22,0.23529411764705882,0.23529411764705882,0.0
2729812,0,+043:+002,France,50_to_100km,zero=0;rare=0;common=6,6,22,0.14285714285714285,0.14285714285714285,0.0
2740118,0,+053:+006,Netherlands,20_to_50km,zero=0;rare=0;common=7,7,23,0.13793103448275862,0.13333333333333333,-0.004597701149425287
2740635,0,+043:+004,France,20_to_50km,zero=0;rare=2;common=2,4,22,0.0,0.0,0.0
2740829,0,+047:+004,France,20_to_50km,zero=0;rare=0;common=9,9,22,0.3225806451612903,0.3225806451612903,0.0
2742144,0,+048:+004,France,20_to_50km,zero=0;rare=2;common=26,28,25,0.4528301886792453,0.4528301886792453,0.0
2743215,0,+040:+009,Italy,20_to_50km,zero=3;rare=7;common=13,23,20,0.4186046511627907,0.4186046511627907,0.0
2745233,0,+040:+009,Italy,20_to_50km,zero=0;rare=5;common=12,17,21,0.46153846153846156,0.47368421052631576,0.012145748987854199
2746803,0,+053:+006,Netherlands,20_to_50km,zero=0;rare=0;common=11,11,23,0.34285714285714286,0.35294117647058826,0.010084033613445398
2748746,0,+040:+009,Italy,20_to_50km,zero=7;rare=5;common=15,27,21,0.044444444444444446,0.125,0.08055555555555555
2751621,0,+043:+002,France,50_to_100km,zero=1;rare=3;common=7,11,23,0.05714285714285714,0.058823529411764705,0.001680672268907564
2755659,0,+053:+006,Netherlands,20_to_50km,zero=0;rare=0;common=17,17,21,0.46153846153846156,0.42105263157894735,-0.04048582995951422
2762084,0,+053:+006,Netherlands,20_to_50km,zero=0;rare=0;common=14,14,22,0.3783783783783784,0.3888888888888889,0.010510510510510496
2763890,0,+048:+004,France,20_to_50km,zero=0;rare=0;common=14,14,23,0.4864864864864865,0.4864864864864865,0.0
2767578,0,+045:+010,Italy,20_to_50km,zero=0;rare=0;common=13,13,28,0.15384615384615385,0.14634146341463414,-0.007504690431519717
2770031,0,+048:-004,France,50_to_100km,zero=0;rare=0;common=9,9,19,0.4827586206896552,0.5,0.017241379310344807
2772627,0,+048:+005,France,20_to_50km,zero=0;rare=1;common=47,48,26,0.4383561643835616,0.4594594594594595,0.021103295075897865
2774579,0,+053:+006,Netherlands,20_to_50km,zero=0;rare=0;common=17,17,21,0.5128205128205128,0.5263157894736842,0.013495276653171406
2776921,0,+048:+000,France,20_to_50km,zero=0;rare=0;common=11,11,18,0.3870967741935484,0.41379310344827586,0.02669632925472748
2781716,0,+043:+002,France,100_to_200km,zero=0;rare=6;common=21,27,28,0.22641509433962265,0.2545454545454545,0.028130360205831872
2782122,0,+045:+010,Italy,20_to_50km,zero=0;rare=8;common=19,27,27,0.0,0.0,0.0
2783279,0,+048:+005,France,50_to_100km,zero=0;rare=0;common=22,22,24,0.3111111111111111,0.34782608695652173,0.03671497584541061
2793766,0,+048:+005,France,20_to_50km,zero=0;rare=3;common=33,36,25,0.36666666666666664,0.36065573770491804,-0.006010928961748596
2797239,0,+048:+000,France,20_to_50km,zero=0;rare=0;common=9,9,20,0.4,0.41379310344827586,0.013793103448275834
2800197,0,+043:+004,France,50_to_100km,zero=0;rare=1;common=0,1,21,0.0,0.0,0.0
2804239,0,+048:+005,France,20_to_50km,zero=0;rare=0;common=12,12,27,0.42105263157894735,0.41025641025641024,-0.010796221322537103
2804748,0,+047:+004,France,20_to_50km,zero=0;rare=0;common=15,15,22,0.47368421052631576,0.4864864864864865,0.01280227596017075
2807135,0,+053:+006,Netherlands,20_to_50km,zero=0;rare=0;common=5,5,21,0.07407407407407407,0.07692307692307693,0.0028490028490028574
2808725,0,+043:+004,France,20_to_50km,zero=1;rare=2;common=5,8,21,0.0,0.0,0.0
2810026,0,+040:+009,Italy,20_to_50km,zero=6;rare=3;common=18,27,23,0.0425531914893617,0.04,-0.0025531914893617003
2817432,0,+045:+010,Italy,20_to_50km,zero=1;rare=15;common=30,46,28,0.08108108108108109,0.10810810810810811,0.02702702702702703
2819891,0,+043:+004,France,50_to_100km,zero=1;rare=1;common=5,7,23,0.07142857142857142,0.06666666666666667,-0.004761904761904759
2820902,0,+040:+009,Italy,20_to_50km,zero=0;rare=2;common=1,3,18,0.0,0.0,0.0
2823384,0,+053:+006,Netherlands,20_to_50km,zero=0;rare=0;common=4,4,21,0.0,0.0,0.0
2830822,0,+043:+002,France,100_to_200km,zero=0;rare=6;common=15,21,29,0.24489795918367346,0.24,-0.004897959183673473
2831242,0,+043:+004,France,50_to_100km,zero=0;rare=14;common=13,27,23,0.08163265306122448,0.08,-0.0016326530612244816
2834779,0,+040:+009,Italy,20_to_50km,zero=1;rare=3;common=11,15,22,0.21621621621621623,0.21621621621621623,0.0
2836783,0,+053:+006,Netherlands,20_to_50km,zero=0;rare=0;common=4,4,21,0.07692307692307693,0.08,0.0030769230769230743
2844069,0,+040:+009,Italy,20_to_50km,zero=2;rare=8;common=13,23,20,0.37209302325581395,0.4186046511627907,0.04651162790697677
2844216,0,+053:+006,Netherlands,20_to_50km,zero=0;rare=2;common=0,2,25,0.0,0.0,0.0
2845417,0,+043:+002,France,100_to_200km,zero=0;rare=4;common=16,20,25,0.13043478260869565,0.13333333333333333,0.002898550724637683
2846427,0,+043:+004,France,20_to_50km,zero=0;rare=4;common=6,10,24,0.058823529411764705,0.058823529411764705,0.0
2848312,0,+043:+002,France,50_to_100km,zero=0;rare=0;common=14,14,23,0.3157894736842105,0.32432432432432434,0.008534850640113834
2852158,0,+040:+009,Italy,20_to_50km,zero=0;rare=3;common=11,14,22,0.16666666666666666,0.16666666666666666,0.0
2852823,0,+040:+009,Italy,20_to_50km,zero=1;rare=2;common=13,16,20,0.21052631578947367,0.2222222222222222,0.011695906432748537
2857654,0,+052:+012,Germany,100_to_200km,zero=0;rare=3;common=25,28,23,0.32653061224489793,0.3137254901960784,-0.012805122048819506
2876274,0,+045:+010,Italy,20_to_50km,zero=0;rare=10;common=32,42,28,0.3142857142857143,0.3142857142857143,0.0
2877928,0,+048:+000,France,20_to_50km,zero=0;rare=0;common=16,16,18,0.5,0.5294117647058824,0.02941176470588236
2878835,0,+047:+004,France,20_to_50km,zero=0;rare=0;common=14,14,25,0.3,0.3076923076923077,0.0076923076923077205
2880546,0,+048:+000,France,20_to_50km,zero=0;rare=0;common=20,20,18,0.65,0.6842105263157895,0.03421052631578947
2882047,0,+043:+004,France,50_to_100km,zero=5;rare=5;common=1,11,19,0.0,0.0,0.0
2882329,0,+043:+004,France,50_to_100km,zero=3;rare=5;common=4,12,21,0.0,0.0,0.0
2892910,0,+040:+009,Italy,20_to_50km,zero=2;rare=2;common=3,7,19,0.0,0.0,0.0
2895034,0,+053:+006,Netherlands,20_to_50km,zero=0;rare=0;common=7,7,24,0.18181818181818182,0.1935483870967742,0.011730205278592365
2896489,0,+040:+009,Italy,20_to_50km,zero=1;rare=2;common=10,13,19,0.0625,0.0625,0.0
2896734,0,+042:+010,Italy,100_to_200km,zero=1;rare=3;common=5,9,19,0.0,0.0,0.0
2901982,0,+043:+002,France,50_to_100km,zero=0;rare=0;common=11,11,19,0.25806451612903225,0.26666666666666666,0.008602150537634412
2909762,0,+052:+012,Germany,100_to_200km,zero=0;rare=2;common=30,32,23,0.4074074074074074,0.43636363636363634,0.028956228956228958
2910832,0,+044:+007,France,20_to_50km,zero=2;rare=5;common=3,10,23,0.0,0.0,0.0
2914938,0,+045:+010,Italy,20_to_50km,zero=1;rare=8;common=25,34,28,0.16129032258064516,0.16129032258064516,0.0
2920106,0,+040:+009,Italy,20_to_50km,zero=0;rare=2;common=16,18,20,0.3684210526315789,0.3157894736842105,-0.05263157894736842
2924542,0,+053:+006,Netherlands,20_to_50km,zero=0;rare=0;common=4,4,22,0.07407407407407407,0.07692307692307693,0.0028490028490028574
2925670,0,+043:+002,France,100_to_200km,zero=0;rare=4;common=12,16,26,0.3333333333333333,0.3333333333333333,0.0
2927554,0,+040:+009,Italy,20_to_50km,zero=0;rare=5;common=11,16,22,0.3157894736842105,0.3157894736842105,0.0
2928814,0,+043:+004,France,50_to_100km,zero=1;rare=6;common=18,25,26,0.1568627450980392,0.19607843137254902,0.0392156862745098
2937837,0,+053:+006,Netherlands,20_to_50km,zero=0;rare=0;common=19,19,21,0.34146341463414637,0.35,0.00853658536585361
2945043,0,+053:+006,Netherlands,20_to_50km,zero=0;rare=0;common=3,3,21,0.16,0.16666666666666666,0.006666666666666654
2948792,0,+043:+002,France,50_to_100km,zero=0;rare=0;common=21,21,29,0.3673469387755102,0.4,0.0326530612244898
2950628,0,+047:+004,France,20_to_50km,zero=0;rare=1;common=22,23,25,0.2857142857142857,0.2916666666666667,0.005952380952380987
2952664,0,+040:+009,Italy,20_to_50km,zero=1;rare=2;common=11,14,22,0.17647058823529413,0.2222222222222222,0.04575163398692808
2953098,0,+043:+002,France,100_to_200km,zero=1;rare=9;common=17,27,27,0.21818181818181817,0.25925925925925924,0.041077441077441074
2954380,0,+043:+002,France,50_to_100km,zero=0;rare=0;common=5,5,21,0.2962962962962963,0.3076923076923077,0.01139601139601143
2956065,0,+040:+009,Italy,20_to_50km,zero=0;rare=5;common=13,18,21,0.4,0.41025641025641024,0.01025641025641022
2956999,0,+053:+006,Netherlands,20_to_50km,zero=0;rare=0;common=22,22,24,0.4782608695652174,0.4782608695652174,0.0
2963115,0,+044:+007,France,20_to_50km,zero=0;rare=7;common=25,32,26,0.20689655172413793,0.20689655172413793,0.0
2966494,0,+053:+006,Netherlands,20_to_50km,zero=0;rare=0;common=13,13,24,0.3783783783783784,0.3783783783783784,0.0
2967953,0,+043:+002,France,50_to_100km,zero=3;rare=3;common=11,17,27,0.044444444444444446,0.045454545454545456,0.0010101010101010097
2969309,0,+043:+002,France,100_to_200km,zero=0;rare=3;common=14,17,29,0.045454545454545456,0.043478260869565216,-0.0019762845849802396
2975383,0,+043:+002,France,50_to_100km,zero=0;rare=0;common=13,13,24,0.631578947368421,0.6486486486486487,0.017069701280227667
2980953,0,+040:+009,Italy,20_to_50km,zero=0;rare=1;common=12,13,22,0.24242424242424243,0.22857142857142856,-0.013852813852813867
2984050,0,+043:+002,France,100_to_200km,zero=0;rare=5;common=8,13,27,0.04878048780487805,0.05,0.0012195121951219523
2985187,0,+047:+004,France,20_to_50km,zero=0;rare=0;common=25,25,23,0.40816326530612246,0.4166666666666667,0.008503401360544227
2991410,0,+053:+006,Netherlands,20_to_50km,zero=0;rare=1;common=17,18,23,0.2926829268292683,0.2926829268292683,0.0
2994003,0,+040:+009,Italy,20_to_50km,zero=0;rare=2;common=12,14,20,0.23529411764705882,0.23529411764705882,0.0
2996260,0,+047:+004,France,20_to_50km,zero=0;rare=0;common=19,19,19,0.5853658536585366,0.5789473684210527,-0.006418485237483895
2999795,0,+043:+004,France,50_to_100km,zero=1;rare=2;common=6,9,23,0.0625,0.0625,0.0
3005322,0,+043:+002,France,100_to_200km,zero=0;rare=8;common=16,24,24,0.20833333333333334,0.20833333333333334,0.0
3007862,0,+045:+010,Italy,20_to_50km,zero=0;rare=6;common=12,18,28,0.043478260869565216,0.043478260869565216,0.0
3012798,0,+043:+002,France,50_to_100km,zero=0;rare=0;common=22,22,23,0.37209302325581395,0.35555555555555557,-0.01653746770025838
3016943,0,+043:+002,France,50_to_100km,zero=0;rare=0;common=27,27,25,0.4528301886792453,0.4230769230769231,-0.02975326560232222
3020128,0,+047:+004,France,20_to_50km,zero=0;rare=0;common=19,19,24,0.32558139534883723,0.32558139534883723,0.0
3021557,0,+048:+000,France,20_to_50km,zero=0;rare=0;common=13,13,21,0.4,0.4117647058823529,0.0117647058823529
3026642,0,+048:-004,France,50_to_100km,zero=0;rare=0;common=15,15,20,0.34285714285714286,0.34285714285714286,0.0
3029681,0,+043:+002,France,50_to_100km,zero=0;rare=1;common=9,10,18,0.4666666666666667,0.42857142857142855,-0.038095238095238126
3031418,0,+043:+002,France,50_to_100km,zero=0;rare=1;common=11,12,25,0.42105263157894735,0.43243243243243246,0.011379800853485111
3031607,0,+043:+002,France,50_to_100km,zero=0;rare=2;common=9,11,21,0.25,0.25,0.0
3032669,0,+043:+002,France,50_to_100km,zero=2;rare=3;common=10,15,25,0.10256410256410256,0.1,-0.002564102564102555
3041412,0,+043:+002,France,50_to_100km,zero=0;rare=3;common=18,21,22,0.17777777777777778,0.18604651162790697,0.00826873385012919
3042840,0,+040:+009,Italy,20_to_50km,zero=0;rare=1;common=7,8,20,0.3076923076923077,0.2857142857142857,-0.02197802197802201
3043732,0,+043:+002,France,100_to_200km,zero=0;rare=1;common=14,15,23,0.15384615384615385,0.15789473684210525,0.0040485829959514
3046055,0,+052:+012,Germany,100_to_200km,zero=0;rare=2;common=27,29,24,0.23529411764705882,0.22641509433962265,-0.008879023307436174
3047219,0,+050:+003,Belgium,20_to_50km,zero=0;rare=0;common=17,17,23,0.13333333333333333,0.15,0.016666666666666663
3047635,0,+040:+009,Italy,20_to_50km,zero=0;rare=1;common=6,7,20,0.20689655172413793,0.2222222222222222,0.015325670498084282
3050088,0,+040:+009,Italy,20_to_50km,zero=0;rare=3;common=14,17,20,0.32432432432432434,0.32432432432432434,0.0
3051256,0,+053:+006,Netherlands,20_to_50km,zero=0;rare=0;common=11,11,20,0.36363636363636365,0.3870967741935484,0.02346041055718473
3065850,0,+048:+000,France,20_to_50km,zero=0;rare=0;common=7,7,21,0.3448275862068966,0.35714285714285715,0.012315270935960576
3073596,0,+048:+005,France,20_to_50km,zero=0;rare=0;common=10,10,25,0.5142857142857142,0.5142857142857142,0.0
3074059,0,+043:+002,France,50_to_100km,zero=0;rare=0;common=15,15,21,0.4444444444444444,0.4444444444444444,0.0
3077962,0,+043:+002,France,100_to_200km,zero=0;rare=4;common=17,21,26,0.46808510638297873,0.425531914893617,-0.04255319148936171
3079348,0,+048:+000,France,50_to_100km,zero=0;rare=0;common=19,19,21,0.5,0.5,0.0
3079990,0,+043:+002,France,20_to_50km,zero=0;rare=0;common=19,19,26,0.4,0.4,0.0
3080877,0,+053:+006,Netherlands,20_to_50km,zero=0;rare=0;common=5,5,21,0.14814814814814814,0.15384615384615385,0.005698005698005715
3080980,0,+043:+002,France,50_to_100km,zero=0;rare=1;common=12,13,18,0.48484848484848486,0.5161290322580645,0.03128054740957964
3083637,0,+042:+010,Italy,100_to_200km,zero=1;rare=1;common=6,8,19,0.06896551724137931,0.07407407407407407,0.005108556832694761
3093820,0,+053:+006,Netherlands,20_to_50km,zero=0;rare=0;common=9,9,23,0.375,0.375,0.0
3095357,0,+044:+007,France,20_to_50km,zero=0;rare=6;common=22,28,24,0.2222222222222222,0.23076923076923078,0.008547008547008572
3095991,0,+043:+002,France,100_to_200km,zero=0;rare=3;common=16,19,25,0.18604651162790697,0.18181818181818182,-0.004228329809725151
3098324,0,+040:+009,Italy,20_to_50km,zero=1;rare=3;common=11,15,21,0.3783783783783784,0.3888888888888889,0.010510510510510496
3101606,0,+043:+002,France,50_to_100km,zero=0;rare=0;common=12,12,20,0.42424242424242425,0.4375,0.013257575757575746
3111817,0,+043:+002,France,50_to_100km,zero=0;rare=2;common=22,24,23,0.375,0.3829787234042553,0.007978723404255317
3116723,0,+043:+002,France,50_to_100km,zero=1;rare=1;common=8,10,24,0.1111111111111111,0.11764705882352941,0.006535947712418305
3116994,0,+049:+014,Czech Republic,20_to_50km,zero=0;rare=0;common=1,1,20,0.0,0.0,0.0
3126894,0,+040:+009,Italy,20_to_50km,zero=0;rare=3;common=11,14,21,0.23529411764705882,0.22857142857142856,-0.006722689075630256
3129843,0,+040:+009,Italy,20_to_50km,zero=2;rare=6;common=11,19,22,0.43902439024390244,0.43902439024390244,0.0
3130457,0,+043:+002,France,50_to_100km,zero=0;rare=2;common=6,8,26,0.125,0.11764705882352941,-0.00735294117647059
3139966,0,+043:+002,France,50_to_100km,zero=0;rare=0;common=23,23,27,0.5714285714285714,0.6,0.02857142857142858
3148504,0,+050:+003,France,50_to_100km,zero=0;rare=0;common=13,13,20,0.36363636363636365,0.36363636363636365,0.0
3150286,0,+043:+002,France,100_to_200km,zero=0;rare=4;common=15,19,25,0.3181818181818182,0.3181818181818182,0.0
3151110,0,+043:+002,France,50_to_100km,zero=0;rare=0;common=16,16,18,0.2777777777777778,0.29411764705882354,0.01633986928104575
3155357,0,+043:+002,France,50_to_100km,zero=0;rare=0;common=12,12,23,0.5555555555555556,0.5714285714285714,0.015873015873015817
3160200,0,+053:+006,Netherlands,20_to_50km,zero=0;rare=0;common=15,15,20,0.47058823529411764,0.45714285714285713,-0.013445378151260512
3160990,0,+043:+002,France,20_to_50km,zero=0;rare=0;common=30,30,22,0.4528301886792453,0.4230769230769231,-0.02975326560232222
3166260,0,+043:+002,France,50_to_100km,zero=0;rare=0;common=10,10,24,0.4117647058823529,0.4117647058823529,0.0
3168851,0,+045:+010,Italy,20_to_50km,zero=0;rare=12;common=32,44,28,0.08333333333333333,0.08333333333333333,0.0
3170615,0,+045:+010,Italy,20_to_50km,zero=0;rare=14;common=34,48,28,0.2894736842105263,0.2894736842105263,0.0
3171618,0,+048:+000,France,50_to_100km,zero=0;rare=0;common=6,6,21,0.4444444444444444,0.4444444444444444,0.0
3173789,0,+040:+009,Italy,20_to_50km,zero=0;rare=1;common=11,12,23,0.11764705882352941,0.17142857142857143,0.05378151260504202
3174394,0,+053:+006,Netherlands,20_to_50km,zero=0;rare=0;common=10,10,24,0.34285714285714286,0.35294117647058826,0.010084033613445398
3179958,0,+040:+009,Italy,20_to_50km,zero=0;rare=2;common=16,18,21,0.358974358974359,0.358974358974359,0.0
3181853,0,+043:+002,France,50_to_100km,zero=0;rare=0;common=4,4,21,0.15384615384615385,0.16,0.006153846153846149
3181873,0,+043:+002,France,50_to_100km,zero=0;rare=1;common=3,4,24,0.07692307692307693,0.07142857142857142,-0.005494505494505503
3183456,0,+040:+009,Italy,20_to_50km,zero=1;rare=4;common=10,15,21,0.42105263157894735,0.3888888888888889,-0.03216374269005845
3184503,0,+040:+009,Italy,20_to_50km,zero=1;rare=3;common=11,15,24,0.16216216216216217,0.15384615384615385,-0.008316008316008316
3186716,0,+048:+004,France,20_to_50km,zero=1;rare=0;common=32,33,20,0.42105263157894735,0.41509433962264153,-0.005958291956305817
3187453,0,+047:+004,France,20_to_50km,zero=0;rare=0;common=22,22,24,0.4782608695652174,0.4782608695652174,0.0
3189101,0,+045:+010,Italy,20_to_50km,zero=0;rare=9;common=21,30,29,0.26666666666666666,0.3050847457627119,0.03841807909604522
3193538,0,+040:+009,Italy,20_to_50km,zero=0;rare=4;common=11,15,21,0.22857142857142856,0.2222222222222222,-0.006349206349206354
3195207,0,+045:+010,Italy,20_to_50km,zero=2;rare=3;common=19,24,28,0.11538461538461539,0.15384615384615385,0.038461538461538464
3208578,0,+043:+002,France,100_to_200km,zero=0;rare=2;common=12,14,26,0.3076923076923077,0.25,-0.05769230769230771
3209155,0,+040:+009,Italy,20_to_50km,zero=0;rare=4;common=14,18,23,0.10526315789473684,0.14634146341463414,0.0410783055198973
3213077,0,+045:+010,Italy,20_to_50km,zero=0;rare=9;common=31,40,26,0.30303030303030304,0.3333333333333333,0.030303030303030276
3220920,0,+043:+004,France,50_to_100km,zero=3;rare=2;common=3,8,22,0.0,0.0,0.0
3222376,0,+043:+002,France,100_to_200km,zero=0;rare=3;common=11,14,25,0.25,0.2564102564102564,0.0064102564102563875
3224398,0,+048:+000,France,20_to_50km,zero=0;rare=0;common=10,10,19,0.4375,0.4827586206896552,0.045258620689655193
3226871,0,+048:+005,France,50_to_100km,zero=0;rare=0;common=25,25,26,0.6274509803921569,0.6274509803921569,0.0
3228468,0,+044:+007,France,20_to_50km,zero=0;rare=6;common=4,10,23,0.0,0.0,0.0
3230316,0,+043:+012,Italy,100_to_200km,zero=0;rare=0;common=4,4,25,0.15384615384615385,0.13793103448275862,-0.015915119363395236
3235068,0,+053:+006,Netherlands,20_to_50km,zero=0;rare=0;common=13,13,21,0.5555555555555556,0.5294117647058824,-0.02614379084967322
3235349,0,+043:+002,France,100_to_200km,zero=0;rare=2;common=1,3,21,0.0,0.0,0.0
3240801,0,+043:+002,France,100_to_200km,zero=0;rare=0;common=24,24,25,0.4166666666666667,0.40816326530612246,-0.008503401360544227
3241614,0,+047:+004,France,20_to_50km,zero=0;rare=0;common=29,29,27,0.509090909090909,0.5,-0.009090909090909038
3241712,0,+043:+002,France,50_to_100km,zero=0;rare=1;common=11,12,20,0.24242424242424243,0.25,0.007575757575757569
3243913,0,+040:+009,Italy,20_to_50km,zero=0;rare=4;common=12,16,23,0.42105263157894735,0.46153846153846156,0.04048582995951422
3253559,0,+043:+002,France,50_to_100km,zero=0;rare=0;common=17,17,20,0.6666666666666666,0.5945945945945946,-0.072072072072072
3254339,0,+048:+005,France,20_to_50km,zero=0;rare=0;common=46,46,25,0.36619718309859156,0.36619718309859156,0.0
3258655,0,+047:+004,France,20_to_50km,zero=0;rare=0;common=16,16,19,0.3157894736842105,0.34285714285714286,0.02706766917293235
3264282,0,+043:+004,France,50_to_100km,zero=0;rare=2;common=8,10,24,0.0,0.0,0.0
3265179,0,+053:+006,Netherlands,20_to_50km,zero=0;rare=0;common=13,13,24,0.3684210526315789,0.32432432432432434,-0.044096728307254585
3265188,0,+043:+002,France,20_to_50km,zero=0;rare=0;common=24,24,27,0.7058823529411765,0.7058823529411765,0.0
3265894,0,+047:+004,France,20_to_50km,zero=0;rare=0;common=5,5,21,0.2962962962962963,0.3076923076923077,0.01139601139601143
3268351,0,+053:+006,Netherlands,20_to_50km,zero=0;rare=0;common=8,8,22,0.375,0.4,0.025000000000000022
3269329,0,+043:+004,France,20_to_50km,zero=0;rare=1;common=3,4,25,0.0,0.0,0.0
3270720,0,+043:+004,France,50_to_100km,zero=2;rare=2;common=14,18,22,0.0,0.0,0.0
3272246,0,+053:+006,Netherlands,20_to_50km,zero=0;rare=0;common=4,4,20,0.15384615384615385,0.16666666666666666,0.012820512820512803
3274234,0,+043:+002,France,50_to_100km,zero=1;rare=0;common=21,22,20,0.22727272727272727,0.19047619047619047,-0.0367965367965368
3278063,0,+043:+004,France,20_to_50km,zero=1;rare=8;common=8,17,26,0.0,0.0,0.0
3279386,0,+043:+004,France,20_to_50km,zero=1;rare=1;common=4,6,24,0.07407407407407407,0.06666666666666667,-0.007407407407407404
3285466,0,+040:+009,Italy,20_to_50km,zero=1;rare=8;common=17,26,19,0.391304347826087,0.4,0.008695652173913049
3287463,0,+043:+002,France,100_to_200km,zero=1;rare=0;common=27,28,28,0.5185185185185185,0.5,-0.01851851851851849
3312219,0,+043:+004,France,20_to_50km,zero=1;rare=1;common=2,4,26,0.07142857142857142,0.06666666666666667,-0.004761904761904759
3312333,0,+049:+006,France,20_to_50km,zero=0;rare=0;common=24,24,26,0.52,0.52,0.0
3317463,0,+043:+002,France,100_to_200km,zero=0;rare=13;common=23,36,25,0.2903225806451613,0.29508196721311475,0.004759386567953439
3320162,0,+044:+007,France,20_to_50km,zero=0;rare=8;common=4,12,23,0.0,0.0,0.0
3321013,0,+043:+002,France,50_to_100km,zero=0;rare=1;common=9,10,24,0.11764705882352941,0.11764705882352941,0.0
3321096,0,+043:+002,France,50_to_100km,zero=0;rare=0;common=19,19,26,0.45454545454545453,0.4888888888888889,0.03434343434343434
3323460,0,+040:+009,Italy,20_to_50km,zero=1;rare=7;common=20,28,20,0.3333333333333333,0.375,0.041666666666666685
3323461,0,+053:+006,Netherlands,20_to_50km,zero=0;rare=0;common=12,12,21,0.47058823529411764,0.48484848484848486,0.014260249554367221
3327549,0,+043:+004,France,50_to_100km,zero=0;rare=0;common=7,7,23,0.0,0.0,0.0
3328851,0,+047:+004,France,20_to_50km,zero=0;rare=0;common=19,19,22,0.5116279069767442,0.5365853658536586,0.024957458876914362
3336324,0,+043:+004,France,50_to_100km,zero=0;rare=3;common=6,9,23,0.24242424242424243,0.25,0.007575757575757569
3338830,0,+045:+010,Italy,50_to_100km,zero=0;rare=1;common=0,1,21,0.0,0.0,0.0
3345194,0,+040:+009,Italy,20_to_50km,zero=3;rare=6;common=13,22,21,0.4090909090909091,0.4186046511627907,0.009513742071881603
3346065,0,+052:+012,Germany,100_to_200km,zero=0;rare=1;common=21,22,23,0.22727272727272727,0.2222222222222222,-0.005050505050505055
3347108,0,+043:+002,France,50_to_100km,zero=0;rare=0;common=11,11,23,0.4,0.4117647058823529,0.0117647058823529
3350205,0,+047:+004,France,20_to_50km,zero=0;rare=0;common=9,9,19,0.45161290322580644,0.5,0.04838709677419356
3352016,0,+043:+002,France,50_to_100km,zero=0;rare=1;common=21,22,25,0.4166666666666667,0.425531914893617,0.00886524822695034
3363712,0,+053:+006,Netherlands,20_to_50km,zero=0;rare=1;common=8,9,22,0.12903225806451613,0.12903225806451613,0.0
3364612,0,+053:+006,Netherlands,20_to_50km,zero=0;rare=0;common=10,10,25,0.1111111111111111,0.11428571428571428,0.003174603174603177
3367390,0,+053:+006,Netherlands,20_to_50km,zero=0;rare=0;common=10,10,25,0.3888888888888889,0.4,0.011111111111111127
3370547,0,+047:+004,France,20_to_50km,zero=0;rare=1;common=20,21,27,0.425531914893617,0.4583333333333333,0.03280141843971629
3371265,0,+040:+009,Italy,20_to_50km,zero=0;rare=4;common=17,21,21,0.43902439024390244,0.47619047619047616,0.037166085946573724
3374173,0,+045:+010,Italy,50_to_100km,zero=0;rare=2;common=21,23,25,0.23529411764705882,0.20833333333333334,-0.026960784313725478
3376766,0,+043:+002,France,50_to_100km,zero=0;rare=0;common=11,11,20,0.24242424242424243,0.25806451612903225,0.01564027370478982
3377097,0,+053:+006,Netherlands,20_to_50km,zero=0;rare=0;common=19,19,21,0.4878048780487805,0.5,0.012195121951219523
3380076,0,+043:+002,France,50_to_100km,zero=0;rare=0;common=15,15,22,0.2564102564102564,0.2702702702702703,0.013860013860013898
3382673,0,+052:+012,Germany,100_to_200km,zero=0;rare=2;common=41,43,24,0.3939393939393939,0.3880597014925373,-0.005879692446856599
3385244,0,+053:+006,Netherlands,20_to_50km,zero=0;rare=0;common=5,5,23,0.21428571428571427,0.21428571428571427,0.0
3386286,0,+053:+006,Netherlands,20_to_50km,zero=0;rare=0;common=23,23,22,0.391304347826087,0.4,0.008695652173913049
3386606,0,+053:+006,Netherlands,20_to_50km,zero=0;rare=0;common=16,16,21,0.5263157894736842,0.5405405405405406,0.01422475106685639
3394046,0,+040:+009,Italy,20_to_50km,zero=2;rare=1;common=5,8,19,0.14285714285714285,0.14814814814814814,0.005291005291005291
3397417,0,+040:+009,Italy,20_to_50km,zero=0;rare=2;common=9,11,21,0.30303030303030304,0.3125,0.009469696969696961
3401987,0,+043:+004,France,20_to_50km,zero=2;rare=2;common=2,6,24,0.06666666666666667,0.06666666666666667,0.0
3403239,0,+040:+009,Italy,20_to_50km,zero=0;rare=4;common=9,13,21,0.30303030303030304,0.35294117647058826,0.04991087344028522
3403699,0,+047:+004,France,20_to_50km,zero=0;rare=0;common=27,27,26,0.5283018867924528,0.5283018867924528,0.0
3412885,0,+043:+002,France,50_to_100km,zero=0;rare=0;common=15,15,29,0.6046511627906976,0.5909090909090909,-0.013742071881606699
3425724,0,+040:+009,Italy,20_to_50km,zero=1;rare=1;common=11,13,24,0.17142857142857143,0.2702702702702703,0.09884169884169886
3430149,0,+043:+002,France,50_to_100km,zero=0;rare=1;common=9,10,22,0.1875,0.25,0.0625
3434347,0,+040:+009,Italy,20_to_50km,zero=0;rare=5;common=10,15,21,0.43243243243243246,0.4444444444444444,0.012012012012011963
3435654,0,+043:+002,France,20_to_50km,zero=0;rare=0;common=7,7,25,0.4375,0.4375,0.0
3437444,0,+048:+005,France,20_to_50km,zero=0;rare=0;common=9,9,26,0.34285714285714286,0.34285714285714286,0.0
3438745,0,+053:+006,Netherlands,20_to_50km,zero=0;rare=0;common=4,4,23,0.14285714285714285,0.14814814814814814,0.005291005291005291
3441914,0,+043:+002,France,50_to_100km,zero=0;rare=2;common=15,17,23,0.3333333333333333,0.35,0.016666666666666663
3442464,0,+040:+009,Italy,20_to_50km,zero=7;rare=6;common=13,26,21,0.13043478260869565,0.1702127659574468,0.039777983348751156
3442818,0,+053:+006,Netherlands,20_to_50km,zero=0;rare=0;common=10,10,21,0.3125,0.3225806451612903,0.010080645161290314
3443015,0,+043:+004,France,50_to_100km,zero=5;rare=1;common=2,8,19,0.0,0.0,0.0
3445857,0,+043:+002,France,50_to_100km,zero=0;rare=1;common=4,5,19,0.24,0.25,0.010000000000000009
3447772,0,+048:+000,France,20_to_50km,zero=0;rare=0;common=9,9,18,0.4827586206896552,0.5185185185185185,0.035759897828863296
3449701,0,+043:+002,France,20_to_50km,zero=0;rare=0;common=26,26,24,0.43137254901960786,0.44,0.008627450980392137
3454767,0,+048:+004,France,20_to_50km,zero=0;rare=0;common=9,9,21,0.3225806451612903,0.3333333333333333,0.010752688172043001
3459372,0,+048:-004,France,50_to_100km,zero=0;rare=0;common=21,21,20,0.4878048780487805,0.4878048780487805,0.0
3462307,0,+053:+006,Netherlands,20_to_50km,zero=0;rare=0;common=12,12,23,0.17142857142857143,0.17142857142857143,0.0
3465327,0,+040:+009,Italy,20_to_50km,zero=0;rare=4;common=1,5,20,0.0,0.0,0.0
3467655,0,+053:+006,Netherlands,20_to_50km,zero=0;rare=0;common=14,14,21,0.3783783783783784,0.4,0.021621621621621623
3474589,0,+052:+012,Germany,100_to_200km,zero=0;rare=1;common=30,31,24,0.2641509433962264,0.32727272727272727,0.06312178387650086
3486668,0,+040:+009,Italy,20_to_50km,zero=0;rare=6;common=16,22,20,0.47619047619047616,0.47619047619047616,0.0
3487650,0,+043:+002,France,50_to_100km,zero=0;rare=0;common=8,8,23,0.4375,0.45161290322580644,0.014112903225806439
3495553,0,+043:+002,France,50_to_100km,zero=1;rare=3;common=20,24,21,0.20833333333333334,0.2222222222222222,0.013888888888888867
3501780,0,+047:+004,France,20_to_50km,zero=0;rare=0;common=7,7,23,0.45161290322580644,0.4666666666666667,0.015053763440860235
3501811,0,+053:+006,Netherlands,20_to_50km,zero=0;rare=0;common=10,10,25,0.2777777777777778,0.2857142857142857,0.007936507936507908
3508869,0,+043:+002,France,100_to_200km,zero=0;rare=2;common=0,2,26,0.0,0.0,0.0
3517174,0,+050:+003,France,50_to_100km,zero=0;rare=0;common=24,24,17,0.5238095238095238,0.5365853658536586,0.012775842044134733
3517436,0,+040:+009,Italy,20_to_50km,zero=1;rare=5;common=9,15,21,0.4444444444444444,0.4444444444444444,0.0
3520539,0,+043:+012,Italy,50_to_100km,zero=0;rare=3;common=12,15,22,0.3783783783783784,0.3783783783783784,0.0
3521693,0,+043:+002,France,100_to_200km,zero=0;rare=2;common=20,22,27,0.3829787234042553,0.40816326530612246,0.02518454190186714
3522744,0,+053:+006,Netherlands,20_to_50km,zero=0;rare=0;common=13,13,22,0.5945945945945946,0.6285714285714286,0.03397683397683393
3531401,0,+043:+002,France,50_to_100km,zero=0;rare=1;common=33,34,26,0.4067796610169492,0.43333333333333335,0.02655367231638417
3533384,0,+043:+002,France,50_to_100km,zero=0;rare=0;common=27,27,21,0.44,0.375,-0.065
3540388,0,+043:+004,France,20_to_50km,zero=2;rare=3;common=3,8,28,0.0,0.0,0.0
3545330,0,+043:+012,Italy,50_to_100km,zero=0;rare=2;common=14,16,23,0.47368421052631576,0.5128205128205128,0.03913630229419701
3545834,0,+050:+003,France,50_to_100km,zero=0;rare=0;common=16,16,18,0.5142857142857142,0.47058823529411764,-0.043697478991596594
3547062,0,+048:+005,France,20_to_50km,zero=0;rare=0;common=14,14,23,0.3684210526315789,0.3783783783783784,0.009957325746799472
3547503,0,+040:+009,Italy,20_to_50km,zero=0;rare=2;common=10,12,23,0.11428571428571428,0.22857142857142856,0.11428571428571428
3548096,0,+043:+002,France,100_to_200km,zero=0;rare=6;common=19,25,23,0.2553191489361702,0.25,-0.005319148936170193
3548675,0,+043:+002,France,100_to_200km,zero=0;rare=4;common=14,18,25,0.36363636363636365,0.37209302325581395,0.008456659619450302
3551008,0,+043:+002,France,100_to_200km,zero=2;rare=8;common=12,22,27,0.25,0.24489795918367346,-0.005102040816326536
3558939,0,+047:+004,France,20_to_50km,zero=0;rare=0;common=10,10,22,0.35294117647058826,0.3125,-0.04044117647058826
3560914,0,+053:+006,Netherlands,20_to_50km,zero=0;rare=0;common=5,5,24,0.13333333333333333,0.13793103448275862,0.004597701149425287
3561935,0,+040:+009,Italy,20_to_50km,zero=0;rare=1;common=11,12,23,0.125,0.17142857142857143,0.04642857142857143
3563873,0,+053:+006,Netherlands,20_to_50km,zero=0;rare=0;common=6,6,21,0.14285714285714285,0.14814814814814814,0.005291005291005291
3564659,0,+053:+006,Netherlands,20_to_50km,zero=0;rare=0;common=10,10,23,0.11764705882352941,0.12121212121212122,0.0035650623885918054
3568909,0,+053:+006,Netherlands,20_to_50km,zero=0;rare=1;common=1,2,23,0.0,0.0,0.0
3571574,0,+048:+005,France,20_to_50km,zero=0;rare=0;common=43,43,23,0.3333333333333333,0.3333333333333333,0.0
3574150,0,+043:+004,France,50_to_100km,zero=1;rare=8;common=7,16,25,0.09523809523809523,0.0975609756097561,0.002322880371660868
3574186,0,+053:+006,Netherlands,20_to_50km,zero=0;rare=0;common=22,22,25,0.5416666666666666,0.5106382978723404,-0.031028368794326244
3574444,0,+048:+005,France,20_to_50km,zero=0;rare=0;common=25,25,25,0.40816326530612246,0.44,0.031836734693877544
3582252,0,+050:+003,France,50_to_100km,zero=0;rare=1;common=26,27,21,0.425531914893617,0.4166666666666667,-0.00886524822695034
3585931,0,+043:+002,France,100_to_200km,zero=1;rare=2;common=4,7,26,0.06060606060606061,0.06060606060606061,0.0
3587922,0,+048:+000,France,20_to_50km,zero=0;rare=0;common=6,6,21,0.37037037037037035,0.37037037037037035,0.0
3590366,0,+043:+002,France,20_to_50km,zero=0;rare=0;common=16,16,25,0.5714285714285714,0.5365853658536586,-0.03484320557491283
3592621,0,+040:+009,Italy,20_to_50km,zero=1;rare=4;common=11,16,21,0.21621621621621623,0.2702702702702703,0.05405405405405406
3599501,0,+043:+002,France,50_to_100km,zero=0;rare=0;common=8,8,21,0.26666666666666666,0.27586206896551724,0.009195402298850575
3602548,0,+048:+000,France,20_to_50km,zero=0;rare=0;common=10,10,19,0.6,0.5517241379310345,-0.0482758620689655
3602922,0,+043:+002,France,50_to_100km,zero=0;rare=1;common=9,10,24,0.11764705882352941,0.11764705882352941,0.0
3603857,0,+050:+003,France,50_to_100km,zero=0;rare=1;common=16,17,19,0.05263157894736842,0.05555555555555555,0.0029239766081871343
3614020,0,+040:+009,Italy,20_to_50km,zero=1;rare=3;common=9,13,21,0.12121212121212122,0.23529411764705882,0.1140819964349376
3615588,0,+043:+004,France,20_to_50km,zero=1;rare=3;common=6,10,23,0.13333333333333333,0.12121212121212122,-0.012121212121212116
3620306,0,+040:+009,Italy,20_to_50km,zero=0;rare=2;common=11,13,24,0.11428571428571428,0.16216216216216217,0.04787644787644789
3625007,0,+043:+002,France,100_to_200km,zero=1;rare=10;common=7,18,26,0.046511627906976744,0.09090909090909091,0.04439746300211417
3627845,0,+050:+003,France,50_to_100km,zero=0;rare=0;common=26,26,19,0.30434782608695654,0.3111111111111111,0.006763285024154575
3628669,0,+043:+004,France,50_to_100km,zero=3;rare=4;common=7,14,21,0.05405405405405406,0.05714285714285714,0.003088803088803084
3629880,0,+047:+004,France,20_to_50km,zero=0;rare=1;common=30,31,27,0.49122807017543857,0.4827586206896552,-0.008469449485783376
3630252,0,+044:+007,France,20_to_50km,zero=2;rare=1;common=16,19,25,0.13636363636363635,0.13636363636363635,0.0
3639236,0,+040:+009,Italy,20_to_50km,zero=0;rare=4;common=10,14,21,0.4117647058823529,0.4,-0.0117647058823529
3640982,0,+047:+004,France,20_to_50km,zero=0;rare=0;common=22,22,21,0.5333333333333333,0.5116279069767442,-0.02170542635658912
3642991,0,+053:+006,Netherlands,20_to_50km,zero=0;rare=0;common=15,15,21,0.5405405405405406,0.5555555555555556,0.01501501501501501
3648700,0,+043:+002,France,50_to_100km,zero=0;rare=0;common=30,30,20,0.28,0.32,0.03999999999999998
3650726,0,+040:+009,Italy,20_to_50km,zero=1;rare=2;common=1,4,20,0.0,0.0,0.0
3655843,0,+043:+004,France,50_to_100km,zero=5;rare=1;common=2,8,22,0.07142857142857142,0.06666666666666667,-0.004761904761904759
3655938,0,+043:+002,France,50_to_100km,zero=0;rare=2;common=7,9,26,0.12121212121212122,0.11428571428571428,-0.006926406926406933
3657791,0,+043:+004,France,50_to_100km,zero=0;rare=3;common=2,5,18,0.0,0.0,0.0
3659682,0,+043:+002,France,50_to_100km,zero=1;rare=2;common=15,18,25,0.2727272727272727,0.27906976744186046,0.006342494714587754
3661013,0,+044:+007,France,20_to_50km,zero=1;rare=7;common=23,31,26,0.1694915254237288,0.14035087719298245,-0.029140648230746358
3662763,0,+040:+009,Italy,20_to_50km,zero=1;rare=2;common=11,14,22,0.2222222222222222,0.2222222222222222,0.0
3663922,0,+043:+004,France,50_to_100km,zero=2;rare=11;common=13,26,22,0.04,0.041666666666666664,0.0016666666666666635
3665448,0,+046:-003,France,50_to_100km,zero=1;rare=1;common=2,4,23,0.07142857142857142,0.07407407407407407,0.0026455026455026454
3675581,0,+052:+012,Germany,100_to_200km,zero=0;rare=0;common=43,43,26,0.26865671641791045,0.2608695652173913,-0.007787151200519149
3676357,0,+040:+009,Italy,20_to_50km,zero=0;rare=2;common=7,9,20,0.26666666666666666,0.27586206896551724,0.009195402298850575
3677032,0,+043:+002,France,50_to_100km,zero=0;rare=0;common=11,11,19,0.625,0.6666666666666666,0.04166666666666663
3677505,0,+053:+006,Netherlands,20_to_50km,zero=0;rare=0;common=6,6,25,0.1875,0.1935483870967742,0.006048387096774188
3681700,0,+040:+009,Italy,20_to_50km,zero=0;rare=4;common=15,19,21,0.35,0.35,0.0
3681855,0,+043:+002,France,50_to_100km,zero=0;rare=0;common=8,8,22,0.3225806451612903,0.3333333333333333,0.010752688172043001
3687046,0,+053:+006,Netherlands,20_to_50km,zero=0;rare=1;common=11,12,21,0.11764705882352941,0.12121212121212122,0.0035650623885918054
3691714,0,+043:+002,France,100_to_200km,zero=0;rare=8;common=10,18,22,0.13953488372093023,0.1,-0.039534883720930225
3705838,0,+043:+004,France,50_to_100km,zero=0;rare=4;common=8,12,21,0.0,0.0,0.0
3708507,0,+043:+004,France,50_to_100km,zero=2;rare=11;common=14,27,24,0.11764705882352941,0.11764705882352941,0.0
3709964,0,+049:+006,France,20_to_50km,zero=0;rare=0;common=27,27,26,0.5098039215686274,0.49056603773584906,-0.019237883832778357
3711168,0,+043:+002,France,50_to_100km,zero=0;rare=0;common=14,14,22,0.3888888888888889,0.3888888888888889,0.0
3711693,0,+043:+002,France,50_to_100km,zero=0;rare=0;common=10,10,23,0.35294117647058826,0.36363636363636365,0.010695187165775388
3711861,0,+040:+009,Italy,20_to_50km,zero=0;rare=5;common=7,12,20,0.375,0.375,0.0
3715951,0,+053:+006,Netherlands,20_to_50km,zero=0;rare=0;common=6,6,24,0.3125,0.3333333333333333,0.020833333333333315
3717265,0,+043:+002,France,50_to_100km,zero=0;rare=0;common=7,7,21,0.27586206896551724,0.2857142857142857,0.009852216748768461
3723367,0,+048:+005,France,20_to_50km,zero=0;rare=0;common=26,26,26,0.5,0.5,0.0
3727042,0,+043:+004,France,20_to_50km,zero=0;rare=1;common=3,4,24,0.16666666666666666,0.14285714285714285,-0.023809523809523808
3729707,0,+053:+006,Netherlands,20_to_50km,zero=0;rare=0;common=4,4,22,0.07407407407407407,0.07692307692307693,0.0028490028490028574
3739761,0,+052:+012,Germany,100_to_200km,zero=0;rare=0;common=42,42,25,0.3939393939393939,0.3880597014925373,-0.005879692446856599
3741644,0,+040:+009,Italy,20_to_50km,zero=0;rare=6;common=15,21,20,0.1951219512195122,0.1951219512195122,0.0
3745969,0,+043:+002,France,100_to_200km,zero=0;rare=7;common=20,27,26,0.1509433962264151,0.1509433962264151,0.0
3746237,0,+045:+010,Italy,20_to_50km,zero=0;rare=5;common=25,30,26,0.10344827586206896,0.10714285714285714,0.003694581280788173
3746708,0,+043:+004,France,20_to_50km,zero=0;rare=2;common=1,3,23,0.08695652173913043,0.07692307692307693,-0.010033444816053505
3747012,0,+043:+004,France,50_to_100km,zero=0;rare=5;common=16,21,24,0.26666666666666666,0.26666666666666666,0.0
3747134,0,+053:+006,Netherlands,20_to_50km,zero=0;rare=0;common=8,8,22,0.25,0.26666666666666666,0.016666666666666663
3747527,0,+048:+005,France,20_to_50km,zero=0;rare=0;common=35,35,26,0.45901639344262296,0.4918032786885246,0.03278688524590162
3752795,0,+043:+002,France,50_to_100km,zero=1;rare=0;common=19,20,20,0.25,0.3,0.04999999999999999
3755783,0,+043:+002,France,50_to_100km,zero=1;rare=6;common=31,38,25,0.15873015873015872,0.15873015873015872,0.0
3756001,0,+043:+002,France,50_to_100km,zero=0;rare=0;common=24,24,21,0.2553191489361702,0.26666666666666666,0.01134751773049647
3761112,0,+043:+004,France,50_to_100km,zero=0;rare=3;common=1,4,22,0.0,0.0,0.0
3766313,0,+053:+006,Netherlands,20_to_50km,zero=0;rare=0;common=16,16,22,0.2631578947368421,0.2631578947368421,0.0
3768190,0,+043:+002,France,50_to_100km,zero=0;rare=4;common=18,22,26,0.0425531914893617,0.041666666666666664,-0.0008865248226950367
3769480,0,+053:+006,Netherlands,20_to_50km,zero=0;rare=0;common=15,15,24,0.46153846153846156,0.46153846153846156,0.0
3770530,0,+048:+005,France,20_to_50km,zero=0;rare=0;common=24,24,22,0.3829787234042553,0.391304347826087,0.008325624421831657
3775922,0,+049:+006,France,20_to_50km,zero=0;rare=4;common=32,36,28,0.4444444444444444,0.46875,0.02430555555555558
3776410,0,+040:+009,Italy,20_to_50km,zero=1;rare=3;common=7,11,19,0.06451612903225806,0.06666666666666667,0.002150537634408603
3778096,0,+040:+009,Italy,20_to_50km,zero=6;rare=5;common=15,26,24,0.043478260869565216,0.12,0.07652173913043478
3782457,0,+043:+004,France,20_to_50km,zero=2;rare=4;common=9,15,21,0.05405405405405406,0.05555555555555555,0.0015015015015014954
3783940,0,+053:+006,Netherlands,20_to_50km,zero=0;rare=0;common=5,5,22,0.0,0.0,0.0
3786583,0,+048:+005,France,20_to_50km,zero=0;rare=0;common=19,19,25,0.18181818181818182,0.22727272727272727,0.04545454545454544
3788271,0,+043:+002,France,50_to_100km,zero=1;rare=1;common=22,24,25,0.28,0.2857142857142857,0.005714285714285672
3790470,0,+043:+002,France,50_to_100km,zero=0;rare=0;common=14,14,24,0.3157894736842105,0.3157894736842105,0.0
3791223,0,+043:+002,France,50_to_100km,zero=0;rare=0;common=17,17,18,0.43243243243243246,0.45714285714285713,0.024710424710424672
3793760,0,+043:+002,France,100_to_200km,zero=0;rare=2;common=3,5,25,0.0,0.0,0.0
3794661,0,+040:+009,Italy,20_to_50km,zero=0;rare=3;common=11,14,21,0.3888888888888889,0.4,0.011111111111111127
3797361,0,+049:+006,France,20_to_50km,zero=0;rare=1;common=40,41,24,0.3076923076923077,0.3076923076923077,0.0
3800489,0,+043:+004,France,50_to_100km,zero=0;rare=7;common=17,24,27,0.041666666666666664,0.0392156862745098,-0.002450980392156861
3801401,0,+043:+002,France,50_to_100km,zero=0;rare=3;common=4,7,25,0.0,0.0,0.0
3803292,0,+040:+009,Italy,20_to_50km,zero=1;rare=5;common=10,16,23,0.10526315789473684,0.20512820512820512,0.09986504723346828
3817976,0,+043:+002,France,100_to_200km,zero=0;rare=4;common=13,17,22,0.05128205128205128,0.05128205128205128,0.0
3819687,0,+053:+006,Netherlands,20_to_50km,zero=0;rare=0;common=8,8,22,0.2,0.2,0.0
3821263,0,+043:+012,Italy,100_to_200km,zero=0;rare=0;common=12,12,24,0.5,0.5,0.0
3822717,0,+047:+004,France,20_to_50km,zero=0;rare=0;common=12,12,21,0.47058823529411764,0.42424242424242425,-0.046345811051693386
3823440,0,+040:+009,Italy,20_to_50km,zero=0;rare=2;common=10,12,20,0.5882352941176471,0.625,0.03676470588235292
3827752,0,+053:+006,Netherlands,20_to_50km,zero=0;rare=0;common=9,9,21,0.3225806451612903,0.3333333333333333,0.010752688172043001
3833702,0,+048:+005,France,20_to_50km,zero=0;rare=0;common=14,14,27,0.45,0.43902439024390244,-0.01097560975609757
3838131,0,+040:+009,Italy,20_to_50km,zero=0;rare=2;common=13,15,22,0.11428571428571428,0.16216216216216217,0.04787644787644789
3839301,0,+044:+007,France,20_to_50km,zero=0;rare=2;common=11,13,21,0.22857142857142856,0.23529411764705882,0.006722689075630256
3839435,0,+050:+003,France,50_to_100km,zero=0;rare=0;common=24,24,18,0.5238095238095238,0.5238095238095238,0.0
3839499,0,+047:+004,France,20_to_50km,zero=0;rare=0;common=14,14,21,0.3888888888888889,0.4,0.011111111111111127
3841655,0,+047:+004,France,20_to_50km,zero=0;rare=0;common=17,17,20,0.5128205128205128,0.4864864864864865,-0.02633402633402626
3845589,0,+047:+004,France,20_to_50km,zero=0;rare=0;common=16,16,22,0.5263157894736842,0.5263157894736842,0.0
3854170,0,+048:+004,France,20_to_50km,zero=0;rare=0;common=26,26,25,0.5,0.5098039215686274,0.009803921568627416
3854703,0,+053:+006,Netherlands,20_to_50km,zero=0;rare=0;common=12,12,22,0.22857142857142856,0.23529411764705882,0.006722689075630256
3862139,0,+044:+007,France,20_to_50km,zero=0;rare=5;common=16,21,25,0.3404255319148936,0.34782608695652173,0.007400555041628121
3866251,0,+049:+006,Luxembourg,50_to_100km,zero=0;rare=0;common=27,27,24,0.43137254901960786,0.43137254901960786,0.0
3866975,0,+043:+002,France,50_to_100km,zero=0;rare=0;common=5,5,23,0.13793103448275862,0.14285714285714285,0.0049261083743842304
3868091,0,+047:+004,France,20_to_50km,zero=0;rare=0;common=16,16,27,0.38095238095238093,0.4186046511627907,0.03765227021040979
3869406,0,+047:+004,France,20_to_50km,zero=0;rare=0;common=17,17,26,0.6046511627906976,0.6046511627906976,0.0
3875888,0,+043:+002,France,50_to_100km,zero=0;rare=3;common=10,13,22,0.23529411764705882,0.2857142857142857,0.05042016806722688
3876692,0,+043:+004,France,50_to_100km,zero=0;rare=3;common=9,12,22,0.2777777777777778,0.23529411764705882,-0.04248366013071897
3878233,0,+053:+006,Netherlands,20_to_50km,zero=1;rare=0;common=7,8,22,0.0,0.0,0.0
3883789,0,+053:+006,Netherlands,20_to_50km,zero=0;rare=0;common=8,8,22,0.3225806451612903,0.3333333333333333,0.010752688172043001
3884447,0,+040:+009,Italy,20_to_50km,zero=2;rare=4;common=13,19,23,0.24390243902439024,0.2857142857142857,0.04181184668989546
3888840,0,+040:+009,Italy,20_to_50km,zero=0;rare=4;common=10,14,23,0.5,0.4864864864864865,-0.013513513513513487
3888933,0,+043:+004,France,20_to_50km,zero=0;rare=1;common=3,4,24,0.0,0.0,0.0
3890448,0,+043:+004,France,50_to_100km,zero=0;rare=4;common=1,5,21,0.0,0.0,0.0
3892435,0,+043:+002,France,50_to_100km,zero=0;rare=1;common=6,7,25,0.0,0.0,0.0
3895951,0,+043:+002,France,50_to_100km,zero=0;rare=1;common=12,13,22,0.32432432432432434,0.34285714285714286,0.018532818532818518
3900089,0,+053:+006,Netherlands,20_to_50km,zero=0;rare=0;common=16,16,25,0.42857142857142855,0.43902439024390244,0.010452961672473893
3905750,0,+040:+009,Italy,20_to_50km,zero=0;rare=3;common=1,4,22,0.0,0.0,0.0
3907609,0,+043:+002,France,100_to_200km,zero=0;rare=4;common=12,16,29,0.4090909090909091,0.35555555555555557,-0.05353535353535355
3907824,0,+053:+006,Netherlands,20_to_50km,zero=0;rare=0;common=14,14,23,0.5263157894736842,0.5405405405405406,0.01422475106685639
3911263,0,+043:+004,France,50_to_100km,zero=5;rare=2;common=4,11,20,0.06060606060606061,0.06451612903225806,0.003910068426197455
3911577,0,+049:+006,France,20_to_50km,zero=0;rare=1;common=26,27,27,0.49056603773584906,0.48148148148148145,-0.009084556254367604
3918699,0,+048:+005,France,50_to_100km,zero=0;rare=0;common=35,35,25,0.5084745762711864,0.5,-0.008474576271186418
212,1,+043:+003,France,100_to_200km,zero=0;rare=4;common=12,16,24,0.5,0.5,0.0
1910,1,+054:+012,Denmark,20_to_50km,zero=0;rare=0;common=2,2,18,0.18181818181818182,0.1,-0.08181818181818182
2472,1,+043:+003,France,50_to_100km,zero=1;rare=0;common=5,6,23,0.0,0.0,0.0
2599,1,+037:+012,Italy,50_to_100km,zero=0;rare=5;common=8,13,27,0.10526315789473684,0.1,-0.005263157894736831
8291,1,+054:+012,Denmark,20_to_50km,zero=0;rare=0;common=15,15,21,0.2702702702702703,0.2777777777777778,0.007507507507507505
9472,1,+037:+012,Italy,50_to_100km,zero=2;rare=2;common=4,8,27,0.17142857142857143,0.17142857142857143,0.0
13889,1,+049:+004,France,50_to_100km,zero=0;rare=0;common=20,20,24,0.17391304347826086,0.18181818181818182,0.007905138339920958
14316,1,+043:+003,France,50_to_100km,zero=0;rare=2;common=0,2,23,0.0,0.0,0.0
14583,1,+043:+003,France,50_to_100km,zero=0;rare=1;common=11,12,22,0.45714285714285713,0.47058823529411764,0.013445378151260512
17390,1,+046:+023,Romania,100_to_200km,zero=1;rare=1;common=27,29,31,0.45901639344262296,0.4666666666666667,0.007650273224043713
18219,1,+043:+006,France,20_to_50km,zero=0;rare=0;common=10,10,24,0.125,0.11764705882352941,-0.00735294117647059
18667,1,+043:+006,France,50_to_100km,zero=0;rare=4;common=6,10,26,0.17142857142857143,0.16666666666666666,-0.004761904761904773
22036,1,+043:+003,France,50_to_100km,zero=0;rare=1;common=0,1,23,0.0,0.0,0.0
22152,1,+043:+003,France,50_to_100km,zero=0;rare=1;common=0,1,23,0.0,0.0,0.0
24175,1,+049:+005,Belgium,100_to_200km,zero=0;rare=1;common=57,58,21,0.15,0.1518987341772152,0.0018987341772152
28482,1,+043:+006,France,50_to_100km,zero=1;rare=1;common=4,6,26,0.06451612903225806,0.0625,-0.0020161290322580627
28970,1,+043:+006,France,50_to_100km,zero=0;rare=1;common=18,19,20,0.42105263157894735,0.41025641025641024,-0.010796221322537103
29773,1,+043:+006,France,50_to_100km,zero=0;rare=5;common=14,19,21,0.3902439024390244,0.4,0.009756097560975618
30393,1,+046:+023,Romania,100_to_200km,zero=0;rare=3;common=1,4,25,0.0,0.0,0.0
30699,1,+043:+003,France,50_to_100km,zero=0;rare=1;common=0,1,22,0.0,0.0,0.0
31580,1,+047:+005,France,50_to_100km,zero=0;rare=0;common=22,22,24,0.4583333333333333,0.4782608695652174,0.01992753623188409
32331,1,+055:+010,Denmark,20_to_50km,zero=0;rare=1;common=19,20,22,0.4090909090909091,0.42857142857142855,0.01948051948051943
33734,1,+037:+012,Italy,50_to_100km,zero=0;rare=6;common=7,13,28,0.24390243902439024,0.24390243902439024,0.0
35167,1,+043:+003,France,50_to_100km,zero=0;rare=2;common=2,4,22,0.0,0.0,0.0
35654,1,+046:+023,Romania,100_to_200km,zero=1;rare=2;common=22,25,31,0.3157894736842105,0.32142857142857145,0.005639097744360944
36760,1,+055:+010,Denmark,20_to_50km,zero=0;rare=0;common=34,34,24,0.5172413793103449,0.5172413793103449,0.0
39591,1,+043:+003,France,50_to_100km,zero=0;rare=2;common=0,2,23,0.0,0.0,0.0
39851,1,+054:+012,Denmark,20_to_50km,zero=0;rare=0;common=18,18,24,0.27906976744186046,0.2857142857142857,0.006644518272425237
41790,1,+045:+000,France,20_to_50km,zero=0;rare=0;common=15,15,27,0.4186046511627907,0.42857142857142855,0.009966777408637828
44879,1,+047:+005,France,50_to_100km,zero=0;rare=1;common=28,29,24,0.4074074074074074,0.41509433962264153,0.0076869322152341435
48170,1,+046:+023,Romania,100_to_200km,zero=2;rare=7;common=47,56,31,0.3409090909090909,0.3448275862068966,0.003918495297805691
51654,1,+043:+003,France,50_to_100km,zero=7;rare=4;common=1,12,24,0.0,0.0,0.0
53222,1,+055:+010,Denmark,20_to_50km,zero=0;rare=0;common=22,22,23,0.26666666666666666,0.26666666666666666,0.0
53913,1,+045:+000,France,20_to_50km,zero=0;rare=0;common=26,26,28,0.7037037037037037,0.7037037037037037,0.0
54498,1,+049:+015,Czech Republic,20_to_50km,zero=0;rare=4;common=26,30,27,0.14285714285714285,0.17543859649122806,0.03258145363408521
56890,1,+043:+006,France,50_to_100km,zero=0;rare=5;common=14,19,27,0.4444444444444444,0.43478260869565216,-0.009661835748792258
59155,1,+037:+012,Italy,50_to_100km,zero=1;rare=9;common=9,19,23,0.10256410256410256,0.09523809523809523,-0.007326007326007328
60800,1,+043:+006,France,50_to_100km,zero=1;rare=2;common=5,8,24,0.0625,0.0625,0.0
64346,1,+045:+000,France,20_to_50km,zero=0;rare=0;common=24,24,19,0.45454545454545453,0.4186046511627907,-0.03594080338266381
66813,1,+045:+003,France,50_to_100km,zero=0;rare=0;common=9,9,24,0.36363636363636365,0.36363636363636365,0.0
70169,1,+046:+023,Romania,100_to_200km,zero=0;rare=2;common=10,12,26,0.0,0.0,0.0
76017,1,+043:+003,France,50_to_100km,zero=4;rare=5;common=3,12,25,0.05555555555555555,0.05405405405405406,-0.0015015015015014954
82200,1,+043:+006,France,50_to_100km,zero=1;rare=2;common=13,16,25,0.21052631578947367,0.24390243902439024,0.033376123234916566
82255,1,+049:+004,France,50_to_100km,zero=0;rare=1;common=29,30,27,0.38596491228070173,0.38596491228070173,0.0
82405,1,+043:+003,France,100_to_200km,zero=0;rare=5;common=15,20,26,0.43478260869565216,0.391304347826087,-0.04347826086956519
86765,1,+054:+012,Denmark,20_to_50km,zero=0;rare=0;common=9,9,19,0.14814814814814814,0.14285714285714285,-0.005291005291005291
88389,1,+043:+006,France,50_to_100km,zero=6;rare=10;common=25,41,24,0.0,0.0,0.0
89625,1,+055:+010,Denmark,20_to_50km,zero=0;rare=0;common=20,20,21,0.5581395348837209,0.5365853658536586,-0.021554169030062353
90274,1,+045:+003,France,50_to_100km,zero=0;rare=2;common=34,36,24,0.3333333333333333,0.3333333333333333,0.0
90744,1,+037:+012,Italy,50_to_100km,zero=3;rare=2;common=6,11,24,0.12121212121212122,0.11428571428571428,-0.006926406926406933
93298,1,+049:+005,France,20_to_50km,zero=0;rare=1;common=27,28,25,0.4074074074074074,0.41509433962264153,0.0076869322152341435
93753,1,+045:+003,France,50_to_100km,zero=0;rare=0;common=25,25,27,0.5384615384615384,0.5384615384615384,0.0
94999,1,+055:+010,Denmark,20_to_50km,zero=0;rare=0;common=15,15,20,0.2702702702702703,0.2857142857142857,0.015444015444015413
96137,1,+042:+011,Italy,100_to_200km,zero=7;rare=2;common=3,12,21,0.0,0.0,0.0
96854,1,+045:+003,France,50_to_100km,zero=0;rare=1;common=23,24,26,0.36,0.36,0.0
99421,1,+045:+003,France,50_to_100km,zero=0;rare=1;common=27,28,22,0.28,0.28,0.0
100799,1,+055:+010,Denmark,20_to_50km,zero=0;rare=0;common=29,29,22,0.5,0.5098039215686274,0.009803921568627416
103737,1,+043:+006,France,50_to_100km,zero=1;rare=3;common=8,12,25,0.16666666666666666,0.16216216216216217,-0.004504504504504486
104392,1,+049:+005,France,50_to_100km,zero=0;rare=0;common=12,12,18,0.4375,0.4,-0.03749999999999998
110579,1,+045:+003,France,20_to_50km,zero=0;rare=0;common=28,28,27,0.48148148148148145,0.509090909090909,0.027609427609427584
111856,1,+055:+010,Denmark,20_to_50km,zero=0;rare=0;common=4,4,26,0.24242424242424243,0.26666666666666666,0.024242424242424232
117459,1,+049:+005,France,50_to_100km,zero=0;rare=0;common=15,15,21,0.46153846153846156,0.4444444444444444,-0.017094017094017144
119846,1,+042:+011,Italy,100_to_200km,zero=0;rare=0;common=5,5,21,0.16,0.15384615384615385,-0.006153846153846149
122084,1,+043:+003,France,50_to_100km,zero=0;rare=1;common=0,1,23,0.0,0.0,0.0
122674,1,+043:+006,France,20_to_50km,zero=0;rare=0;common=14,14,28,0.2,0.19047619047619047,-0.009523809523809545
124964,1,+042:+011,Italy,100_to_200km,zero=0;rare=2;common=5,7,24,0.0,0.0,0.0
125179,1,+055:+010,Denmark,20_to_50km,zero=0;rare=0;common=30,30,23,0.46153846153846156,0.49056603773584906,0.029027576197387495
126058,1,+043:+006,France,50_to_100km,zero=2;rare=5;common=7,14,29,0.047619047619047616,0.046511627906976744,-0.0011074197120708729
126782,1,+043:+003,France,50_to_100km,zero=0;rare=2;common=0,2,23,0.0,0.0,0.0
126906,1,+046:+023,Romania,100_to_200km,zero=0;rare=3;common=10,13,24,0.0,0.0,0.0
128045,1,+043:+003,France,50_to_100km,zero=4;rare=3;common=2,9,20,0.06896551724137931,0.06896551724137931,0.0
128092,1,+037:+012,Italy,20_to_50km,zero=3;rare=3;common=4,10,19,0.13333333333333333,0.13793103448275862,0.004597701149425287
130819,1,+043:+003,France,100_to_200km,zero=0;rare=3;common=12,15,22,0.47368421052631576,0.43243243243243246,-0.04125177809388331
133784,1,+047:+005,France,50_to_100km,zero=0;rare=0;common=18,18,24,0.37209302325581395,0.38095238095238093,0.008859357696566983
134726,1,+045:+003,France,50_to_100km,zero=0;rare=0;common=29,29,26,0.39285714285714285,0.4,0.007142857142857173
136261,1,+055:+010,Denmark,20_to_50km,zero=0;rare=1;common=10,11,19,0.45161290322580644,0.4666666666666667,0.015053763440860235
137790,1,+043:+006,France,50_to_100km,zero=0;rare=1;common=4,5,27,0.0,0.0,0.0
138040,1,+049:+004,France,20_to_50km,zero=0;rare=0;common=26,26,28,0.5185185185185185,0.5185185185185185,0.0
138731,1,+045:+003,France,20_to_50km,zero=0;rare=0;common=14,14,29,0.4090909090909091,0.4186046511627907,0.009513742071881603
140346,1,+042:+011,Italy,100_to_200km,zero=2;rare=3;common=2,7,22,0.0,0.0,0.0
144245,1,+043:+003,France,50_to_100km,zero=0;rare=2;common=16,18,26,0.3,0.2727272727272727,-0.027272727272727282
145498,1,+049:+015,Czech Republic,50_to_100km,zero=0;rare=0;common=32,32,24,0.33962264150943394,0.39285714285714285,0.05323450134770891
145963,1,+043:+003,France,50_to_100km,zero=0;rare=1;common=0,1,23,0.0,0.0,0.0
146073,1,+043:+006,France,50_to_100km,zero=0;rare=8;common=21,29,21,0.24489795918367346,0.24,-0.004897959183673473
146910,1,+047:+005,France,50_to_100km,zero=0;rare=0;common=33,33,24,0.3103448275862069,0.3157894736842105,0.005444646098003603
147049,1,+043:+003,France,50_to_100km,zero=0;rare=2;common=0,2,23,0.0,0.0,0.0
147258,1,+043:+006,France,50_to_100km,zero=1;rare=0;common=4,5,20,0.0,0.0,0.0
147983,1,+049:+005,France,50_to_100km,zero=0;rare=1;common=34,35,18,0.4,0.37735849056603776,-0.02264150943396226
149249,1,+055:+010,Denmark,20_to_50km,zero=0;rare=0;common=21,21,22,0.3111111111111111,0.32558139534883723,0.014470284237726116
149774,1,+055:+010,Denmark,20_to_50km,zero=0;rare=0;common=16,16,25,0.13953488372093023,0.14634146341463414,0.006806579693703907
151337,1,+045:+003,France,50_to_100km,zero=0;rare=0;common=16,16,19,0.5555555555555556,0.5142857142857142,-0.041269841269841345
153397,1,+043:+003,France,50_to_100km,zero=0;rare=2;common=0,2,23,0.0,0.0,0.0
157479,1,+054:+012,Denmark,20_to_50km,zero=0;rare=0;common=18,18,21,0.358974358974359,0.358974358974359,0.0
159175,1,+043:+003,France,100_to_200km,zero=1;rare=4;common=14,19,23,0.46511627906976744,0.47619047619047616,0.011074197120708729
160115,1,+045:+003,France,50_to_100km,zero=0;rare=0;common=25,25,28,0.34615384615384615,0.33962264150943394,-0.006531204644412203
161682,1,+055:+010,Denmark,20_to_50km,zero=0;rare=0;common=20,20,25,0.4166666666666667,0.4,-0.016666666666666663
161760,1,+055:+010,Denmark,20_to_50km,zero=0;rare=0;common=19,19,22,0.5581395348837209,0.5853658536585366,0.027226318774815628
162707,1,+055:+010,Denmark,20_to_50km,zero=0;rare=0;common=24,24,21,0.391304347826087,0.35555555555555557,-0.035748792270531404
162843,1,+043:+003,France,50_to_100km,zero=4;rare=4;common=1,9,24,0.0,0.0,0.0
177585,1,+046:+023,Romania,100_to_200km,zero=0;rare=2;common=9,11,32,0.0,0.0,0.0
181397,1,+042:+011,Italy,100_to_200km,zero=1;rare=7;common=3,11,23,0.0,0.0,0.0
182267,1,+046:+023,Romania,100_to_200km,zero=1;rare=0;common=33,34,31,0.3939393939393939,0.4,0.0060606060606061
183067,1,+047:+005,France,50_to_100km,zero=0;rare=0;common=25,25,26,0.47058823529411764,0.47058823529411764,0.0
184441,1,+043:+003,France,100_to_200km,zero=0;rare=3;common=11,14,24,0.5,0.5263157894736842,0.02631578947368418
185596,1,+055:+010,Denmark,20_to_50km,zero=0;rare=0;common=16,16,24,0.25,0.25,0.0
186101,1,+049:+005,France,20_to_50km,zero=0;rare=0;common=23,23,25,0.2857142857142857,0.2916666666666667,0.005952380952380987
186190,1,+049:+005,France,50_to_100km,zero=0;rare=0;common=13,13,26,0.20512820512820512,0.20512820512820512,0.0
189445,1,+043:+006,France,50_to_100km,zero=1;rare=6;common=11,18,26,0.047619047619047616,0.09090909090909091,0.043290043290043295
191217,1,+055:+010,Denmark,20_to_50km,zero=0;rare=0;common=14,14,22,0.3684210526315789,0.3888888888888889,0.020467836257309968
192467,1,+055:+010,Denmark,20_to_50km,zero=0;rare=0;common=17,17,19,0.43243243243243246,0.4444444444444444,0.012012012012011963
192855,1,+049:+005,Belgium,100_to_200km,zero=0;rare=1;common=10,11,23,0.0,0.0,0.0
194634,1,+042:+011,Italy,100_to_200km,zero=5;rare=3;common=1,9,23,0.0,0.0,0.0
194958,1,+043:+006,France,20_to_50km,zero=0;rare=3;common=17,20,26,0.4090909090909091,0.4782608695652174,0.06916996047430829
195042,1,+043:+006,France,20_to_50km,zero=0;rare=1;common=29,30,28,0.5357142857142857,0.5172413793103449,-0.018472906403940836
199469,1,+046:+023,Romania,100_to_200km,zero=2;rare=3;common=10,15,29,0.0,0.045454545454545456,0.045454545454545456
200140,1,+047:+005,France,50_to_100km,zero=0;rare=0;common=22,22,26,0.2916666666666667,0.3333333333333333,0.04166666666666663
202928,1,+049:+005,France,50_to_100km,zero=1;rare=4;common=44,49,27,0.36363636363636365,0.3684210526315789,0.0047846889952152805
204819,1,+043:+003,France,50_to_100km,zero=0;rare=2;common=3,5,24,0.0,0.0,0.0
205369,1,+043:+006,France,50_to_100km,zero=1;rare=2;common=2,5,23,0.06896551724137931,0.07142857142857142,0.0024630541871921152
205801,1,+037:+012,Italy,20_to_50km,zero=5;rare=16;common=27,48,25,0.2571428571428571,0.273972602739726,0.016829745596868895
206390,1,+043:+006,France,50_to_100km,zero=1;rare=4;common=7,12,22,0.0,0.0,0.0
207116,1,+042:+011,Italy,100_to_200km,zero=1;rare=2;common=2,5,23,0.0,0.0,0.0
209778,1,+045:+003,France,50_to_100km,zero=0;rare=0;common=19,19,23,0.6976744186046512,0.7142857142857143,0.01661129568106312
210239,1,+046:+023,Romania,100_to_200km,zero=0;rare=2;common=23,25,31,0.3508771929824561,0.35714285714285715,0.00626566416040103
215597,1,+055:+010,Denmark,20_to_50km,zero=0;rare=0;common=14,14,25,0.2,0.20512820512820512,0.00512820512820511
216334,1,+046:+023,Romania,100_to_200km,zero=0;rare=4;common=2,6,25,0.0,0.0,0.0
218512,1,+049:+015,Czech Republic,50_to_100km,zero=0;rare=0;common=22,22,28,0.40816326530612246,0.4,-0.008163265306122436
220635,1,+049:+005,Belgium,100_to_200km,zero=0;rare=0;common=4,4,23,0.0,0.0,0.0
221079,1,+055:+010,Denmark,20_to_50km,zero=0;rare=1;common=18,19,22,0.27906976744186046,0.2926829268292683,0.013613159387407814
221234,1,+049:+004,France,50_to_100km,zero=0;rare=1;common=30,31,27,0.42105263157894735,0.41379310344827586,-0.007259528130671489
223644,1,+046:+023,Romania,100_to_200km,zero=1;rare=2;common=29,32,31,0.28125,0.2857142857142857,0.004464285714285698
225777,1,+049:+004,France,50_to_100km,zero=0;rare=0;common=31,31,21,0.4727272727272727,0.5,0.027272727272727282
226769,1,+045:+000,France,20_to_50km,zero=0;rare=1;common=23,24,25,0.52,0.5306122448979592,0.0106122448979592
226840,1,+046:+023,Romania,100_to_200km,zero=0;rare=4;common=3,7,24,0.0,0.0,0.0
226856,1,+054:+012,Denmark,20_to_50km,zero=0;rare=0;common=31,31,25,0.38596491228070173,0.39285714285714285,0.006892230576441116
228071,1,+045:+003,France,50_to_100km,zero=0;rare=1;common=25,26,23,0.25,0.24489795918367346,-0.005102040816326536
230245,1,+043:+006,France,20_to_50km,zero=0;rare=0;common=17,17,25,0.34146341463414637,0.3333333333333333,-0.008130081300813052
231249,1,+043:+003,France,50_to_100km,zero=0;rare=2;common=0,2,23,0.0,0.0,0.0
232396,1,+043:+006,France,50_to_100km,zero=0;rare=3;common=4,7,23,0.1935483870967742,0.2,0.006451612903225823
234118,1,+043:+003,France,50_to_100km,zero=0;rare=1;common=0,1,28,0.0,0.0,0.0
234811,1,+042:+011,Italy,100_to_200km,zero=7;rare=4;common=3,14,21,0.0,0.0,0.0
238053,1,+043:+006,France,50_to_100km,zero=0;rare=7;common=12,19,22,0.358974358974359,0.3902439024390244,0.03126954346466543
239512,1,+043:+006,France,50_to_100km,zero=0;rare=5;common=11,16,24,0.3684210526315789,0.35,-0.01842105263157895
241478,1,+043:+010,Italy,100_to_200km,zero=1;rare=2;common=2,5,21,0.0,0.0,0.0
243614,1,+043:+006,France,50_to_100km,zero=0;rare=1;common=2,3,22,0.16,0.16,0.0
246729,1,+055:+010,Denmark,20_to_50km,zero=0;rare=0;common=16,16,21,0.55,0.5405405405405406,-0.009459459459459474
247036,1,+055:+010,Denmark,20_to_50km,zero=0;rare=1;common=19,20,20,0.14285714285714285,0.15,0.007142857142857145
247249,1,+046:+023,Romania,100_to_200km,zero=0;rare=1;common=17,18,31,0.32,0.32653061224489793,0.0065306122448979265
248822,1,+049:+005,Belgium,100_to_200km,zero=0;rare=0;common=28,28,23,0.0,0.0,0.0
249695,1,+054:+012,Denmark,20_to_50km,zero=0;rare=0;common=25,25,22,0.2916666666666667,0.2978723404255319,0.0062056737588652156
250842,1,+043:+006,France,50_to_100km,zero=0;rare=1;common=18,19,21,0.35,0.35,0.0
254274,1,+043:+003,France,50_to_100km,zero=2;rare=8;common=12,22,24,0.17777777777777778,0.21739130434782608,0.039613526570048296
256523,1,+045:+000,France,20_to_50km,zero=0;rare=0;common=8,8,26,0.1875,0.17647058823529413,-0.011029411764705871
258629,1,+049:+004,France,50_to_100km,zero=0;rare=0;common=15,15,19,0.5,0.47058823529411764,-0.02941176470588236
259978,1,+043:+010,Italy,100_to_200km,zero=2;rare=2;common=0,4,23,0.0,0.0,0.0
260148,1,+043:+006,France,50_to_100km,zero=0;rare=0;common=3,3,21,0.08,0.08333333333333333,0.003333333333333327
263346,1,+055:+010,Denmark,20_to_50km,zero=0;rare=0;common=23,23,21,0.2222222222222222,0.22727272727272727,0.005050505050505055
264957,1,+046:+023,Romania,100_to_200km,zero=0;rare=3;common=7,10,24,0.0,0.0,0.0
265009,1,+046:+023,Romania,100_to_200km,zero=0;rare=0;common=28,28,32,0.43333333333333335,0.43333333333333335,0.0
266695,1,+055:+010,Denmark,20_to_50km,zero=0;rare=1;common=12,13,18,0.5454545454545454,0.5806451612903226,0.035190615835777206
267859,1,+043:+006,France,50_to_100km,zero=0;rare=5;common=10,15,24,0.15384615384615385,0.15384615384615385,0.0
271010,1,+047:+005,France,50_to_100km,zero=0;rare=0;common=20,20,28,0.3829787234042553,0.375,-0.007978723404255317
271286,1,+045:+003,France,20_to_50km,zero=0;rare=0;common=42,42,23,0.3880597014925373,0.4,0.011940298507462699
271997,1,+055:+010,Denmark,20_to_50km,zero=0;rare=0;common=23,23,21,0.43478260869565216,0.4090909090909091,-0.025691699604743046
272074,1,+043:+003,France,50_to_100km,zero=0;rare=2;common=0,2,23,0.0,0.0,0.0
272700,1,+046:-001,France,20_to_50km,zero=0;rare=0;common=23,23,24,0.5531914893617021,0.5531914893617021,0.0
272790,1,+055:+010,Denmark,20_to_50km,zero=0;rare=0;common=16,16,22,0.358974358974359,0.3684210526315789,0.009446693657219951
274454,1,+046:-001,France,20_to_50km,zero=0;rare=0;common=15,15,23,0.5405405405405406,0.5263157894736842,-0.01422475106685639
276632,1,+037:+012,Italy,20_to_50km,zero=2;rare=0;common=2,4,26,0.06666666666666667,0.06666666666666667,0.0
277149,1,+043:+006,France,50_to_100km,zero=0;rare=3;common=18,21,21,0.4186046511627907,0.42857142857142855,0.009966777408637828
279404,1,+055:+010,Denmark,20_to_50km,zero=0;rare=0;common=17,17,24,0.24390243902439024,0.24390243902439024,0.0
279842,1,+043:+010,Italy,100_to_200km,zero=2;rare=2;common=1,5,21,0.0,0.0,0.0
279888,1,+043:+006,France,50_to_100km,zero=2;rare=12;common=8,22,23,0.0,0.0,0.0
281370,1,+046:+023,Romania,100_to_200km,zero=0;rare=5;common=24,29,30,0.2033898305084746,0.2033898305084746,0.0
283355,1,+046:-001,France,50_to_100km,zero=0;rare=0;common=17,17,21,0.41025641025641024,0.3684210526315789,-0.041835357624831315
283759,1,+046:+023,Romania,100_to_200km,zero=2;rare=3;common=28,33,31,0.36923076923076925,0.375,0.005769230769230749
284269,1,+043:+003,France,50_to_100km,zero=0;rare=2;common=0,2,24,0.0,0.0,0.0
284651,1,+055:+010,Denmark,20_to_50km,zero=0;rare=1;common=13,14,18,0.35294117647058826,0.375,0.022058823529411742
284902,1,+047:+005,France,50_to_100km,zero=0;rare=0;common=29,29,25,0.509090909090909,0.5185185185185185,0.009427609427609451
287494,1,+043:+006,France,50_to_100km,zero=0;rare=0;common=12,12,25,0.34285714285714286,0.32432432432432434,-0.018532818532818518
289201,1,+043:+006,France,50_to_100km,zero=0;rare=3;common=0,3,22,0.0,0.0,0.0
291684,1,+050:+002,France,20_to_50km,zero=0;rare=0;common=16,16,20,0.47368421052631576,0.5,0.026315789473684237
293037,1,+045:+003,France,20_to_50km,zero=0;rare=1;common=40,41,24,0.3076923076923077,0.3076923076923077,0.0
293065,1,+037:+012,Italy,20_to_50km,zero=3;rare=7;common=6,16,25,0.2,0.24390243902439024,0.04390243902439023
293166,1,+043:+006,France,50_to_100km,zero=0;rare=4;common=5,9,24,0.24242424242424243,0.24242424242424243,0.0
294413,1,+037:+012,Italy,50_to_100km,zero=4;rare=3;common=1,8,28,0.05555555555555555,0.05555555555555555,0.0
294514,1,+043:+006,France,50_to_100km,zero=0;rare=3;common=6,9,24,0.24242424242424243,0.24242424242424243,0.0
296947,1,+046:+023,Romania,100_to_200km,zero=3;rare=6;common=41,50,31,0.07317073170731707,0.07407407407407407,0.0009033423667570012
300100,1,+049:+004,France,50_to_100km,zero=0;rare=0;common=19,19,21,0.45,0.45,0.0
300986,1,+037:+012,Italy,20_to_50km,zero=11;rare=9;common=14,34,24,0.03636363636363636,0.10344827586206896,0.0670846394984326
305873,1,+042:+011,Italy,100_to_200km,zero=4;rare=1;common=2,7,21,0.0,0.0,0.0
306779,1,+055:+010,Denmark,20_to_50km,zero=0;rare=0;common=22,22,20,0.5,0.47619047619047616,-0.023809523809523836
308545,1,+054:+012,Denmark,20_to_50km,zero=0;rare=0;common=7,7,18,0.5384615384615384,0.56,0.021538461538461617
308595,1,+043:+003,France,50_to_100km,zero=0;rare=2;common=0,2,23,0.0,0.0,0.0
310106,1,+055:+010,Denmark,20_to_50km,zero=0;rare=0;common=23,23,18,0.2926829268292683,0.2926829268292683,0.0
310296,1,+042:+013,Italy,100_to_200km,zero=0;rare=0;common=9,9,27,0.058823529411764705,0.05555555555555555,-0.0032679738562091526
311747,1,+046:+023,Romania,100_to_200km,zero=1;rare=5;common=8,14,24,0.0,0.0,0.0
312610,1,+043:+010,Italy,100_to_200km,zero=0;rare=0;common=2,2,23,0.0,0.0,0.0
314009,1,+049:+005,France,20_to_50km,zero=0;rare=0;common=18,18,27,0.5652173913043478,0.5777777777777777,0.01256038647342994
314652,1,+043:+006,France,50_to_100km,zero=0;rare=7;common=14,21,28,0.2127659574468085,0.20408163265306123,-0.008684324793747283
316644,1,+045:+003,France,50_to_100km,zero=0;rare=0;common=33,33,24,0.4482758620689655,0.42105263157894735,-0.02722323049001818
316756,1,+045:+000,France,20_to_50km,zero=0;rare=1;common=20,21,22,0.5581395348837209,0.5581395348837209,0.0
319296,1,+037:+012,Italy,20_to_50km,zero=4;rare=10;common=17,31,27,0.17543859649122806,0.20689655172413793,0.03145795523290987
319822,1,+043:+006,France,50_to_100km,zero=0;rare=2;common=3,5,21,0.24,0.23076923076923078,-0.009230769230769209
321123,1,+043:+006,France,50_to_100km,zero=0;rare=5;common=10,15,22,0.4864864864864865,0.4864864864864865,0.0
325426,1,+049:+004,France,20_to_50km,zero=0;rare=0;common=31,31,28,0.49122807017543857,0.5084745762711864,0.01724650609574785
328265,1,+043:+006,France,50_to_100km,zero=1;rare=0;common=3,4,23,0.07142857142857142,0.07407407407407407,0.0026455026455026454
328813,1,+042:+011,Italy,100_to_200km,zero=4;rare=4;common=2,10,21,0.0,0.0,0.0
331701,1,+049:+004,France,50_to_100km,zero=0;rare=0;common=29,29,27,0.25,0.25,0.0
331861,1,+043:+003,France,50_to_100km,zero=0;rare=1;common=0,1,24,0.0,0.0,0.0
332137,1,+037:+012,Italy,20_to_50km,zero=1;rare=1;common=6,8,19,0.14285714285714285,0.14814814814814814,0.005291005291005291
334026,1,+049:+005,France,50_to_100km,zero=0;rare=0;common=28,28,23,0.509090909090909,0.5098039215686274,0.0007130124777183777
338092,1,+049:+004,France,100_to_200km,zero=0;rare=0;common=14,14,19,0.5294117647058824,0.5454545454545454,0.016042780748663055
340773,1,+049:+005,France,50_to_100km,zero=0;rare=0;common=18,18,21,0.38095238095238093,0.41025641025641024,0.02930402930402931
341267,1,+046:+023,Romania,100_to_200km,zero=0;rare=5;common=9,14,32,0.043478260869565216,0.043478260869565216,0.0
342040,1,+054:+012,Denmark,20_to_50km,zero=0;rare=0;common=22,22,21,0.3181818181818182,0.32558139534883723,0.007399577167019056
343882,1,+043:+006,France,50_to_100km,zero=1;rare=8;common=2,11,29,0.05128205128205128,0.1,0.048717948717948725
349327,1,+054:+012,Denmark,20_to_50km,zero=0;rare=0;common=12,12,20,0.375,0.375,0.0
349917,1,+037:+012,Italy,20_to_50km,zero=1;rare=3;common=4,8,20,0.0,0.0,0.0
350029,1,+047:+005,France,50_to_100km,zero=0;rare=0;common=7,7,25,0.30303030303030304,0.3125,0.009469696969696961
350509,1,+042:+011,Italy,100_to_200km,zero=0;rare=0;common=8,8,21,0.21428571428571427,0.20689655172413793,-0.007389162561576346
350976,1,+046:-001,France,50_to_100km,zero=0;rare=0;common=8,8,21,0.2857142857142857,0.3448275862068966,0.059113300492610876
351015,1,+055:+010,Denmark,20_to_50km,zero=0;rare=0;common=8,8,21,0.1935483870967742,0.20689655172413793,0.01334816462736374
352259,1,+055:+010,Denmark,20_to_50km,zero=0;rare=0;common=21,21,22,0.5,0.5116279069767442,0.011627906976744207
361943,1,+045:+003,France,20_to_50km,zero=0;rare=0;common=26,26,21,0.43478260869565216,0.46808510638297873,0.03330249768732657
365010,1,+054:+012,Denmark,20_to_50km,zero=0;rare=0;common=34,34,23,0.3448275862068966,0.3508771929824561,0.006049606775559546
365655,1,+043:+006,France,50_to_100km,zero=0;rare=2;common=8,10,28,0.16666666666666666,0.15789473684210525,-0.008771929824561403
366288,1,+049:+005,France,20_to_50km,zero=0;rare=2;common=32,34,28,0.36065573770491804,0.3870967741935484,0.026441036488630332
368230,1,+046:+023,Romania,100_to_200km,zero=0;rare=3;common=22,25,30,0.07272727272727272,0.07272727272727272,0.0
368334,1,+049:+005,France,50_to_100km,zero=0;rare=2;common=40,42,20,0.2903225806451613,0.2903225806451613,0.0
369597,1,+049:+004,France,100_to_200km,zero=0;rare=0;common=44,44,24,0.5,0.5,0.0
371904,1,+037:+012,Italy,50_to_100km,zero=3;rare=5;common=3,11,25,0.05714285714285714,0.1111111111111111,0.053968253968253964
372457,1,+054:+012,Denmark,20_to_50km,zero=0;rare=0;common=9,9,21,0.45161290322580644,0.4666666666666667,0.015053763440860235
376984,1,+042:+011,Italy,100_to_200km,zero=2;rare=0;common=1,3,23,0.0,0.0,0.0
379819,1,+043:+003,France,50_to_100km,zero=0;rare=2;common=0,2,22,0.0,0.0,0.0
380593,1,+054:+012,Denmark,20_to_50km,zero=0;rare=0;common=8,8,18,0.5,0.5384615384615384,0.038461538461538436
380604,1,+055:+010,Denmark,20_to_50km,zero=0;rare=0;common=16,16,21,0.5263157894736842,0.5405405405405406,0.01422475106685639
381797,1,+045:+003,France,50_to_100km,zero=0;rare=0;common=14,14,25,0.41025641025641024,0.41025641025641024,0.0
383167,1,+046:+023,Romania,100_to_200km,zero=0;rare=3;common=5,8,24,0.14285714285714285,0.125,-0.01785714285714285
384084,1,+055:+010,Denmark,20_to_50km,zero=0;rare=1;common=32,33,22,0.3508771929824561,0.32727272727272727,-0.02360446570972885
385908,1,+043:+006,France,50_to_100km,zero=1;rare=4;common=5,10,24,0.16666666666666666,0.17647058823529413,0.009803921568627472
391136,1,+045:+003,France,50_to_100km,zero=0;rare=0;common=14,14,22,0.3157894736842105,0.3333333333333333,0.017543859649122806
391347,1,+055:+010,Denmark,20_to_50km,zero=0;rare=1;common=17,18,19,0.3684210526315789,0.3783783783783784,0.009957325746799472
392361,1,+054:+012,Denmark,20_to_50km,zero=0;rare=0;common=30,30,23,0.37735849056603776,0.37735849056603776,0.0
392948,1,+054:+012,Denmark,20_to_50km,zero=0;rare=0;common=31,31,24,0.2909090909090909,0.2909090909090909,0.0
393466,1,+043:+006,France,50_to_100km,zero=0;rare=0;common=2,2,23,0.0,0.0,0.0
394021,1,+055:+010,Denmark,20_to_50km,zero=0;rare=0;common=15,15,18,0.36363636363636365,0.36363636363636365,0.0
396551,1,+047:+005,France,50_to_100km,zero=0;rare=0;common=14,14,24,0.46153846153846156,0.47368421052631576,0.012145748987854199
397388,1,+046:-001,France,20_to_50km,zero=0;rare=0;common=12,12,25,0.3157894736842105,0.32432432432432434,0.008534850640113834
400515,1,+045:+003,France,20_to_50km,zero=0;rare=1;common=29,30,22,0.4444444444444444,0.4230769230769231,-0.021367521367521347
401234,1,+049:+005,France,50_to_100km,zero=0;rare=0;common=14,14,20,0.6857142857142857,0.7058823529411765,0.020168067226890796
405629,1,+045:+003,France,20_to_50km,zero=0;rare=0;common=18,18,24,0.5238095238095238,0.5238095238095238,0.0
407738,1,+037:+012,Italy,20_to_50km,zero=5;rare=11;common=20,36,25,0.2413793103448276,0.29508196721311475,0.05370265686828715
410011,1,+055:+010,Denmark,20_to_50km,zero=0;rare=0;common=28,28,25,0.5384615384615384,0.5283018867924528,-0.010159651669085612
410205,1,+046:+023,Romania,100_to_200km,zero=1;rare=1;common=6,8,30,0.0,0.0,0.0
410626,1,+045:+003,France,20_to_50km,zero=0;rare=0;common=13,13,24,0.21621621621621623,0.21621621621621623,0.0
413073,1,+046:+023,Romania,100_to_200km,zero=4;rare=10;common=32,46,32,0.05063291139240506,0.05128205128205128,0.0006491398896462178
414472,1,+055:+010,Denmark,20_to_50km,zero=0;rare=1;common=6,7,19,0.4444444444444444,0.46153846153846156,0.017094017094017144
414915,1,+043:+006,France,50_to_100km,zero=0;rare=2;common=14,16,25,0.10256410256410256,0.14634146341463414,0.04377736085053158
415723,1,+043:+006,France,50_to_100km,zero=0;rare=10;common=14,24,22,0.21739130434782608,0.21739130434782608,0.0
416052,1,+046:+023,Romania,100_to_200km,zero=3;rare=8;common=18,29,31,0.19672131147540983,0.2,0.0032786885245901787
419676,1,+042:+011,Italy,100_to_200km,zero=0;rare=1;common=5,6,21,0.23076923076923078,0.2222222222222222,-0.008547008547008572
423395,1,+043:+006,France,50_to_100km,zero=1;rare=9;common=11,21,26,0.1276595744680851,0.1702127659574468,0.04255319148936171
425441,1,+046:+023,Romania,100_to_200km,zero=1;rare=2;common=25,28,31,0.3333333333333333,0.3389830508474576,0.005649717514124297
425636,1,+043:+003,France,50_to_100km,zero=0;rare=4;common=33,37,20,0.2711864406779661,0.21052631578947367,-0.06066012488849243
428628,1,+054:+012,Denmark,20_to_50km,zero=0;rare=0;common=39,39,20,0.22950819672131148,0.2033898305084746,-0.02611836621283689
432201,1,+042:+011,Italy,100_to_200km,zero=1;rare=0;common=5,6,23,0.07142857142857142,0.06896551724137931,-0.0024630541871921152
432896,1,+054:+012,Denmark,20_to_50km,zero=0;rare=0;common=20,20,21,0.34146341463414637,0.34146341463414637,0.0
437521,1,+043:+003,France,50_to_100km,zero=0;rare=2;common=0,2,22,0.0,0.0,0.0
438225,1,+045:+000,France,20_to_50km,zero=0;rare=0;common=11,11,20,0.36363636363636365,0.3225806451612903,-0.04105571847507333
439441,1,+054:+012,Denmark,20_to_50km,zero=0;rare=0;common=5,5,18,0.17391304347826086,0.17391304347826086,0.0
439533,1,+055:+010,Denmark,20_to_50km,zero=0;rare=0;common=9,9,21,0.3225806451612903,0.3333333333333333,0.010752688172043001
439826,1,+049:+015,Czech Republic,20_to_50km,zero=0;rare=3;common=8,11,25,0.0,0.0,0.0
439857,1,+054:+012,Denmark,20_to_50km,zero=0;rare=0;common=14,14,20,0.4117647058823529,0.4117647058823529,0.0
442356,1,+049:+005,France,50_to_100km,zero=0;rare=1;common=17,18,25,0.4,0.4186046511627907,0.018604651162790697
449578,1,+046:+023,Romania,100_to_200km,zero=4;rare=5;common=23,32,28,0.3050847457627119,0.3,-0.005084745762711895
450283,1,+045:+003,France,20_to_50km,zero=0;rare=0;common=35,35,19,0.5357142857142857,0.5185185185185185,-0.01719576719576721
450326,1,+043:+006,France,50_to_100km,zero=0;rare=7;common=13,20,24,0.0,0.0,0.0
450338,1,+045:+003,France,50_to_100km,zero=0;rare=0;common=19,19,27,0.391304347826087,0.391304347826087,0.0
452236,1,+037:+012,Italy,20_to_50km,zero=7;rare=12;common=15,34,28,0.13114754098360656,0.12903225806451613,-0.0021152829190904388
452745,1,+043:+006,France,50_to_100km,zero=0;rare=6;common=13,19,21,0.0,0.0,0.0
455018,1,+037:+012,Italy,20_to_50km,zero=6;rare=2;common=4,12,25,0.05555555555555555,0.05405405405405406,-0.0015015015015014954
455690,1,+043:+006,France,50_to_100km,zero=5;rare=4;common=10,19,24,0.0,0.0,0.0
458450,1,+046:+023,Romania,100_to_200km,zero=1;rare=5;common=5,11,24,0.0,0.0,0.0
460803,1,+045:+003,France,20_to_50km,zero=0;rare=0;common=33,33,24,0.3103448275862069,0.2807017543859649,-0.02964307320024201
461130,1,+055:+010,Denmark,20_to_50km,zero=0;rare=0;common=21,21,20,0.6046511627906976,0.6341463414634146,0.029495178672717004
464523,1,+055:+010,Denmark,20_to_50km,zero=0;rare=0;common=25,25,21,0.2978723404255319,0.30434782608695654,0.00647548566142464
464579,1,+046:+023,Romania,100_to_200km,zero=0;rare=1;common=21,22,31,0.2962962962962963,0.3018867924528302,0.005590496156533897
465324,1,+055:+010,Denmark,20_to_50km,zero=0;rare=0;common=22,22,22,0.3181818181818182,0.3181818181818182,0.0
466321,1,+043:+003,France,50_to_100km,zero=0;rare=1;common=0,1,22,0.0,0.0,0.0
466830,1,+046:+023,Romania,100_to_200km,zero=6;rare=9;common=49,64,31,0.1875,0.18947368421052632,0.001973684210526322
468043,1,+054:+012,Denmark,20_to_50km,zero=0;rare=0;common=20,20,20,0.2,0.2,0.0
469161,1,+043:+006,France,50_to_100km,zero=3;rare=6;common=10,19,27,0.13333333333333333,0.13043478260869565,-0.002898550724637683
471612,1,+043:+006,France,50_to_100km,zero=7;rare=4;common=21,32,22,0.03636363636363636,0.07407407407407407,0.03771043771043771
472030,1,+046:-001,France,20_to_50km,zero=0;rare=0;common=23,23,24,0.5833333333333334,0.5957446808510638,0.012411347517730431
473218,1,+046:+023,Romania,100_to_200km,zero=0;rare=1;common=17,18,32,0.2,0.2,0.0
473277,1,+043:+003,France,100_to_200km,zero=1;rare=6;common=11,18,27,0.3181818181818182,0.3111111111111111,-0.007070707070707061
474341,1,+049:+005,France,50_to_100km,zero=0;rare=0;common=13,13,25,0.46153846153846156,0.42105263157894735,-0.04048582995951422
474585,1,+045:+003,France,20_to_50km,zero=0;rare=1;common=20,21,31,0.2857142857142857,0.2692307692307692,-0.01648351648351648
475117,1,+049:+015,Czech Republic,20_to_50km,zero=0;rare=0;common=27,27,25,0.35294117647058826,0.38461538461538464,0.03167420814479638
475343,1,+054:+012,Denmark,20_to_50km,zero=0;rare=0;common=31,31,23,0.41509433962264153,0.4444444444444444,0.02935010482180289
480183,1,+049:+005,France,50_to_100km,zero=0;rare=0;common=29,29,28,0.49122807017543857,0.49122807017543857,0.0
480931,1,+046:+023,Romania,100_to_200km,zero=0;rare=2;common=23,25,30,0.32727272727272727,0.32727272727272727,0.0
484287,1,+046:+023,Romania,100_to_200km,zero=6;rare=2;common=13,21,26,0.13333333333333333,0.1702127659574468,0.03687943262411347
484816,1,+047:+005,France,50_to_100km,zero=0;rare=0;common=37,37,26,0.41935483870967744,0.4444444444444444,0.025089605734766984
484926,1,+055:+010,Denmark,20_to_50km,zero=0;rare=0;common=11,11,16,0.20689655172413793,0.2222222222222222,0.015325670498084282
488611,1,+045:+003,France,20_to_50km,zero=0;rare=0;common=5,5,24,0.20689655172413793,0.20689655172413793,0.0
489328,1,+045:+003,France,50_to_100km,zero=0;rare=0;common=34,34,25,0.4482758620689655,0.4745762711864407,0.026300409117475165
490778,1,+046:+023,Romania,100_to_200km,zero=0;rare=2;common=8,10,25,0.0625,0.05714285714285714,-0.005357142857142859
490926,1,+043:+006,France,50_to_100km,zero=2;rare=7;common=19,28,28,0.037037037037037035,0.03571428571428571,-0.0013227513227513227
491126,1,+043:+003,France,50_to_100km,zero=0;rare=1;common=0,1,22,0.0,0.0,0.0
494000,1,+043:+006,France,20_to_50km,zero=0;rare=0;common=11,11,27,0.2222222222222222,0.2631578947368421,0.04093567251461988
494267,1,+043:+003,France,50_to_100km,zero=0;rare=1;common=0,1,23,0.0,0.0,0.0
496651,1,+054:+012,Denmark,20_to_50km,zero=0;rare=1;common=9,10,20,0.3125,0.26666666666666666,-0.04583333333333334
497005,1,+054:+012,Denmark,20_to_50km,zero=0;rare=0;common=16,16,21,0.5,0.4864864864864865,-0.013513513513513487
497949,1,+043:+003,France,50_to_100km,zero=0;rare=0;common=16,16,23,0.6,0.6153846153846154,0.015384615384615441
497953,1,+046:+023,Romania,100_to_200km,zero=2;rare=4;common=20,26,30,0.35714285714285715,0.35714285714285715,0.0
502854,1,+043:+003,France,100_to_200km,zero=0;rare=7;common=13,20,26,0.43478260869565216,0.43478260869565216,0.0
504498,1,+054:+012,Denmark,20_to_50km,zero=0;rare=1;common=20,21,22,0.46511627906976744,0.46511627906976744,0.0
509510,1,+043:+006,France,50_to_100km,zero=1;rare=3;common=4,8,24,0.0625,0.0625,0.0
510590,1,+045:+003,France,50_to_100km,zero=0;rare=2;common=11,13,28,0.1951219512195122,0.1951219512195122,0.0
511060,1,+043:+006,France,50_to_100km,zero=1;rare=11;common=6,18,26,0.047619047619047616,0.09090909090909091,0.043290043290043295
513302,1,+054:+012,Denmark,20_to_50km,zero=0;rare=1;common=16,17,22,0.3076923076923077,0.3076923076923077,0.0
514266,1,+043:+006,France,50_to_100km,zero=1;rare=9;common=12,22,28,0.08333333333333333,0.08,-0.003333333333333327
520344,1,+055:+010,Denmark,20_to_50km,zero=0;rare=0;common=15,15,23,0.4864864864864865,0.47368421052631576,-0.01280227596017075
520605,1,+043:+006,France,50_to_100km,zero=0;rare=5;common=4,9,26,0.17142857142857143,0.17142857142857143,0.0
528746,1,+043:+006,France,50_to_100km,zero=0;rare=6;common=6,12,24,0.2222222222222222,0.2222222222222222,0.0
529148,1,+043:+006,France,50_to_100km,zero=1;rare=7;common=12,20,27,0.13043478260869565,0.1276595744680851,-0.002775208140610552
529211,1,+046:+023,Romania,100_to_200km,zero=0;rare=2;common=6,8,32,0.0,0.0,0.0
529372,1,+037:+012,Italy,50_to_100km,zero=2;rare=5;common=13,20,26,0.22727272727272727,0.21739130434782608,-0.009881422924901184
530095,1,+043:+006,France,50_to_100km,zero=0;rare=2;common=2,4,24,0.07142857142857142,0.0,-0.07142857142857142
530794,1,+043:+006,France,50_to_100km,zero=0;rare=1;common=4,5,25,0.0,0.0,0.0
531814,1,+043:+003,France,50_to_100km,zero=0;rare=1;common=10,11,26,0.4444444444444444,0.43243243243243246,-0.012012012012011963
532740,1,+049:+005,France,50_to_100km,zero=0;rare=0;common=16,16,24,0.42857142857142855,0.45,0.021428571428571463
533932,1,+042:+011,Italy,100_to_200km,zero=1;rare=1;common=6,8,23,0.1935483870967742,0.1935483870967742,0.0
536279,1,+049:+005,France,50_to_100km,zero=0;rare=1;common=18,19,25,0.4782608695652174,0.45454545454545453,-0.023715415019762875
539532,1,+047:+005,France,50_to_100km,zero=0;rare=0;common=24,24,27,0.48,0.5098039215686274,0.029803921568627434
540318,1,+054:+012,Denmark,20_to_50km,zero=0;rare=0;common=33,33,21,0.10909090909090909,0.1111111111111111,0.0020202020202020193
545632,1,+043:+006,France,50_to_100km,zero=1;rare=4;common=9,14,24,0.21621621621621623,0.21052631578947367,-0.005689900426742556
546950,1,+042:+011,Italy,100_to_200km,zero=4;rare=3;common=0,7,21,0.0,0.0,0.0
547407,1,+045:+003,France,50_to_100km,zero=0;rare=0;common=16,16,18,0.4444444444444444,0.47058823529411764,0.02614379084967322
548790,1,+055:+010,Denmark,20_to_50km,zero=0;rare=0;common=10,10,20,0.1875,0.2,0.012500000000000011
549357,1,+046:+023,Romania,100_to_200km,zero=1;rare=2;common=3,6,25,0.07142857142857142,0.06451612903225806,-0.006912442396313362
549927,1,+054:+012,Denmark,20_to_50km,zero=0;rare=0;common=6,6,20,0.14814814814814814,0.15384615384615385,0.005698005698005715
554701,1,+043:+006,France,50_to_100km,zero=1;rare=3;common=8,12,24,0.05555555555555555,0.05555555555555555,0.0
558454,1,+055:+010,Denmark,20_to_50km,zero=0;rare=0;common=17,17,22,0.6153846153846154,0.6153846153846154,0.0
563032,1,+045:+000,France,20_to_50km,zero=0;rare=0;common=12,12,20,0.4117647058823529,0.375,-0.03676470588235292
563583,1,+043:+003,France,50_to_100km,zero=1;rare=0;common=1,2,24,0.0,0.0,0.0
564108,1,+043:+006,France,50_to_100km,zero=1;rare=10;common=7,18,24,0.0,0.047619047619047616,0.047619047619047616
564320,1,+043:+006,France,50_to_100km,zero=3;rare=7;common=9,19,28,0.13043478260869565,0.1276595744680851,-0.002775208140610552
565639,1,+046:+023,Romania,100_to_200km,zero=1;rare=3;common=10,14,29,0.19047619047619047,0.18604651162790697,-0.0044296788482834915
566900,1,+046:+023,Romania,100_to_200km,zero=0;rare=1;common=29,30,32,0.2903225806451613,0.2903225806451613,0.0
567110,1,+043:+006,France,50_to_100km,zero=1;rare=4;common=12,17,23,0.05263157894736842,0.05,-0.0026315789473684154
567369,1,+049:+005,France,50_to_100km,zero=0;rare=1;common=29,30,18,0.6,0.625,0.025000000000000022
567536,1,+047:+005,France,50_to_100km,zero=0;rare=0;common=38,38,27,0.46153846153846156,0.46153846153846156,0.0
567691,1,+043:+006,France,50_to_100km,zero=1;rare=8;common=4,13,25,0.05128205128205128,0.05263157894736842,0.0013495276653171379
567730,1,+043:+003,France,50_to_100km,zero=0;rare=3;common=16,19,24,0.45454545454545453,0.4186046511627907,-0.03594080338266381
570307,1,+049:+005,Belgium,100_to_200km,zero=0;rare=0;common=21,21,20,0.23255813953488372,0.1951219512195122,-0.037436188315371516
572808,1,+043:+003,France,50_to_100km,zero=3;rare=1;common=3,7,21,0.07142857142857142,0.07142857142857142,0.0
573537,1,+043:+006,France,50_to_100km,zero=0;rare=2;common=16,18,25,0.34146341463414637,0.32558139534883723,-0.015882019285309135
574216,1,+043:+006,France,50_to_100km,zero=0;rare=11;common=16,27,27,0.07547169811320754,0.07407407407407407,-0.0013976240391334743
574747,1,+055:+010,Denmark,20_to_50km,zero=0;rare=0;common=15,15,20,0.45714285714285713,0.45714285714285713,0.0
576296,1,+047:+005,France,50_to_100km,zero=0;rare=0;common=37,37,25,0.38095238095238093,0.3870967741935484,0.006144393241167445
576600,1,+049:+005,France,50_to_100km,zero=0;rare=1;common=31,32,27,0.3793103448275862,0.4067796610169492,0.02746931618936299
579688,1,+043:+006,France,50_to_100km,zero=2;rare=7;common=1,10,26,0.0,0.0,0.0
580040,1,+043:+006,France,50_to_100km,zero=0;rare=2;common=16,18,25,0.42857142857142855,0.4186046511627907,-0.009966777408637828
584560,1,+045:+003,France,20_to_50km,zero=0;rare=0;common=16,16,19,0.5945945945945946,0.5714285714285714,-0.02316602316602323
584854,1,+055:+010,Denmark,20_to_50km,zero=0;rare=0;common=19,19,21,0.3902439024390244,0.4,0.009756097560975618
587337,1,+043:+006,France,50_to_100km,zero=0;rare=1;common=14,15,23,0.5405405405405406,0.47368421052631576,-0.06685633001422481
590465,1,+054:+012,Denmark,20_to_50km,zero=0;rare=0;common=10,10,25,0.3333333333333333,0.34285714285714286,0.009523809523809545
591055,1,+054:+012,Denmark,20_to_50km,zero=0;rare=0;common=19,19,21,0.34146341463414637,0.3,-0.04146341463414638
595556,1,+043:+003,France,20_to_50km,zero=0;rare=0;common=23,23,23,0.5106382978723404,0.4782608695652174,-0.03237742830712298
595961,1,+043:+003,France,20_to_50km,zero=0;rare=0;common=9,9,26,0.2857142857142857,0.2857142857142857,0.0
596440,1,+043:+006,France,50_to_100km,zero=0;rare=0;common=11,11,23,0.34285714285714286,0.35294117647058826,0.010084033613445398
598279,1,+054:+012,Denmark,20_to_50km,zero=0;rare=0;common=12,12,22,0.11764705882352941,0.11764705882352941,0.0
598662,1,+042:+011,Italy,100_to_200km,zero=1;rare=1;common=8,10,23,0.24242424242424243,0.24242424242424243,0.0
601522,1,+054:+012,Denmark,20_to_50km,zero=0;rare=0;common=19,19,19,0.25,0.21052631578947367,-0.03947368421052633
602214,1,+043:+006,France,50_to_100km,zero=0;rare=6;common=11,17,24,0.0,0.0,0.0
603274,1,+054:+012,Denmark,20_to_50km,zero=0;rare=0;common=9,9,20,0.41379310344827586,0.41379310344827586,0.0
608080,1,+043:+003,France,100_to_200km,zero=1;rare=3;common=16,20,28,0.4583333333333333,0.4166666666666667,-0.04166666666666663
610508,1,+054:+012,Denmark,20_to_50km,zero=0;rare=1;common=11,12,19,0.48484848484848486,0.5161290322580645,0.03128054740957964
610921,1,+055:+010,Denmark,20_to_50km,zero=0;rare=1;common=21,22,20,0.4,0.3333333333333333,-0.06666666666666671
611435,1,+054:+012,Denmark,20_to_50km,zero=0;rare=0;common=10,10,19,0.13333333333333333,0.13793103448275862,0.004597701149425287
611592,1,+042:+011,Italy,100_to_200km,zero=0;rare=2;common=5,7,23,0.13793103448275862,0.13333333333333333,-0.004597701149425287
616442,1,+042:+011,Italy,100_to_200km,zero=0;rare=2;common=8,10,23,0.30303030303030304,0.30303030303030304,0.0
618510,1,+043:+006,France,50_to_100km,zero=0;rare=5;common=4,9,24,0.06060606060606061,0.06060606060606061,0.0
620122,1,+055:+010,Denmark,20_to_50km,zero=0;rare=0;common=25,25,19,0.5333333333333333,0.5,-0.033333333333333326
623606,1,+055:+010,Denmark,20_to_50km,zero=0;rare=0;common=9,9,21,0.25,0.26666666666666666,0.016666666666666663
623867,1,+043:+003,France,50_to_100km,zero=1;rare=0;common=1,2,25,0.07142857142857142,0.07407407407407407,0.0026455026455026454
626105,1,+043:+006,France,50_to_100km,zero=1;rare=15;common=10,26,25,0.04,0.0392156862745098,-0.0007843137254901975
626222,1,+055:+010,Denmark,20_to_50km,zero=0;rare=1;common=20,21,22,0.5116279069767442,0.5116279069767442,0.0
631424,1,+055:+010,Denmark,20_to_50km,zero=0;rare=0;common=30,30,22,0.34615384615384615,0.34615384615384615,0.0
633399,1,+043:+003,France,50_to_100km,zero=0;rare=1;common=0,1,21,0.0,0.0,0.0
637437,1,+043:+003,France,50_to_100km,zero=0;rare=2;common=0,2,23,0.0,0.0,0.0
638269,1,+037:+012,Italy,50_to_100km,zero=1;rare=3;common=7,11,28,0.3076923076923077,0.3076923076923077,0.0
641415,1,+042:+011,Italy,100_to_200km,zero=2;rare=2;common=2,6,23,0.0,0.0,0.0
646114,1,+042:+011,Italy,100_to_200km,zero=3;rare=2;common=2,7,24,0.06451612903225806,0.06451612903225806,0.0
646506,1,+043:+003,France,100_to_200km,zero=0;rare=3;common=14,17,22,0.43902439024390244,0.46153846153846156,0.022514071294559124
649730,1,+043:+003,France,50_to_100km,zero=0;rare=0;common=24,24,21,0.35555555555555557,0.35555555555555557,0.0
650545,1,+049:+005,France,50_to_100km,zero=0;rare=0;common=18,18,25,0.4090909090909091,0.4186046511627907,0.009513742071881603
651891,1,+049:+005,France,50_to_100km,zero=0;rare=0;common=19,19,27,0.35555555555555557,0.34782608695652173,-0.00772946859903384
652820,1,+046:+023,Romania,100_to_200km,zero=0;rare=3;common=4,7,24,0.0,0.0,0.0
653703,1,+043:+003,France,50_to_100km,zero=0;rare=0;common=7,7,27,0.125,0.11764705882352941,-0.00735294117647059
654812,1,+045:+003,France,50_to_100km,zero=0;rare=2;common=16,18,24,0.22727272727272727,0.23809523809523808,0.010822510822510817
655297,1,+047:+005,France,50_to_100km,zero=0;rare=0;common=25,25,24,0.47058823529411764,0.4897959183673469,0.019207683073229287
656118,1,+047:+005,France,50_to_100km,zero=0;rare=0;common=26,26,24,0.38461538461538464,0.4,0.015384615384615385
657077,1,+043:+006,France,50_to_100km,zero=3;rare=7;common=29,39,26,0.19047619047619047,0.18461538461538463,-0.00586080586080584
658776,1,+049:+005,France,50_to_100km,zero=0;rare=0;common=25,25,23,0.4897959183673469,0.5,0.010204081632653073
662806,1,+037:+012,Italy,20_to_50km,zero=4;rare=8;common=14,26,24,0.28,0.28,0.0
663469,1,+045:+003,France,20_to_50km,zero=0;rare=0;common=18,18,23,0.24390243902439024,0.24390243902439024,0.0
668042,1,+055:+010,Denmark,20_to_50km,zero=0;rare=0;common=22,22,22,0.2727272727272727,0.2727272727272727,0.0
668742,1,+054:+012,Denmark,20_to_50km,zero=0;rare=0;common=14,14,20,0.24242424242424243,0.23529411764705882,-0.007130124777183611
669924,1,+049:+005,France,20_to_50km,zero=0;rare=0;common=20,20,24,0.5,0.5,0.0
670712,1,+055:+010,Denmark,20_to_50km,zero=0;rare=0;common=10,10,19,0.4,0.41379310344827586,0.013793103448275834
671347,1,+046:+023,Romania,100_to_200km,zero=1;rare=1;common=26,28,24,0.20833333333333334,0.23076923076923078,0.02243589743589744
671351,1,+047:+005,France,50_to_100km,zero=0;rare=0;common=24,24,26,0.52,0.52,0.0
672516,1,+043:+006,France,50_to_100km,zero=1;rare=4;common=5,10,27,0.05555555555555555,0.10810810810810811,0.05255255255255256
673097,1,+049:+004,France,50_to_100km,zero=0;rare=0;common=17,17,20,0.5365853658536586,0.5945945945945946,0.05800922874093606
674049,1,+054:+012,Denmark,20_to_50km,zero=0;rare=0;common=36,36,22,0.3333333333333333,0.3448275862068966,0.01149425287356326
674132,1,+043:+003,France,50_to_100km,zero=0;rare=4;common=2,6,23,0.06666666666666667,0.06896551724137931,0.0022988505747126436
674410,1,+046:+023,Romania,100_to_200km,zero=0;rare=3;common=18,21,24,0.14285714285714285,0.17777777777777778,0.034920634920634935
679257,1,+055:+010,Denmark,20_to_50km,zero=0;rare=0;common=28,28,21,0.52,0.5306122448979592,0.0106122448979592
680658,1,+037:+012,Italy,20_to_50km,zero=4;rare=13;common=20,37,26,0.22580645161290322,0.25396825396825395,0.028161802355350735
681892,1,+055:+010,Denmark,20_to_50km,zero=0;rare=0;common=9,9,20,0.20689655172413793,0.20689655172413793,0.0
682296,1,+049:+005,France,50_to_100km,zero=0;rare=1;common=32,33,24,0.3103448275862069,0.3157894736842105,0.005444646098003603
684896,1,+042:+011,Italy,100_to_200km,zero=3;rare=0;common=1,4,23,0.0,0.0,0.0
686817,1,+055:+010,Denmark,20_to_50km,zero=0;rare=0;common=10,10,21,0.48484848484848486,0.5161290322580645,0.03128054740957964
687724,1,+055:+010,Denmark,20_to_50km,zero=0;rare=0;common=15,15,22,0.46153846153846156,0.43243243243243246,-0.029106029106029108
687798,1,+046:+023,Romania,100_to_200km,zero=1;rare=2;common=13,16,26,0.1,0.09523809523809523,-0.004761904761904773
688066,1,+046:-001,France,20_to_50km,zero=0;rare=0;common=15,15,21,0.46153846153846156,0.4444444444444444,-0.017094017094017144
688298,1,+043:+006,France,50_to_100km,zero=0;rare=0;common=19,19,22,0.43902439024390244,0.43902439024390244,0.0
689410,1,+045:+003,France,20_to_50km,zero=0;rare=0;common=32,32,21,0.5769230769230769,0.6037735849056604,0.026850507982583482
691996,1,+043:+006,France,50_to_100km,zero=0;rare=4;common=12,16,25,0.09523809523809523,0.0975609756097561,0.002322880371660868
692060,1,+046:+023,Romania,100_to_200km,zero=0;rare=3;common=7,10,24,0.0,0.0,0.0
692307,1,+043:+003,France,100_to_200km,zero=5;rare=2;common=3,10,29,0.0,0.0,0.0
694731,1,+046:-001,France,20_to_50km,zero=0;rare=0;common=33,33,21,0.4528301886792453,0.4444444444444444,-0.008385744234800874
695147,1,+043:+006,France,50_to_100km,zero=0;rare=7;common=8,15,25,0.10256410256410256,0.1,-0.002564102564102555
696939,1,+043:+006,France,50_to_100km,zero=1;rare=4;common=8,13,25,0.0,0.0,0.0
697088,1,+055:+010,Denmark,20_to_50km,zero=0;rare=0;common=5,5,19,0.16,0.16666666666666666,0.006666666666666654
701441,1,+043:+003,France,20_to_50km,zero=0;rare=0;common=11,11,20,0.25,0.25806451612903225,0.008064516129032251
703228,1,+043:+006,France,50_to_100km,zero=2;rare=15;common=21,38,26,0.09375,0.09375,0.0
704755,1,+043:+003,France,100_to_200km,zero=8;rare=3;common=5,16,26,0.047619047619047616,0.047619047619047616,0.0
706736,1,+049:+005,France,20_to_50km,zero=0;rare=0;common=22,22,23,0.5217391304347826,0.5333333333333333,0.011594202898550732
711720,1,+046:-001,France,20_to_50km,zero=0;rare=0;common=9,9,21,0.4827586206896552,0.5333333333333333,0.05057471264367813
711924,1,+043:+006,France,20_to_50km,zero=0;rare=2;common=16,18,27,0.23255813953488372,0.2222222222222222,-0.010335917312661508
712678,1,+043:+003,France,50_to_100km,zero=1;rare=3;common=22,26,28,0.18518518518518517,0.18518518518518517,0.0
712869,1,+043:+003,France,50_to_100km,zero=0;rare=2;common=0,2,24,0.0,0.0,0.0
714086,1,+049:+004,France,100_to_200km,zero=0;rare=0;common=8,8,19,0.35714285714285715,0.37037037037037035,0.013227513227513199
715231,1,+055:+010,Denmark,20_to_50km,zero=0;rare=0;common=31,31,20,0.4528301886792453,0.39215686274509803,-0.06067332593414726
719112,1,+037:+012,Italy,50_to_100km,zero=1;rare=1;common=0,2,21,0.0,0.0,0.0
720631,1,+046:+023,Romania,100_to_200km,zero=0;rare=2;common=5,7,24,0.0,0.0,0.0
721144,1,+049:+005,France,50_to_100km,zero=0;rare=1;common=37,38,21,0.1935483870967742,0.2033898305084746,0.009841443411700401
722243,1,+049:+005,France,50_to_100km,zero=0;rare=0;common=9,9,25,0.2777777777777778,0.29411764705882354,0.01633986928104575
722609,1,+054:+012,Denmark,20_to_50km,zero=0;rare=0;common=13,13,22,0.2857142857142857,0.2857142857142857,0.0
722873,1,+054:+012,Denmark,20_to_50km,zero=0;rare=0;common=27,27,21,0.20408163265306123,0.20833333333333334,0.0042517006802721136
722933,1,+049:+005,France,50_to_100km,zero=0;rare=0;common=31,31,21,0.36363636363636365,0.3076923076923077,-0.05594405594405594
723238,1,+043:+006,France,50_to_100km,zero=1;rare=4;common=0,5,26,0.0,0.0,0.0
725365,1,+045:+003,France,50_to_100km,zero=0;rare=0;common=24,24,20,0.45454545454545453,0.45454545454545453,0.0
725515,1,+049:+005,Belgium,100_to_200km,zero=0;rare=0;common=7,7,22,0.0,0.0,0.0
725942,1,+043:+003,France,50_to_100km,zero=2;rare=2;common=3,7,25,0.13333333333333333,0.125,-0.008333333333333331
727360,1,+045:+003,France,50_to_100km,zero=0;rare=0;common=25,25,28,0.4528301886792453,0.4528301886792453,0.0
728509,1,+047:+005,France,50_to_100km,zero=0;rare=1;common=38,39,24,0.24615384615384617,0.25396825396825395,0.007814407814407787
728852,1,+045:+003,France,20_to_50km,zero=0;rare=0;common=37,37,24,0.36065573770491804,0.36065573770491804,0.0
729467,1,+046:+023,Romania,100_to_200km,zero=0;rare=0;common=30,30,32,0.3548387096774194,0.3548387096774194,0.0
735271,1,+043:+006,France,50_to_100km,zero=0;rare=1;common=5,6,23,0.20689655172413793,0.20689655172413793,0.0
736137,1,+046:+023,Romania,100_to_200km,zero=0;rare=0;common=21,21,32,0.3018867924528302,0.3018867924528302,0.0
736309,1,+055:+010,Denmark,20_to_50km,zero=0;rare=0;common=13,13,24,0.2702702702702703,0.2702702702702703,0.0
736452,1,+055:+010,Denmark,20_to_50km,zero=0;rare=0;common=12,12,19,0.125,0.12903225806451613,0.0040322580645161255
738367,1,+043:+006,France,50_to_100km,zero=3;rare=4;common=3,10,26,0.0,0.0,0.0
739530,1,+043:+003,France,100_to_200km,zero=0;rare=3;common=11,14,26,0.5,0.45,-0.04999999999999999
743511,1,+054:+012,Denmark,20_to_50km,zero=0;rare=0;common=9,9,19,0.4827586206896552,0.5,0.017241379310344807
744962,1,+045:+003,France,50_to_100km,zero=0;rare=1;common=19,20,21,0.45454545454545453,0.43902439024390244,-0.01552106430155209
745034,1,+045:+003,France,50_to_100km,zero=0;rare=0;common=13,13,20,0.42424242424242425,0.42424242424242425,0.0
745895,1,+049:+005,France,50_to_100km,zero=0;rare=0;common=21,21,23,0.4,0.4090909090909091,0.009090909090909094
748902,1,+037:+012,Italy,20_to_50km,zero=7;rare=4;common=8,19,22,0.2564102564102564,0.24390243902439024,-0.012507817385866149
751503,1,+054:+012,Denmark,20_to_50km,zero=0;rare=0;common=22,22,19,0.2,0.1951219512195122,-0.004878048780487809
754491,1,+046:+023,Romania,100_to_200km,zero=7;rare=3;common=17,27,26,0.04,0.07547169811320754,0.03547169811320754
755039,1,+043:+003,France,50_to_100km,zero=0;rare=1;common=0,1,26,0.0,0.0,0.0
755262,1,+046:-001,France,20_to_50km,zero=0;rare=0;common=9,9,23,0.42424242424242425,0.4375,0.013257575757575746
756977,1,+054:+012,Denmark,20_to_50km,zero=0;rare=0;common=39,39,25,0.3076923076923077,0.3125,0.004807692307692291
757499,1,+037:+012,Italy,20_to_50km,zero=4;rare=17;common=17,38,25,0.16666666666666666,0.19047619047619047,0.023809523809523808
759156,1,+055:+010,Denmark,20_to_50km,zero=0;rare=0;common=16,16,19,0.5,0.45714285714285713,-0.04285714285714287
761720,1,+043:+006,France,50_to_100km,zero=2;rare=5;common=6,13,22,0.0,0.0,0.0
762799,1,+043:+006,France,50_to_100km,zero=2;rare=5;common=16,23,25,0.0851063829787234,0.125,0.0398936170212766
763380,1,+055:+010,Denmark,20_to_50km,zero=0;rare=0;common=10,10,18,0.26666666666666666,0.2857142857142857,0.019047619047619035
764154,1,+055:+010,Denmark,20_to_50km,zero=0;rare=0;common=32,32,22,0.4444444444444444,0.4444444444444444,0.0
764964,1,+043:+006,France,50_to_100km,zero=0;rare=0;common=18,18,20,0.43243243243243246,0.42105263157894735,-0.011379800853485111
765078,1,+045:+000,France,50_to_100km,zero=0;rare=1;common=24,25,25,0.11764705882352941,0.12,0.0023529411764705854
765479,1,+055:+010,Denmark,20_to_50km,zero=0;rare=0;common=11,11,21,0.24242424242424243,0.25,0.007575757575757569
768612,1,+042:+011,Italy,100_to_200km,zero=1;rare=1;common=4,6,23,0.07142857142857142,0.06896551724137931,-0.0024630541871921152
769607,1,+037:+012,Italy,50_to_100km,zero=2;rare=9;common=14,25,25,0.1276595744680851,0.12,-0.007659574468085101
770100,1,+055:+010,Denmark,20_to_50km,zero=0;rare=0;common=14,14,20,0.5,0.5294117647058824,0.02941176470588236
771112,1,+037:+012,Italy,20_to_50km,zero=0;rare=1;common=0,1,20,0.0,0.0,0.0
771165,1,+043:+003,France,50_to_100km,zero=0;rare=2;common=14,16,26,0.47619047619047616,0.47619047619047616,0.0
771437,1,+045:+003,France,20_to_50km,zero=0;rare=0;common=13,13,22,0.23529411764705882,0.2857142857142857,0.05042016806722688
773615,1,+046:+023,Romania,100_to_200km,zero=0;rare=3;common=4,7,24,0.07407407407407407,0.06451612903225806,-0.009557945041816007
774054,1,+045:+003,France,50_to_100km,zero=0;rare=1;common=35,36,23,0.4666666666666667,0.4406779661016949,-0.025988700564971767
776057,1,+037:+012,Italy,20_to_50km,zero=3;rare=11;common=16,30,29,0.4482758620689655,0.4745762711864407,0.026300409117475165
778201,1,+046:-001,France,50_to_100km,zero=0;rare=0;common=31,31,22,0.4528301886792453,0.4528301886792453,0.0
783048,1,+043:+006,France,50_to_100km,zero=0;rare=3;common=7,10,26,0.0,0.0,0.0
783372,1,+047:+005,France,50_to_100km,zero=0;rare=0;common=14,14,22,0.5789473684210527,0.6111111111111112,0.032163742690058506
783548,1,+046:+023,Romania,100_to_200km,zero=1;rare=1;common=19,21,24,0.1951219512195122,0.2222222222222222,0.027100271002710008
787187,1,+055:+010,Denmark,20_to_50km,zero=0;rare=0;common=18,18,20,0.5263157894736842,0.5263157894736842,0.0
787867,1,+055:+010,Denmark,20_to_50km,zero=0;rare=0;common=9,9,18,0.20689655172413793,0.2222222222222222,0.015325670498084282
791717,1,+047:+005,France,50_to_100km,zero=0;rare=0;common=17,17,26,0.46511627906976744,0.46511627906976744,0.0
792257,1,+043:+006,France,50_to_100km,zero=3;rare=8;common=14,25,23,0.0425531914893617,0.041666666666666664,-0.0008865248226950367
794022,1,+043:+003,France,50_to_100km,zero=0;rare=1;common=1,2,23,0.0,0.0,0.0
799559,1,+046:+023,Romania,100_to_200km,zero=4;rare=4;common=15,23,31,0.14545454545454545,0.14814814814814814,0.0026936026936026924
799636,1,+043:+006,France,50_to_100km,zero=1;rare=4;common=9,14,26,0.35,0.3,-0.04999999999999999
802647,1,+046:+023,Romania,100_to_200km,zero=0;rare=4;common=8,12,29,0.1,0.0975609756097561,-0.0024390243902439046
803109,1,+045:+003,France,50_to_100km,zero=0;rare=0;common=27,27,23,0.39215686274509803,0.4,0.007843137254901988
804974,1,+050:+006,Germany,20_to_50km,zero=2;rare=1;common=15,18,25,0.38095238095238093,0.4186046511627907,0.03765227021040979
809987,1,+043:+003,France,50_to_100km,zero=0;rare=2;common=0,2,22,0.0,0.0,0.0
812039,1,+045:+003,France,50_to_100km,zero=0;rare=0;common=28,28,21,0.5769230769230769,0.6122448979591837,0.035321821036106815
813795,1,+043:+006,France,50_to_100km,zero=1;rare=10;common=14,25,21,0.0,0.0,0.0
815797,1,+049:+004,France,20_to_50km,zero=0;rare=0;common=16,16,21,0.45,0.4864864864864865,0.0364864864864865
816928,1,+055:+010,Denmark,20_to_50km,zero=0;rare=0;common=21,21,22,0.4,0.4186046511627907,0.018604651162790697
817504,1,+046:+023,Romania,100_to_200km,zero=1;rare=2;common=25,28,31,0.3,0.3050847457627119,0.005084745762711895
817823,1,+043:+006,France,50_to_100km,zero=1;rare=4;common=5,10,24,0.17647058823529413,0.17647058823529413,0.0
819339,1,+042:+013,Italy,100_to_200km,zero=0;rare=1;common=12,13,25,0.0,0.0,0.0
820642,1,+055:+010,Denmark,20_to_50km,zero=0;rare=0;common=17,17,21,0.2564102564102564,0.2631578947368421,0.006747638326585703
822106,1,+055:+010,Denmark,20_to_50km,zero=0;rare=0;common=17,17,20,0.3684210526315789,0.3783783783783784,0.009957325746799472
822513,1,+055:+010,Denmark,20_to_50km,zero=0;rare=0;common=11,11,20,0.3870967741935484,0.3870967741935484,0.0
826977,1,+055:+010,Denmark,20_to_50km,zero=0;rare=0;common=27,27,21,0.44,0.4583333333333333,0.018333333333333313
827886,1,+046:+023,Romania,100_to_200km,zero=1;rare=9;common=21,31,30,0.16393442622950818,0.16393442622950818,0.0
829938,1,+043:+006,France,50_to_100km,zero=0;rare=0;common=4,4,22,0.14814814814814814,0.15384615384615385,0.005698005698005715
831121,1,+043:+006,France,50_to_100km,zero=1;rare=5;common=9,15,21,0.0,0.0,0.0
831146,1,+045:+000,France,20_to_50km,zero=0;rare=0;common=7,7,20,0.14285714285714285,0.14814814814814814,0.005291005291005291
834354,1,+043:+003,France,50_to_100km,zero=0;rare=2;common=12,14,24,0.5,0.5263157894736842,0.02631578947368418
835273,1,+042:+011,Italy,100_to_200km,zero=4;rare=2;common=1,7,23,0.0,0.0,0.0
837072,1,+046:+023,Romania,100_to_200km,zero=1;rare=2;common=19,22,27,0.041666666666666664,0.04081632653061224,-0.0008503401360544227
837860,1,+043:+006,France,50_to_100km,zero=4;rare=6;common=7,17,23,0.0,0.0,0.0
837894,1,+043:+003,France,50_to_100km,zero=0;rare=2;common=8,10,23,0.06060606060606061,0.06060606060606061,0.0
838052,1,+043:+006,France,50_to_100km,zero=0;rare=8;common=14,22,22,0.13636363636363635,0.13636363636363635,0.0
838606,1,+042:+011,Italy,100_to_200km,zero=1;rare=0;common=2,3,23,0.0,0.0,0.0
839686,1,+049:+005,France,20_to_50km,zero=0;rare=0;common=33,33,21,0.49122807017543857,0.5185185185185185,0.02729044834307992
841065,1,+042:+011,Italy,100_to_200km,zero=0;rare=0;common=10,10,23,0.375,0.36363636363636365,-0.011363636363636354
841738,1,+043:+003,France,50_to_100km,zero=2;rare=2;common=1,5,21,0.0,0.0,0.0
842012,1,+043:+003,France,50_to_100km,zero=0;rare=1;common=0,1,23,0.0,0.0,0.0
843415,1,+046:+023,Romania,100_to_200km,zero=0;rare=3;common=17,20,26,0.18181818181818182,0.21739130434782608,0.03557312252964426
843540,1,+046:+023,Romania,100_to_200km,zero=1;rare=1;common=15,17,29,0.26666666666666666,0.21739130434782608,-0.04927536231884058
844363,1,+046:+023,Romania,100_to_200km,zero=0;rare=3;common=9,12,26,0.0,0.0,0.0
844814,1,+046:+023,Romania,100_to_200km,zero=1;rare=1;common=22,24,23,0.13636363636363635,0.1276595744680851,-0.008704061895551257
845598,1,+055:+010,Denmark,20_to_50km,zero=0;rare=0;common=18,18,19,0.3684210526315789,0.32432432432432434,-0.044096728307254585
848302,1,+043:+006,France,50_to_100km,zero=1;rare=4;common=17,22,28,0.041666666666666664,0.12,0.07833333333333334
848821,1,+043:+003,France,50_to_100km,zero=1;rare=0;common=0,1,24,0.0,0.0,0.0
852247,1,+045:+000,France,20_to_50km,zero=0;rare=1;common=29,30,22,0.4230769230769231,0.4230769230769231,0.0
852588,1,+049:+005,France,50_to_100km,zero=0;rare=0;common=21,21,29,0.28,0.28,0.0
854404,1,+045:+003,France,50_to_100km,zero=0;rare=0;common=25,25,23,0.6530612244897959,0.625,-0.028061224489795866
854898,1,+043:+003,France,100_to_200km,zero=5;rare=2;common=3,10,26,0.05555555555555555,0.05555555555555555,0.0
855323,1,+045:+003,France,20_to_50km,zero=0;rare=0;common=11,11,22,0.4,0.42424242424242425,0.024242424242424232
855619,1,+045:+000,France,20_to_50km,zero=0;rare=0;common=11,11,25,0.4,0.4444444444444444,0.0444444444444444
859932,1,+042:+011,Italy,100_to_200km,zero=2;rare=1;common=3,6,21,0.0,0.0,0.0
860753,1,+043:+006,France,50_to_100km,zero=1;rare=5;common=15,21,22,0.046511627906976744,0.046511627906976744,0.0
863493,1,+045:+003,France,20_to_50km,zero=0;rare=0;common=40,40,24,0.4375,0.4375,0.0
865349,1,+049:+004,France,50_to_100km,zero=0;rare=0;common=29,29,23,0.5283018867924528,0.5384615384615384,0.010159651669085612
866645,1,+055:+010,Denmark,20_to_50km,zero=0;rare=0;common=20,20,23,0.5777777777777777,0.6046511627906976,0.026873385012919915
867259,1,+047:+005,France,50_to_100km,zero=0;rare=0;common=20,20,23,0.5454545454545454,0.5581395348837209,0.012684989429175508
870771,1,+055:+010,Denmark,20_to_50km,zero=0;rare=0;common=11,11,21,0.42424242424242425,0.4375,0.013257575757575746
871411,1,+042:+011,Italy,100_to_200km,zero=0;rare=1;common=5,6,21,0.23076923076923078,0.2222222222222222,-0.008547008547008572
874374,1,+042:+011,Italy,100_to_200km,zero=0;rare=1;common=3,4,23,0.14814814814814814,0.14814814814814814,0.0
874918,1,+046:-001,France,20_to_50km,zero=0;rare=0;common=15,15,20,0.45714285714285713,0.45714285714285713,0.0
875514,1,+055:+010,Denmark,20_to_50km,zero=0;rare=0;common=28,28,21,0.4166666666666667,0.4489795918367347,0.03231292517006801
875989,1,+043:+003,France,100_to_200km,zero=8;rare=3;common=3,14,29,0.0,0.0,0.0
876948,1,+043:+006,France,50_to_100km,zero=1;rare=4;common=7,12,28,0.05263157894736842,0.05,-0.0026315789473684154
878069,1,+043:+003,France,50_to_100km,zero=0;rare=1;common=0,1,23,0.0,0.0,0.0
879661,1,+043:+003,France,50_to_100km,zero=0;rare=0;common=14,14,22,0.2222222222222222,0.2222222222222222,0.0
879971,1,+055:+010,Denmark,20_to_50km,zero=0;rare=0;common=19,19,20,0.3902439024390244,0.41025641025641024,0.02001250781738584
880147,1,+042:+013,Italy,100_to_200km,zero=8;rare=11;common=19,38,24,0.1694915254237288,0.1935483870967742,0.024056861673045382
880303,1,+049:+005,France,50_to_100km,zero=0;rare=0;common=21,21,24,0.4888888888888889,0.4888888888888889,0.0
881930,1,+043:+006,France,50_to_100km,zero=1;rare=1;common=2,4,24,0.0,0.0,0.0
882008,1,+045:+003,France,20_to_50km,zero=0;rare=0;common=20,20,24,0.2727272727272727,0.2727272727272727,0.0
882315,1,+043:+003,France,50_to_100km,zero=0;rare=2;common=14,16,24,0.15,0.15,0.0
885075,1,+043:+003,France,20_to_50km,zero=0;rare=1;common=8,9,23,0.25806451612903225,0.3125,0.05443548387096775
885832,1,+046:+023,Romania,100_to_200km,zero=0;rare=5;common=9,14,24,0.058823529411764705,0.05263157894736842,-0.006191950464396287
889338,1,+045:+000,France,20_to_50km,zero=0;rare=0;common=29,29,21,0.5306122448979592,0.52,-0.0106122448979592
890385,1,+043:+010,Italy,100_to_200km,zero=1;rare=2;common=0,3,21,0.0,0.0,0.0
890810,1,+043:+003,France,50_to_100km,zero=0;rare=2;common=0,2,23,0.0,0.0,0.0
891373,1,+046:+023,Romania,100_to_200km,zero=0;rare=2;common=26,28,31,0.3,0.3050847457627119,0.005084745762711895
894234,1,+037:+012,Italy,20_to_50km,zero=1;rare=0;common=4,5,22,0.24,0.2222222222222222,-0.01777777777777778
895368,1,+049:+005,France,50_to_100km,zero=0;rare=0;common=20,20,22,0.38095238095238093,0.38095238095238093,0.0
895415,1,+043:+003,France,50_to_100km,zero=0;rare=1;common=0,1,22,0.0,0.0,0.0
898530,1,+046:+023,Romania,100_to_200km,zero=1;rare=5;common=18,24,29,0.38461538461538464,0.37735849056603776,-0.007256894049346874
898678,1,+049:+015,Czech Republic,50_to_100km,zero=0;rare=0;common=8,8,24,0.13793103448275862,0.125,-0.012931034482758619
898712,1,+046:-001,France,20_to_50km,zero=0;rare=0;common=12,12,22,0.4,0.4117647058823529,0.0117647058823529
899565,1,+042:+013,Italy,100_to_200km,zero=1;rare=3;common=55,59,24,0.1518987341772152,0.14457831325301204,-0.007320420924203153
900077,1,+043:+006,France,50_to_100km,zero=6;rare=6;common=18,30,22,0.038461538461538464,0.07692307692307693,0.038461538461538464
901273,1,+055:+010,Denmark,20_to_50km,zero=0;rare=0;common=26,26,21,0.32653061224489793,0.2978723404255319,-0.028658271819366032
901926,1,+046:+023,Romania,100_to_200km,zero=0;rare=2;common=19,21,31,0.3018867924528302,0.3076923076923077,0.005805515239477532
903149,1,+055:+010,Denmark,20_to_50km,zero=0;rare=0;common=13,13,26,0.2564102564102564,0.20512820512820512,-0.051282051282051266
905774,1,+045:+003,France,20_to_50km,zero=0;rare=2;common=6,8,23,0.3125,0.3225806451612903,0.010080645161290314
906651,1,+049:+005,France,50_to_100km,zero=0;rare=0;common=22,22,22,0.0,0.0,0.0
907807,1,+043:+006,France,50_to_100km,zero=0;rare=1;common=3,4,22,0.07692307692307693,0.07692307692307693,0.0
909009,1,+046:+023,Romania,100_to_200km,zero=3;rare=4;common=11,18,25,0.04878048780487805,0.046511627906976744,-0.002268859897901307
909072,1,+046:+023,Romania,100_to_200km,zero=0;rare=3;common=19,22,32,0.25925925925925924,0.25925925925925924,0.0
910318,1,+046:+023,Romania,100_to_200km,zero=1;rare=2;common=18,21,29,0.24489795918367346,0.24,-0.004897959183673473
910369,1,+054:+012,Denmark,20_to_50km,zero=0;rare=0;common=40,40,20,0.16393442622950818,0.16666666666666666,0.002732240437158473
910385,1,+042:+011,Italy,100_to_200km,zero=0;rare=2;common=11,13,26,0.2702702702702703,0.2564102564102564,-0.013860013860013898
910466,1,+043:+006,France,50_to_100km,zero=0;rare=3;common=4,7,24,0.06451612903225806,0.06451612903225806,0.0
911750,1,+049:+005,Belgium,100_to_200km,zero=0;rare=0;common=6,6,24,0.0,0.0,0.0
913197,1,+055:+010,Denmark,20_to_50km,zero=0;rare=0;common=15,15,21,0.5405405405405406,0.5,-0.04054054054054057
914381,1,+055:+010,Denmark,20_to_50km,zero=0;rare=1;common=15,16,21,0.47368421052631576,0.4864864864864865,0.01280227596017075
915036,1,+043:+003,France,50_to_100km,zero=1;rare=4;common=1,6,21,0.0,0.0,0.0
915514,1,+046:+023,Romania,100_to_200km,zero=0;rare=0;common=14,14,31,0.30434782608695654,0.3111111111111111,0.006763285024154575
918796,1,+055:+010,Denmark,20_to_50km,zero=0;rare=0;common=29,29,20,0.35294117647058826,0.32653061224489793,-0.026410564225690325
921281,1,+043:+003,France,50_to_100km,zero=0;rare=1;common=0,1,23,0.0,0.0,0.0
924136,1,+047:+005,France,50_to_100km,zero=0;rare=0;common=33,33,27,0.4067796610169492,0.43333333333333335,0.02655367231638417
926347,1,+046:+023,Romania,100_to_200km,zero=2;rare=2;common=23,27,32,0.2711864406779661,0.3050847457627119,0.03389830508474578
926574,1,+054:+012,Denmark,20_to_50km,zero=0;rare=0;common=16,16,19,0.4444444444444444,0.45714285714285713,0.012698412698412709
926934,1,+049:+005,Belgium,100_to_200km,zero=0;rare=0;common=15,15,22,0.0,0.0,0.0
929596,1,+046:+023,Romania,100_to_200km,zero=4;rare=6;common=8,18,31,0.04,0.04081632653061224,0.0008163265306122408
930340,1,+043:+006,France,50_to_100km,zero=0;rare=5;common=9,14,24,0.2564102564102564,0.2631578947368421,0.006747638326585703
931132,1,+047:+005,France,50_to_100km,zero=0;rare=0;common=17,17,23,0.43902439024390244,0.45,0.01097560975609757
931140,1,+043:+006,France,50_to_100km,zero=1;rare=4;common=9,14,23,0.16666666666666666,0.16216216216216217,-0.004504504504504486
931187,1,+046:+023,Romania,100_to_200km,zero=0;rare=2;common=23,25,24,0.26666666666666666,0.2857142857142857,0.019047619047619035
933375,1,+043:+006,France,50_to_100km,zero=1;rare=5;common=3,9,26,0.1111111111111111,0.11428571428571428,0.003174603174603177
934561,1,+045:+003,France,20_to_50km,zero=0;rare=0;common=28,28,20,0.4166666666666667,0.4166666666666667,0.0
936154,1,+043:+006,France,50_to_100km,zero=2;rare=2;common=4,8,28,0.11764705882352941,0.1111111111111111,-0.006535947712418305
936287,1,+042:+011,Italy,100_to_200km,zero=1;rare=2;common=2,5,23,0.0,0.0,0.0
936398,1,+043:+006,France,50_to_100km,zero=1;rare=1;common=7,9,27,0.34285714285714286,0.2777777777777778,-0.06507936507936507
937634,1,+042:+011,Italy,100_to_200km,zero=0;rare=0;common=4,4,21,0.16666666666666666,0.16,-0.006666666666666654
938276,1,+043:+006,France,20_to_50km,zero=0;rare=2;common=9,11,25,0.34285714285714286,0.3888888888888889,0.046031746031746035
941779,1,+046:+023,Romania,100_to_200km,zero=1;rare=5;common=25,31,23,0.23529411764705882,0.2222222222222222,-0.01307189542483661
941801,1,+054:+012,Denmark,20_to_50km,zero=0;rare=0;common=31,31,21,0.3018867924528302,0.2692307692307692,-0.03265602322206096
943627,1,+046:+023,Romania,100_to_200km,zero=1;rare=1;common=24,26,31,0.5172413793103449,0.5263157894736842,0.00907441016333932
947543,1,+043:+003,France,100_to_200km,zero=1;rare=2;common=3,6,24,0.125,0.13333333333333333,0.008333333333333331
950326,1,+054:+012,Denmark,20_to_50km,zero=0;rare=0;common=33,33,23,0.3508771929824561,0.35714285714285715,0.00626566416040103
950391,1,+043:+006,France,50_to_100km,zero=0;rare=5;common=15,20,28,0.13043478260869565,0.125,-0.0054347826086956486
951944,1,+043:+006,France,50_to_100km,zero=1;rare=5;common=9,15,27,0.10256410256410256,0.14285714285714285,0.04029304029304029
953419,1,+054:+012,Denmark,20_to_50km,zero=0;rare=1;common=13,14,21,0.17142857142857143,0.17142857142857143,0.0
954508,1,+043:+006,France,50_to_100km,zero=5;rare=4;common=15,24,23,0.0425531914893617,0.0425531914893617,0.0
955341,1,+047:+005,France,50_to_100km,zero=0;rare=0;common=9,9,25,0.22857142857142856,0.23529411764705882,0.006722689075630256
958425,1,+043:+003,France,50_to_100km,zero=0;rare=1;common=0,1,22,0.0,0.0,0.0
961554,1,+046:+023,Romania,100_to_200km,zero=1;rare=2;common=16,19,31,0.35294117647058826,0.36,0.0070588235294117285
962142,1,+042:+011,Italy,100_to_200km,zero=3;rare=0;common=4,7,21,0.07407407407407407,0.07142857142857142,-0.0026455026455026454
963606,1,+055:+010,Denmark,20_to_50km,zero=0;rare=1;common=14,15,21,0.5142857142857142,0.5555555555555556,0.041269841269841345
964262,1,+045:+000,France,20_to_50km,zero=0;rare=0;common=16,16,21,0.5789473684210527,0.5405405405405406,-0.038406827880512084
964472,1,+049:+005,France,50_to_100km,zero=0;rare=4;common=61,65,21,0.2247191011235955,0.20930232558139536,-0.01541677554220014
966229,1,+049:+005,France,50_to_100km,zero=0;rare=0;common=31,31,21,0.2909090909090909,0.3076923076923077,0.016783216783216814
966535,1,+055:+010,Denmark,20_to_50km,zero=0;rare=0;common=24,24,21,0.391304347826087,0.4,0.008695652173913049
970709,1,+049:+007,France,20_to_50km,zero=0;rare=0;common=10,10,22,0.23529411764705882,0.25,0.01470588235294118
971632,1,+047:+005,France,50_to_100km,zero=0;rare=0;common=32,32,26,0.5517241379310345,0.5517241379310345,0.0
972868,1,+049:+004,France,50_to_100km,zero=0;rare=0;common=37,37,21,0.45901639344262296,0.4482758620689655,-0.010740531373657436
973644,1,+043:+006,France,50_to_100km,zero=0;rare=2;common=18,20,26,0.3181818181818182,0.30434782608695654,-0.013833992094861636
974736,1,+043:+003,France,50_to_100km,zero=0;rare=1;common=0,1,26,0.0,0.0,0.0
976715,1,+043:+006,France,20_to_50km,zero=0;rare=1;common=13,14,26,0.2631578947368421,0.3,0.0368421052631579
978701,1,+043:+006,France,50_to_100km,zero=0;rare=1;common=2,3,23,0.07692307692307693,0.07692307692307693,0.0
981678,1,+043:+003,France,50_to_100km,zero=0;rare=1;common=0,1,23,0.0,0.0,0.0
982014,1,+055:+010,Denmark,20_to_50km,zero=0;rare=0;common=10,10,20,0.4375,0.4,-0.03749999999999998
983887,1,+049:+015,Czech Republic,50_to_100km,zero=0;rare=0;common=4,4,21,0.15384615384615385,0.16,0.006153846153846149
983905,1,+049:+005,Belgium,100_to_200km,zero=0;rare=0;common=19,19,22,0.0,0.0,0.0
984178,1,+046:+023,Romania,100_to_200km,zero=1;rare=2;common=16,19,29,0.2916666666666667,0.2916666666666667,0.0
984590,1,+043:+006,France,50_to_100km,zero=1;rare=5;common=11,17,22,0.10256410256410256,0.10256410256410256,0.0
988899,1,+049:+004,France,50_to_100km,zero=0;rare=1;common=39,40,24,0.5230769230769231,0.53125,0.008173076923076894
990318,1,+055:+010,Denmark,20_to_50km,zero=0;rare=0;common=12,12,21,0.2857142857142857,0.30303030303030304,0.01731601731601734
994100,1,+046:+023,Romania,100_to_200km,zero=1;rare=6;common=13,20,29,0.20408163265306123,0.20408163265306123,0.0
994861,1,+046:-001,France,20_to_50km,zero=0;rare=0;common=11,11,26,0.4864864864864865,0.4864864864864865,0.0
994941,1,+043:+006,France,50_to_100km,zero=2;rare=13;common=15,30,23,0.0,0.03773584905660377,0.03773584905660377
996851,1,+042:+011,Italy,100_to_200km,zero=0;rare=3;common=6,9,23,0.12903225806451613,0.125,-0.0040322580645161255
998603,1,+043:+006,France,50_to_100km,zero=1;rare=6;common=11,18,25,0.047619047619047616,0.09302325581395349,0.04540420819490587
999540,1,+043:+003,France,50_to_100km,zero=0;rare=1;common=0,1,22,0.0,0.0,0.0
1002233,1,+054:+012,Denmark,20_to_50km,zero=0;rare=0;common=25,25,21,0.2978723404255319,0.30434782608695654,0.00647548566142464
1003516,1,+043:+003,France,50_to_100km,zero=0;rare=1;common=0,1,23,0.0,0.0,0.0
1005409,1,+037:+012,Italy,50_to_100km,zero=6;rare=4;common=7,17,26,0.0975609756097561,0.09302325581395349,-0.004537719795802614
1008101,1,+042:+011,Italy,100_to_200km,zero=0;rare=1;common=5,6,21,0.3076923076923077,0.2962962962962963,-0.01139601139601143
1011735,1,+043:+006,France,50_to_100km,zero=0;rare=2;common=18,20,25,0.2727272727272727,0.26666666666666666,-0.006060606060606044
1011855,1,+049:+005,France,50_to_100km,zero=0;rare=1;common=29,30,23,0.4074074074074074,0.41509433962264153,0.0076869322152341435
1013140,1,+043:+003,France,50_to_100km,zero=0;rare=1;common=12,13,24,0.47368421052631576,0.4864864864864865,0.01280227596017075
1014420,1,+049:+005,Belgium,100_to_200km,zero=0;rare=0;common=6,6,22,0.0,0.0,0.0
1014475,1,+049:+004,France,100_to_200km,zero=0;rare=0;common=28,28,19,0.5416666666666666,0.5106382978723404,-0.031028368794326244
1017660,1,+046:-001,France,20_to_50km,zero=0;rare=0;common=13,13,25,0.6153846153846154,0.631578947368421,0.0161943319838056
1017945,1,+045:+000,France,20_to_50km,zero=0;rare=0;common=13,13,23,0.2564102564102564,0.2777777777777778,0.021367521367521403
1020248,1,+043:+010,Italy,100_to_200km,zero=1;rare=3;common=2,6,21,0.0,0.0,0.0
1022108,1,+043:+003,France,50_to_100km,zero=0;rare=1;common=0,1,23,0.0,0.0,0.0
1022418,1,+045:+003,France,50_to_100km,zero=0;rare=0;common=17,17,27,0.4090909090909091,0.4090909090909091,0.0
1023140,1,+045:+003,France,50_to_100km,zero=0;rare=1;common=19,20,27,0.17391304347826086,0.2127659574468085,0.03885291396854765
1023758,1,+042:+011,Italy,100_to_200km,zero=2;rare=3;common=3,8,22,0.0,0.0,0.0
1023925,1,+049:+005,France,50_to_100km,zero=0;rare=1;common=31,32,18,0.34615384615384615,0.32,-0.02615384615384614
1024813,1,+043:+003,France,50_to_100km,zero=0;rare=2;common=0,2,23,0.0,0.0,0.0
1026401,1,+054:+012,Denmark,20_to_50km,zero=0;rare=0;common=16,16,19,0.35294117647058826,0.34285714285714286,-0.010084033613445398
1026900,1,+047:+005,France,50_to_100km,zero=0;rare=0;common=32,32,27,0.4406779661016949,0.4406779661016949,0.0
1028192,1,+045:+000,France,20_to_50km,zero=0;rare=0;common=13,13,25,0.358974358974359,0.3684210526315789,0.009446693657219951
1028848,1,+045:+003,France,20_to_50km,zero=0;rare=1;common=36,37,30,0.5230769230769231,0.5671641791044776,0.04408725602755448
1029048,1,+046:+023,Romania,100_to_200km,zero=0;rare=3;common=17,20,30,0.3673469387755102,0.36,-0.007346938775510237
1032874,1,+043:+006,France,50_to_100km,zero=0;rare=2;common=14,16,23,0.5,0.46153846153846156,-0.038461538461538436
1034388,1,+037:+012,Italy,20_to_50km,zero=3;rare=7;common=15,25,25,0.2857142857142857,0.28,-0.005714285714285672
1034920,1,+046:-001,France,20_to_50km,zero=0;rare=0;common=11,11,25,0.3888888888888889,0.3888888888888889,0.0
1037973,1,+042:+011,Italy,100_to_200km,zero=0;rare=3;common=6,9,23,0.1935483870967742,0.1875,-0.006048387096774188
1042249,1,+055:+010,Denmark,20_to_50km,zero=0;rare=0;common=42,42,23,0.4,0.4,0.0
1042508,1,+046:+023,Romania,100_to_200km,zero=0;rare=0;common=35,35,31,0.3582089552238806,0.36363636363636365,0.00542740841248307
1043880,1,+043:+006,France,20_to_50km,zero=0;rare=1;common=10,11,23,0.36363636363636365,0.35294117647058826,-0.010695187165775388
1043978,1,+055:+010,Denmark,20_to_50km,zero=0;rare=0;common=27,27,22,0.44,0.40816326530612246,-0.031836734693877544
1044065,1,+043:+006,France,50_to_100km,zero=1;rare=4;common=8,13,23,0.32432432432432434,0.3333333333333333,0.009009009009008973
1044180,1,+045:+000,France,20_to_50km,zero=0;rare=0;common=28,28,27,0.6666666666666666,0.6909090909090909,0.024242424242424288
1044210,1,+043:+006,France,50_to_100km,zero=1;rare=7;common=1,9,24,0.06060606060606061,0.06060606060606061,0.0
1044326,1,+055:+010,Denmark,20_to_50km,zero=0;rare=0;common=20,20,22,0.5,0.5238095238095238,0.023809523809523836
1046190,1,+049:+005,France,50_to_100km,zero=0;rare=0;common=23,23,25,0.48,0.5,0.020000000000000018
1046910,1,+043:+003,France,50_to_100km,zero=0;rare=1;common=0,1,24,0.0,0.0,0.0
1048166,1,+043:+006,France,50_to_100km,zero=0;rare=2;common=5,7,25,0.0,0.0,0.0
1049536,1,+042:+011,Italy,100_to_200km,zero=4;rare=2;common=2,8,23,0.0,0.0,0.0
1050362,1,+055:+010,Denmark,20_to_50km,zero=0;rare=0;common=5,5,19,0.32,0.3333333333333333,0.013333333333333308
1055237,1,+043:+003,France,50_to_100km,zero=0;rare=1;common=0,1,22,0.0,0.0,0.0
1056539,1,+043:+006,France,50_to_100km,zero=1;rare=8;common=23,32,24,0.0,0.0,0.0
1057916,1,+046:+023,Romania,100_to_200km,zero=2;rare=2;common=16,20,26,0.09090909090909091,0.13043478260869565,0.03952569169960474
1058020,1,+043:+006,France,50_to_100km,zero=1;rare=7;common=21,29,23,0.11538461538461539,0.11538461538461539,0.0
1060678,1,+043:+003,France,100_to_200km,zero=1;rare=2;common=16,19,23,0.46511627906976744,0.47619047619047616,0.011074197120708729
1061984,1,+046:+023,Romania,100_to_200km,zero=2;rare=2;common=19,23,29,0.3137254901960784,0.2692307692307692,-0.04449472096530921
1065314,1,+055:+010,Denmark,20_to_50km,zero=0;rare=0;common=13,13,17,0.5454545454545454,0.6,0.054545454545454564
1065425,1,+049:+005,France,50_to_100km,zero=0;rare=0;common=18,18,22,0.38095238095238093,0.4,0.01904761904761909
1066199,1,+043:+003,France,100_to_200km,zero=0;rare=4;common=13,17,24,0.5238095238095238,0.5365853658536586,0.012775842044134733
1066914,1,+055:+010,Denmark,20_to_50km,zero=0;rare=0;common=11,11,18,0.45161290322580644,0.4827586206896552,0.031145717463848754
1067085,1,+043:+006,France,50_to_100km,zero=1;rare=5;common=13,19,23,0.0,0.0,0.0
1070987,1,+050:+006,Germany,20_to_50km,zero=0;rare=0;common=20,20,23,0.4,0.37209302325581395,-0.027906976744186074
1072484,1,+046:-001,France,50_to_100km,zero=0;rare=0;common=17,17,25,0.4186046511627907,0.42857142857142855,0.009966777408637828
1072953,1,+055:+010,Denmark,20_to_50km,zero=0;rare=0;common=15,15,23,0.41025641025641024,0.42105263157894735,0.010796221322537103
1073353,1,+043:+010,Italy,100_to_200km,zero=1;rare=2;common=0,3,23,0.0,0.0,0.0
1073374,1,+045:+003,France,50_to_100km,zero=0;rare=1;common=35,36,25,0.3225806451612903,0.32786885245901637,0.005288207297726055
1074328,1,+043:+003,France,50_to_100km,zero=0;rare=1;common=0,1,27,0.0,0.0,0.0
1078475,1,+043:+003,France,50_to_100km,zero=2;rare=8;common=20,30,26,0.07142857142857142,0.07142857142857142,0.0
1080380,1,+046:+023,Romania,100_to_200km,zero=0;rare=2;common=26,28,26,0.23076923076923078,0.25925925925925924,0.028490028490028463
1081086,1,+047:+005,France,50_to_100km,zero=0;rare=0;common=12,12,27,0.42105263157894735,0.41025641025641024,-0.010796221322537103
1081579,1,+046:+023,Romania,100_to_200km,zero=0;rare=2;common=3,5,25,0.0,0.0,0.0
1083382,1,+043:+006,France,50_to_100km,zero=1;rare=3;common=13,17,25,0.4186046511627907,0.42857142857142855,0.009966777408637828
1087348,1,+043:+003,France,50_to_100km,zero=0;rare=2;common=0,2,22,0.0,0.0,0.0
1088626,1,+046:+023,Romania,100_to_200km,zero=3;rare=6;common=19,28,32,0.1,0.1,0.0
1088670,1,+055:+010,Denmark,20_to_50km,zero=0;rare=1;common=8,9,18,0.4827586206896552,0.5185185185185185,0.035759897828863296
1089683,1,+042:+011,Italy,100_to_200km,zero=0;rare=1;common=1,2,21,0.0,0.0,0.0
1095986,1,+043:+006,France,20_to_50km,zero=0;rare=1;common=12,13,25,0.2702702702702703,0.2631578947368421,-0.007112375533428195
1096950,1,+043:+003,France,50_to_100km,zero=0;rare=1;common=0,1,23,0.0,0.0,0.0
1098108,1,+055:+010,Denmark,20_to_50km,zero=0;rare=0;common=11,11,23,0.2857142857142857,0.29411764705882354,0.00840336134453784
1100489,1,+054:+012,Denmark,20_to_50km,zero=0;rare=0;common=9,9,18,0.3448275862068966,0.37037037037037035,0.025542784163473775
1102663,1,+046:+023,Romania,100_to_200km,zero=0;rare=0;common=30,30,31,0.3548387096774194,0.32786885245901637,-0.026969857218403004
1102993,1,+043:+006,France,50_to_100km,zero=1;rare=6;common=8,15,26,0.05128205128205128,0.14634146341463414,0.09505941213258286
1107835,1,+043:+006,France,50_to_100km,zero=0;rare=4;common=5,9,23,0.0,0.0,0.0
1116299,1,+045:+003,France,20_to_50km,zero=0;rare=0;common=23,23,19,0.5909090909090909,0.5714285714285714,-0.019480519480519543
1117239,1,+043:+003,France,50_to_100km,zero=1;rare=0;common=1,2,23,0.0,0.0,0.0
1118105,1,+043:+006,France,50_to_100km,zero=0;rare=3;common=13,16,24,0.47619047619047616,0.5,0.023809523809523836
1118663,1,+043:+006,France,50_to_100km,zero=1;rare=4;common=9,14,25,0.05405405405405406,0.05128205128205128,-0.0027720027720027768
1118966,1,+055:+010,Denmark,20_to_50km,zero=0;rare=0;common=18,18,19,0.42105263157894735,0.43243243243243246,0.011379800853485111
1119950,1,+049:+015,Czech Republic,50_to_100km,zero=0;rare=1;common=5,6,25,0.06666666666666667,0.06451612903225806,-0.002150537634408603
1121174,1,+043:+003,France,50_to_100km,zero=0;rare=1;common=0,1,23,0.0,0.0,0.0
1121717,1,+046:+023,Romania,100_to_200km,zero=1;rare=2;common=19,22,24,0.09302325581395349,0.13043478260869565,0.03741152679474216
1122030,1,+043:+003,France,50_to_100km,zero=1;rare=1;common=4,6,23,0.06896551724137931,0.06896551724137931,0.0
1122641,1,+046:+023,Romania,100_to_200km,zero=0;rare=1;common=26,27,31,0.3050847457627119,0.3103448275862069,0.005260081823495022
1123735,1,+055:+010,Denmark,20_to_50km,zero=0;rare=0;common=17,17,18,0.3783783783783784,0.4,0.021621621621621623
1125324,1,+043:+003,France,50_to_100km,zero=1;rare=3;common=2,6,20,0.0,0.0,0.0
1126582,1,+037:+012,Italy,20_to_50km,zero=3;rare=10;common=15,28,27,0.2545454545454545,0.2545454545454545,0.0
1131913,1,+043:+003,France,50_to_100km,zero=0;rare=1;common=3,4,26,0.0,0.0,0.0
1139967,1,+043:+003,France,50_to_100km,zero=0;rare=1;common=0,1,23,0.0,0.0,0.0
1141917,1,+042:+013,Italy,100_to_200km,zero=4;rare=7;common=33,44,25,0.15151515151515152,0.2028985507246377,0.051383399209486175
1146557,1,+054:+012,Denmark,20_to_50km,zero=0;rare=0;common=8,8,23,0.12121212121212122,0.06451612903225806,-0.05669599217986315
1147577,1,+055:+010,Denmark,20_to_50km,zero=0;rare=0;common=11,11,19,0.375,0.3333333333333333,-0.041666666666666685
1150985,1,+047:+005,France,50_to_100km,zero=0;rare=0;common=34,34,28,0.41935483870967744,0.41935483870967744,0.0
1150995,1,+043:+003,France,50_to_100km,zero=1;rare=6;common=25,32,27,0.3103448275862069,0.3050847457627119,-0.005260081823495022
1153923,1,+042:+011,Italy,100_to_200km,zero=1;rare=3;common=4,8,24,0.0625,0.0625,0.0
1154390,1,+054:+012,Denmark,20_to_50km,zero=0;rare=0;common=28,28,22,0.4,0.4,0.0
1155667,1,+045:+003,France,50_to_100km,zero=0;rare=0;common=21,21,23,0.7111111111111111,0.6818181818181818,-0.02929292929292937
1155703,1,+046:+023,Romania,100_to_200km,zero=0;rare=6;common=7,13,27,0.0,0.0,0.0
1159860,1,+043:+006,France,50_to_100km,zero=3;rare=13;common=8,24,24,0.043478260869565216,0.041666666666666664,-0.0018115942028985518
1162346,1,+043:+003,France,50_to_100km,zero=0;rare=0;common=7,7,23,0.1935483870967742,0.2,0.006451612903225823
1162543,1,+049:+005,France,100_to_200km,zero=0;rare=0;common=22,22,22,0.0,0.0,0.0
1164709,1,+043:+006,France,20_to_50km,zero=0;rare=2;common=22,24,28,0.3673469387755102,0.4230769230769231,0.05572998430141285
1165494,1,+043:+006,France,50_to_100km,zero=3;rare=4;common=2,9,22,0.0,0.0,0.0
1169571,1,+055:+010,Denmark,20_to_50km,zero=0;rare=1;common=11,12,17,0.6451612903225806,0.6206896551724138,-0.024471635150166815
1170428,1,+045:+003,France,20_to_50km,zero=0;rare=0;common=36,36,24,0.4262295081967213,0.43333333333333335,0.007103825136612063
1174235,1,+037:+012,Italy,20_to_50km,zero=4;rare=14;common=17,35,25,0.3389830508474576,0.3333333333333333,-0.005649717514124297
1174462,1,+055:+010,Denmark,20_to_50km,zero=0;rare=0;common=10,10,19,0.13333333333333333,0.13793103448275862,0.004597701149425287
1174656,1,+055:+010,Denmark,20_to_50km,zero=0;rare=0;common=16,16,22,0.3684210526315789,0.3684210526315789,0.0
1177218,1,+042:+011,Italy,100_to_200km,zero=2;rare=1;common=1,4,23,0.0,0.0,0.0
1177841,1,+046:-001,France,20_to_50km,zero=0;rare=0;common=15,15,25,0.3902439024390244,0.4,0.009756097560975618
1179757,1,+037:+012,Italy,50_to_100km,zero=2;rare=2;common=2,6,27,0.0625,0.06060606060606061,-0.0018939393939393923
1180520,1,+043:+006,France,50_to_100km,zero=0;rare=4;common=2,6,23,0.0,0.0,0.0
1181198,1,+046:+023,Romania,100_to_200km,zero=1;rare=2;common=30,33,31,0.3384615384615385,0.34375,0.00528846153846152
1182000,1,+043:+006,France,20_to_50km,zero=0;rare=1;common=18,19,27,0.4,0.391304347826087,-0.008695652173913049
1185107,1,+037:+012,Italy,50_to_100km,zero=1;rare=3;common=1,5,25,0.06896551724137931,0.06666666666666667,-0.0022988505747126436
1187126,1,+043:+006,France,50_to_100km,zero=3;rare=18;common=20,41,26,0.029850746268656716,0.029850746268656716,0.0
1187623,1,+055:+010,Denmark,20_to_50km,zero=0;rare=0;common=9,9,18,0.41379310344827586,0.4444444444444444,0.030651340996168563
1188165,1,+043:+006,France,50_to_100km,zero=0;rare=6;common=13,19,23,0.0,0.0,0.0
1188403,1,+046:+023,Romania,100_to_200km,zero=5;rare=6;common=18,29,25,0.0,0.037037037037037035,0.037037037037037035
1191932,1,+055:+010,Denmark,20_to_50km,zero=0;rare=0;common=28,28,22,0.38461538461538464,0.4,0.015384615384615385
1193672,1,+043:+006,France,50_to_100km,zero=2;rare=9;common=2,13,26,0.0,0.05128205128205128,0.05128205128205128
1195603,1,+055:+010,Denmark,20_to_50km,zero=0;rare=0;common=6,6,21,0.2857142857142857,0.2962962962962963,0.010582010582010581
1195744,1,+046:-001,France,20_to_50km,zero=0;rare=0;common=8,8,26,0.375,0.4117647058823529,0.03676470588235292
1199264,1,+043:+003,France,50_to_100km,zero=0;rare=1;common=0,1,23,0.0,0.0,0.0
1199862,1,+045:+003,France,20_to_50km,zero=0;rare=0;common=8,8,26,0.30303030303030304,0.29411764705882354,-0.0089126559714795
1200507,1,+043:+003,France,100_to_200km,zero=2;rare=3;common=2,7,26,0.06060606060606061,0.06060606060606061,0.0
1200635,1,+054:+012,Denmark,20_to_50km,zero=0;rare=1;common=14,15,20,0.2857142857142857,0.2857142857142857,0.0
1203933,1,+043:+006,France,50_to_100km,zero=0;rare=8;common=6,14,26,0.15789473684210525,0.15,-0.00789473684210526
1204365,1,+045:+003,France,50_to_100km,zero=0;rare=0;common=17,17,20,0.5128205128205128,0.5405405405405406,0.027720027720027796
1208152,1,+054:+012,Denmark,20_to_50km,zero=0;rare=0;common=56,56,23,0.4,0.4050632911392405,0.005063291139240478
1209330,1,+054:+012,Denmark,20_to_50km,zero=0;rare=0;common=14,14,22,0.2222222222222222,0.16666666666666666,-0.05555555555555555
1211950,1,+043:+003,France,50_to_100km,zero=0;rare=1;common=0,1,23,0.0,0.0,0.0
1215680,1,+049:+005,Belgium,100_to_200km,zero=0;rare=0;common=6,6,23,0.0,0.0,0.0
1216826,1,+043:+006,France,50_to_100km,zero=0;rare=3;common=3,6,25,0.06666666666666667,0.06451612903225806,-0.002150537634408603
1217031,1,+046:-001,France,20_to_50km,zero=0;rare=0;common=14,14,22,0.3333333333333333,0.3333333333333333,0.0
1218380,1,+043:+006,France,50_to_100km,zero=0;rare=12;common=11,23,26,0.0,0.0,0.0
1220500,1,+047:+005,France,50_to_100km,zero=0;rare=2;common=40,42,28,0.34285714285714286,0.34285714285714286,0.0
1222238,1,+043:+003,France,50_to_100km,zero=0;rare=0;common=9,9,21,0.3225806451612903,0.3333333333333333,0.010752688172043001
1223018,1,+055:+010,Denmark,20_to_50km,zero=0;rare=0;common=12,12,16,0.5161290322580645,0.5714285714285714,0.055299539170506895
1226370,1,+054:+012,Denmark,20_to_50km,zero=0;rare=0;common=15,15,17,0.5294117647058824,0.5625,0.03308823529411764
1229145,1,+046:+023,Romania,100_to_200km,zero=0;rare=3;common=25,28,24,0.20833333333333334,0.2692307692307692,0.060897435897435875
1234950,1,+043:+006,France,50_to_100km,zero=1;rare=7;common=18,26,25,0.04,0.0784313725490196,0.038431372549019606
1235568,1,+045:+003,France,50_to_100km,zero=0;rare=0;common=19,19,26,0.391304347826087,0.4,0.008695652173913049
1235837,1,+045:+003,France,20_to_50km,zero=0;rare=1;common=44,45,24,0.37681159420289856,0.37681159420289856,0.0
1235869,1,+049:+005,France,50_to_100km,zero=0;rare=0;common=24,24,25,0.5098039215686274,0.5306122448979592,0.0208083233293318
1236810,1,+043:+003,France,50_to_100km,zero=1;rare=1;common=16,18,25,0.38095238095238093,0.37209302325581395,-0.008859357696566983
1238524,1,+055:+010,Denmark,20_to_50km,zero=0;rare=0;common=13,13,19,0.42424242424242425,0.4375,0.013257575757575746
1241495,1,+045:+003,France,20_to_50km,zero=0;rare=0;common=10,10,24,0.4117647058823529,0.4117647058823529,0.0
1241841,1,+043:+006,France,50_to_100km,zero=0;rare=4;common=7,11,24,0.0,0.0,0.0
1245189,1,+049:+005,France,20_to_50km,zero=0;rare=0;common=14,14,23,0.42105263157894735,0.43243243243243246,0.011379800853485111
1245818,1,+055:+010,Denmark,20_to_50km,zero=0;rare=0;common=13,13,20,0.5714285714285714,0.5454545454545454,-0.025974025974025983
1246265,1,+043:+006,France,50_to_100km,zero=1;rare=3;common=9,13,24,0.05714285714285714,0.10810810810810811,0.05096525096525097
1249634,1,+046:+023,Romania,100_to_200km,zero=0;rare=2;common=20,22,31,0.4074074074074074,0.41509433962264153,0.0076869322152341435
1251136,1,+046:+023,Romania,100_to_200km,zero=1;rare=3;common=17,21,24,0.2926829268292683,0.3111111111111111,0.01842818428184284
1251684,1,+055:+010,Denmark,20_to_50km,zero=0;rare=0;common=23,23,23,0.5531914893617021,0.5652173913043478,0.012025901942645634
1251705,1,+055:+010,Denmark,20_to_50km,zero=0;rare=0;common=12,12,19,0.5,0.45161290322580644,-0.04838709677419356
1252979,1,+046:+023,Romania,100_to_200km,zero=3;rare=5;common=11,19,26,0.046511627906976744,0.044444444444444446,-0.0020671834625322974
1253357,1,+045:+000,France,20_to_50km,zero=0;rare=0;common=12,12,20,0.4117647058823529,0.4375,0.02573529411764708
1253989,1,+043:+006,France,20_to_50km,zero=4;rare=5;common=22,31,30,0.06779661016949153,0.06557377049180328,-0.002222839677688243
1254016,1,+046:+023,Romania,100_to_200km,zero=7;rare=7;common=39,53,31,0.16470588235294117,0.16666666666666666,0.0019607843137254832
1256276,1,+046:-001,France,20_to_50km,zero=0;rare=0;common=14,14,25,0.45,0.46153846153846156,0.011538461538461553
1257412,1,+043:+003,France,50_to_100km,zero=0;rare=1;common=17,18,24,0.5116279069767442,0.47619047619047616,-0.03543743078626804
1257436,1,+055:+010,Denmark,20_to_50km,zero=0;rare=0;common=11,11,18,0.06666666666666667,0.06896551724137931,0.0022988505747126436
1257647,1,+055:+010,Denmark,20_to_50km,zero=0;rare=0;common=23,23,22,0.4888888888888889,0.4888888888888889,0.0
1258292,1,+046:-001,France,50_to_100km,zero=0;rare=0;common=20,20,24,0.4090909090909091,0.4090909090909091,0.0
1261128,1,+055:+010,Denmark,20_to_50km,zero=0;rare=1;common=10,11,17,0.4666666666666667,0.42857142857142855,-0.038095238095238126
1261473,1,+050:+006,Germany,20_to_50km,zero=2;rare=2;common=20,24,23,0.391304347826087,0.3829787234042553,-0.008325624421831657
1263234,1,+043:+006,France,50_to_100km,zero=3;rare=12;common=10,25,23,0.04081632653061224,0.041666666666666664,0.0008503401360544227
1264401,1,+045:+000,France,20_to_50km,zero=0;rare=0;common=19,19,20,0.35,0.358974358974359,0.008974358974358998
1265142,1,+055:+010,Denmark,20_to_50km,zero=0;rare=1;common=33,34,22,0.3793103448275862,0.39285714285714285,0.013546798029556661
1266955,1,+045:+003,France,20_to_50km,zero=0;rare=0;common=9,9,27,0.2857142857142857,0.3333333333333333,0.047619047619047616
1267157,1,+045:+003,France,20_to_50km,zero=0;rare=0;common=20,20,20,0.6190476190476191,0.65,0.030952380952380953
1274172,1,+043:+006,France,50_to_100km,zero=0;rare=3;common=3,6,23,0.13333333333333333,0.13793103448275862,0.004597701149425287
1274360,1,+049:+005,France,50_to_100km,zero=0;rare=1;common=30,31,20,0.2545454545454545,0.23529411764705882,-0.0192513368983957
1275066,1,+043:+003,France,50_to_100km,zero=0;rare=2;common=0,2,22,0.0,0.0,0.0
1275601,1,+043:+006,France,20_to_50km,zero=0;rare=1;common=14,15,24,0.3783783783783784,0.41025641025641024,0.03187803187803184
1276600,1,+054:+012,Denmark,20_to_50km,zero=0;rare=0;common=24,24,22,0.43478260869565216,0.43478260869565216,0.0
1278144,1,+046:+023,Romania,100_to_200km,zero=3;rare=4;common=20,27,31,0.2033898305084746,0.20689655172413793,0.0035067212156633387
1278513,1,+055:+010,Denmark,20_to_50km,zero=0;rare=0;common=10,10,18,0.3333333333333333,0.35714285714285715,0.023809523809523836
1278907,1,+043:+003,France,50_to_100km,zero=0;rare=1;common=0,1,23,0.0,0.0,0.0
1282465,1,+055:+010,Denmark,20_to_50km,zero=0;rare=0;common=5,5,20,0.27586206896551724,0.32,0.04413793103448277
1285484,1,+043:+006,France,50_to_100km,zero=2;rare=7;common=4,13,22,0.0,0.0,0.0
1288947,1,+043:+006,France,50_to_100km,zero=1;rare=7;common=13,21,26,0.1702127659574468,0.1276595744680851,-0.04255319148936171
1289430,1,+046:+023,Romania,100_to_200km,zero=0;rare=1;common=18,19,31,0.35294117647058826,0.36,0.0070588235294117285
1289908,1,+043:+006,France,50_to_100km,zero=1;rare=3;common=9,13,25,0.05405405405405406,0.05263157894736842,-0.001422475106685639
1292620,1,+055:+010,Denmark,20_to_50km,zero=0;rare=0;common=15,15,23,0.3076923076923077,0.3157894736842105,0.0080971659919028
1293933,1,+055:+010,Denmark,20_to_50km,zero=0;rare=0;common=10,10,21,0.4375,0.45161290322580644,0.014112903225806439
1295679,1,+049:+005,France,100_to_200km,zero=0;rare=0;common=25,25,25,0.0,0.0,0.0
1298455,1,+055:+010,Denmark,20_to_50km,zero=0;rare=0;common=16,16,20,0.47368421052631576,0.5,0.026315789473684237
1299473,1,+054:+012,Denmark,20_to_50km,zero=0;rare=0;common=15,15,21,0.3333333333333333,0.3333333333333333,0.0
1299592,1,+043:+003,France,100_to_200km,zero=0;rare=2;common=12,14,24,0.5641025641025641,0.5789473684210527,0.014844804318488558
1303438,1,+043:+003,France,50_to_100km,zero=0;rare=1;common=0,1,23,0.0,0.0,0.0
1306278,1,+043:+006,France,50_to_100km,zero=0;rare=0;common=5,5,22,0.07407407407407407,0.07407407407407407,0.0
1308010,1,+043:+003,France,50_to_100km,zero=0;rare=2;common=0,2,23,0.0,0.0,0.0
1311114,1,+049:+004,Belgium,100_to_200km,zero=0;rare=0;common=12,12,25,0.2702702702702703,0.2702702702702703,0.0
1311489,1,+047:+005,France,50_to_100km,zero=0;rare=0;common=23,23,24,0.3333333333333333,0.3404255319148936,0.007092198581560294
1312341,1,+043:+006,France,50_to_100km,zero=2;rare=7;common=15,24,27,0.04081632653061224,0.0392156862745098,-0.0016006402561024383
1313392,1,+043:+003,France,50_to_100km,zero=0;rare=1;common=0,1,25,0.0,0.0,0.0
1314562,1,+049:+004,France,20_to_50km,zero=0;rare=0;common=27,27,24,0.34615384615384615,0.35294117647058826,0.006787330316742113
1315078,1,+055:+010,Denmark,20_to_50km,zero=0;rare=0;common=14,14,19,0.17647058823529413,0.18181818181818182,0.005347593582887694
1315656,1,+043:+003,France,50_to_100km,zero=0;rare=2;common=1,3,24,0.0,0.0,0.0
1317037,1,+045:+000,France,20_to_50km,zero=0;rare=0;common=24,24,25,0.625,0.6530612244897959,0.028061224489795866
1319689,1,+054:+012,Denmark,20_to_50km,zero=0;rare=0;common=8,8,22,0.4,0.4,0.0
1320637,1,+042:+011,Italy,100_to_200km,zero=0;rare=1;common=5,6,23,0.20689655172413793,0.20689655172413793,0.0
1321205,1,+049:+004,France,50_to_100km,zero=0;rare=0;common=29,29,21,0.49056603773584906,0.48,-0.010566037735849076
1321377,1,+054:+012,Denmark,20_to_50km,zero=0;rare=1;common=9,10,22,0.1875,0.1875,0.0
1323471,1,+049:+004,France,100_to_200km,zero=0;rare=0;common=26,26,23,0.24,0.24489795918367346,0.004897959183673473
1324194,1,+046:+023,Romania,100_to_200km,zero=0;rare=1;common=4,5,24,0.08,0.06896551724137931,-0.011034482758620692
1324544,1,+043:+003,France,50_to_100km,zero=0;rare=1;common=0,1,23,0.0,0.0,0.0
1328326,1,+045:+003,France,20_to_50km,zero=0;rare=1;common=40,41,26,0.27692307692307694,0.29850746268656714,0.0215843857634902
1328911,1,+046:+023,Romania,100_to_200km,zero=1;rare=1;common=17,19,26,0.13953488372093023,0.17777777777777778,0.038242894056847554
1329105,1,+045:+000,France,20_to_50km,zero=0;rare=0;common=26,26,23,0.4,0.3673469387755102,-0.0326530612244898
1329125,1,+046:+023,Romania,100_to_200km,zero=2;rare=3;common=17,22,25,0.13333333333333333,0.1276595744680851,-0.005673758865248235
1329743,1,+050:+006,Germany,20_to_50km,zero=1;rare=0;common=20,21,24,0.46511627906976744,0.4444444444444444,-0.020671834625323016
1331004,1,+046:+023,Romania,100_to_200km,zero=1;rare=3;common=23,27,26,0.23529411764705882,0.22641509433962265,-0.008879023307436174
1332577,1,+046:+023,Romania,100_to_200km,zero=4;rare=9;common=23,36,32,0.20588235294117646,0.20588235294117646,0.0
1333371,1,+037:+012,Italy,20_to_50km,zero=4;rare=7;common=16,27,26,0.23076923076923078,0.22641509433962265,-0.004354136429608135
1335197,1,+037:+012,Italy,50_to_100km,zero=3;rare=5;common=12,20,29,0.20833333333333334,0.20408163265306123,-0.0042517006802721136
1337575,1,+043:+006,France,50_to_100km,zero=2;rare=4;common=8,14,24,0.0,0.0,0.0
1338095,1,+049:+005,France,50_to_100km,zero=0;rare=0;common=16,16,24,0.24390243902439024,0.25,0.0060975609756097615
1339773,1,+055:+010,Denmark,20_to_50km,zero=0;rare=0;common=21,21,20,0.46511627906976744,0.4878048780487805,0.02268859897901304
1340885,1,+043:+003,France,50_to_100km,zero=0;rare=2;common=0,2,23,0.0,0.0,0.0
1341784,1,+055:+010,Denmark,20_to_50km,zero=0;rare=1;common=33,34,19,0.2962962962962963,0.3018867924528302,0.005590496156533897
1344490,1,+043:+003,France,50_to_100km,zero=0;rare=1;common=0,1,23,0.0,0.0,0.0
1348857,1,+043:+003,France,50_to_100km,zero=0;rare=2;common=0,2,23,0.0,0.0,0.0
1351086,1,+045:+003,France,50_to_100km,zero=0;rare=0;common=14,14,24,0.5128205128205128,0.47368421052631576,-0.03913630229419701
1351261,1,+043:+003,France,50_to_100km,zero=0;rare=2;common=0,2,23,0.0,0.0,0.0
1351459,1,+046:+023,Romania,100_to_200km,zero=0;rare=1;common=3,4,23,0.08333333333333333,0.0,-0.08333333333333333
1351826,1,+055:+010,Denmark,20_to_50km,zero=0;rare=0;common=16,16,21,0.47368421052631576,0.4864864864864865,0.01280227596017075
1351999,1,+049:+015,Czech Republic,20_to_50km,zero=0;rare=2;common=24,26,24,0.125,0.12,-0.0050000000000000044
1354054,1,+054:+012,Denmark,20_to_50km,zero=0;rare=0;common=9,9,19,0.14285714285714285,0.14285714285714285,0.0
1356638,1,+049:+004,France,100_to_200km,zero=0;rare=0;common=24,24,19,0.45454545454545453,0.46511627906976744,0.010570824524312905
1357222,1,+045:+003,France,50_to_100km,zero=0;rare=0;common=32,32,21,0.5283018867924528,0.5283018867924528,0.0
1357241,1,+043:+006,France,50_to_100km,zero=0;rare=3;common=11,14,22,0.2857142857142857,0.2777777777777778,-0.007936507936507908
1357579,1,+046:-001,France,20_to_50km,zero=0;rare=1;common=15,16,24,0.47619047619047616,0.5,0.023809523809523836
1359050,1,+055:+010,Denmark,20_to_50km,zero=0;rare=1;common=10,11,22,0.2857142857142857,0.30303030303030304,0.01731601731601734
1359273,1,+043:+006,France,50_to_100km,zero=0;rare=1;common=12,13,21,0.45714285714285713,0.47058823529411764,0.013445378151260512
1360687,1,+045:+003,France,20_to_50km,zero=0;rare=0;common=15,15,22,0.5405405405405406,0.5405405405405406,0.0
1362428,1,+037:+012,Italy,50_to_100km,zero=2;rare=1;common=2,5,28,0.0625,0.06060606060606061,-0.0018939393939393923
1362713,1,+055:+010,Denmark,20_to_50km,zero=0;rare=0;common=22,22,19,0.38095238095238093,0.3902439024390244,0.009291521486643473
1363398,1,+045:+000,France,20_to_50km,zero=0;rare=0;common=27,27,26,0.5283018867924528,0.5283018867924528,0.0
1364032,1,+043:+006,France,20_to_50km,zero=0;rare=0;common=28,28,29,0.3448275862068966,0.3508771929824561,0.006049606775559546
1367799,1,+045:+000,France,20_to_50km,zero=0;rare=0;common=10,10,25,0.2222222222222222,0.22857142857142856,0.006349206349206354
1370003,1,+046:-001,France,20_to_50km,zero=0;rare=0;common=16,16,22,0.42105263157894735,0.42105263157894735,0.0
1371320,1,+055:+010,Denmark,20_to_50km,zero=0;rare=0;common=5,5,21,0.14814814814814814,0.07692307692307693,-0.07122507122507121
1372148,1,+049:+005,France,50_to_100km,zero=0;rare=0;common=21,21,25,0.041666666666666664,0.043478260869565216,0.0018115942028985518
1373013,1,+045:+003,France,20_to_50km,zero=0;rare=2;common=23,25,27,0.5,0.5,0.0
1373114,1,+045:+003,France,50_to_100km,zero=0;rare=1;common=43,44,23,0.23529411764705882,0.23880597014925373,0.0035118525021949065
1374518,1,+043:+006,France,50_to_100km,zero=0;rare=13;common=7,20,23,0.045454545454545456,0.046511627906976744,0.0010570824524312877
1376323,1,+054:+012,Denmark,20_to_50km,zero=0;rare=0;common=18,18,21,0.45,0.46153846153846156,0.011538461538461553
1376779,1,+043:+006,France,50_to_100km,zero=1;rare=10;common=17,28,27,0.14814814814814814,0.14545454545454545,-0.0026936026936026924
1376907,1,+037:+012,Italy,50_to_100km,zero=3;rare=2;common=2,7,24,0.14814814814814814,0.12903225806451613,-0.019115890083632014
1377187,1,+046:+023,Romania,100_to_200km,zero=1;rare=4;common=21,26,24,0.13043478260869565,0.16,0.029565217391304355
1378191,1,+043:+006,France,50_to_100km,zero=0;rare=1;common=16,17,24,0.35,0.3902439024390244,0.040243902439024426
1378658,1,+043:+003,France,50_to_100km,zero=0;rare=1;common=0,1,23,0.0,0.0,0.0
1380252,1,+043:+006,France,50_to_100km,zero=3;rare=9;common=13,25,27,0.0392156862745098,0.038461538461538464,-0.0007541478129713397
1382716,1,+043:+003,France,50_to_100km,zero=0;rare=1;common=37,38,21,0.36666666666666664,0.3728813559322034,0.006214689265536755
1383416,1,+055:+010,Denmark,20_to_50km,zero=0;rare=1;common=16,17,19,0.32432432432432434,0.3333333333333333,0.009009009009008973
1385781,1,+046:+023,Romania,100_to_200km,zero=0;rare=1;common=26,27,31,0.2711864406779661,0.27586206896551724,0.004675628287551137
1387739,1,+043:+006,France,50_to_100km,zero=0;rare=4;common=10,14,23,0.0,0.0,0.0
1388334,1,+054:+012,Denmark,20_to_50km,zero=0;rare=0;common=9,9,19,0.27586206896551724,0.2857142857142857,0.009852216748768461
1392250,1,+049:+015,Czech Republic,20_to_50km,zero=0;rare=2;common=18,20,27,0.043478260869565216,0.0425531914893617,-0.0009250693802035151
1392294,1,+045:+003,France,50_to_100km,zero=0;rare=0;common=17,17,25,0.37209302325581395,0.38095238095238093,0.008859357696566983
1393882,1,+046:+023,Romania,100_to_200km,zero=1;rare=4;common=31,36,31,0.4117647058823529,0.417910447761194,0.006145741878841093
1395325,1,+045:+003,France,20_to_50km,zero=0;rare=0;common=21,21,26,0.5416666666666666,0.5531914893617021,0.01152482269503552
1397434,1,+043:+006,France,50_to_100km,zero=2;rare=6;common=10,18,26,0.19047619047619047,0.18181818181818182,-0.008658008658008642
1398182,1,+054:+012,Denmark,20_to_50km,zero=0;rare=0;common=12,12,22,0.5294117647058824,0.5294117647058824,0.0
1399801,1,+049:+005,France,50_to_100km,zero=0;rare=0;common=15,15,24,0.3902439024390244,0.41025641025641024,0.02001250781738584
1400102,1,+037:+012,Italy,50_to_100km,zero=1;rare=5;common=7,13,24,0.32432432432432434,0.32432432432432434,0.0
1401660,1,+055:+010,Denmark,20_to_50km,zero=0;rare=0;common=18,18,19,0.3684210526315789,0.3783783783783784,0.009957325746799472
1402413,1,+043:+003,France,50_to_100km,zero=0;rare=1;common=0,1,22,0.0,0.0,0.0
1403127,1,+050:+006,Germany,20_to_50km,zero=1;rare=2;common=17,20,24,0.32558139534883723,0.3181818181818182,-0.007399577167019056
1404486,1,+046:+023,Romania,100_to_200km,zero=4;rare=9;common=15,28,27,0.037037037037037035,0.03636363636363636,-0.0006734006734006731
1405039,1,+043:+003,France,100_to_200km,zero=1;rare=5;common=12,18,27,0.36363636363636365,0.35555555555555557,-0.008080808080808077
1406704,1,+046:+023,Romania,100_to_200km,zero=0;rare=6;common=3,9,24,0.0,0.0,0.0
1407382,1,+055:+010,Denmark,20_to_50km,zero=0;rare=0;common=28,28,20,0.52,0.5,-0.020000000000000018
1407883,1,+045:+000,France,20_to_50km,zero=0;rare=0;common=18,18,20,0.4,0.42105263157894735,0.021052631578947323
1409252,1,+046:+023,Romania,100_to_200km,zero=0;rare=3;common=11,14,24,0.058823529411764705,0.10526315789473684,0.04643962848297213
1409317,1,+042:+011,Italy,100_to_200km,zero=0;rare=1;common=6,7,23,0.26666666666666666,0.26666666666666666,0.0
1419067,1,+054:+012,Denmark,20_to_50km,zero=0;rare=0;common=20,20,19,0.3,0.2564102564102564,-0.0435897435897436
1419711,1,+049:+005,France,50_to_100km,zero=0;rare=1;common=40,41,23,0.24615384615384617,0.25,0.0038461538461538325
1421968,1,+042:+011,Italy,100_to_200km,zero=3;rare=2;common=1,6,24,0.06666666666666667,0.06666666666666667,0.0
1422619,1,+047:+005,France,50_to_100km,zero=0;rare=1;common=43,44,25,0.45714285714285713,0.463768115942029,0.0066252587991718626
1423239,1,+046:+023,Romania,100_to_200km,zero=0;rare=3;common=24,27,31,0.4067796610169492,0.41379310344827586,0.0070134424313266774
1424051,1,+055:+010,Denmark,20_to_50km,zero=0;rare=0;common=20,20,21,0.37209302325581395,0.3902439024390244,0.018150879183210455
1424305,1,+046:+023,Romania,100_to_200km,zero=0;rare=4;common=15,19,23,0.05128205128205128,0.047619047619047616,-0.003663003663003664
1424729,1,+049:+005,France,50_to_100km,zero=0;rare=0;common=22,22,26,0.4166666666666667,0.4166666666666667,0.0
1424797,1,+046:+023,Romania,100_to_200km,zero=1;rare=4;common=22,27,30,0.24561403508771928,0.24561403508771928,0.0
1425386,1,+046:+023,Romania,100_to_200km,zero=6;rare=6;common=11,23,26,0.043478260869565216,0.08163265306122448,0.03815439219165927
1428406,1,+055:+010,Denmark,20_to_50km,zero=0;rare=0;common=14,14,21,0.4444444444444444,0.45714285714285713,0.012698412698412709
1428724,1,+050:+006,Germany,20_to_50km,zero=2;rare=2;common=19,23,23,0.4,0.391304347826087,-0.008695652173913049
1429642,1,+046:+023,Romania,100_to_200km,zero=1;rare=1;common=10,12,25,0.058823529411764705,0.05405405405405406,-0.004769475357710648
1430080,1,+055:+010,Denmark,20_to_50km,zero=0;rare=1;common=23,24,23,0.4489795918367347,0.46808510638297873,0.01910551454624404
1431083,1,+049:+005,France,50_to_100km,zero=0;rare=0;common=25,25,23,0.40816326530612246,0.4166666666666667,0.008503401360544227
1431360,1,+045:+003,France,50_to_100km,zero=0;rare=2;common=38,40,27,0.2647058823529412,0.26865671641791045,0.003950834064969266
1434740,1,+054:+012,Denmark,20_to_50km,zero=0;rare=0;common=9,9,22,0.4666666666666667,0.45161290322580644,-0.015053763440860235
1435001,1,+046:+023,Romania,100_to_200km,zero=3;rare=4;common=12,19,26,0.13953488372093023,0.13333333333333333,-0.006201550387596899
1435918,1,+054:+012,Denmark,20_to_50km,zero=0;rare=1;common=25,26,23,0.23529411764705882,0.20408163265306123,-0.03121248499399759
1437976,1,+046:+023,Romania,100_to_200km,zero=1;rare=1;common=30,32,32,0.28125,0.28125,0.0
1439373,1,+042:+011,Italy,100_to_200km,zero=3;rare=4;common=6,13,21,0.12121212121212122,0.11764705882352941,-0.0035650623885918054
1441394,1,+055:+010,Denmark,20_to_50km,zero=0;rare=0;common=25,25,21,0.4166666666666667,0.391304347826087,-0.025362318840579712
1443684,1,+037:+012,Italy,50_to_100km,zero=4;rare=3;common=11,18,27,0.13953488372093023,0.17777777777777778,0.038242894056847554
1447405,1,+047:+005,France,50_to_100km,zero=0;rare=0;common=19,19,23,0.32558139534883723,0.3333333333333333,0.007751937984496082
1454344,1,+046:+023,Romania,100_to_200km,zero=0;rare=3;common=28,31,32,0.38095238095238093,0.38095238095238093,0.0
1455764,1,+055:+010,Denmark,20_to_50km,zero=0;rare=0;common=18,18,21,0.35,0.358974358974359,0.008974358974358998
1456034,1,+043:+006,France,50_to_100km,zero=5;rare=8;common=10,23,28,0.0392156862745098,0.11764705882352941,0.0784313725490196
1456677,1,+043:+006,France,50_to_100km,zero=1;rare=6;common=11,18,24,0.09302325581395349,0.09523809523809523,0.0022148394241417457
1459732,1,+045:+003,France,50_to_100km,zero=1;rare=0;common=33,34,22,0.41379310344827586,0.42857142857142855,0.014778325123152691
1460849,1,+043:+003,France,50_to_100km,zero=0;rare=1;common=0,1,22,0.0,0.0,0.0
1462099,1,+046:+023,Romania,100_to_200km,zero=0;rare=1;common=17,18,26,0.38095238095238093,0.36363636363636365,-0.017316017316017285
1462221,1,+049:+007,France,20_to_50km,zero=0;rare=0;common=5,5,19,0.24,0.25,0.010000000000000009
1463779,1,+047:+005,France,50_to_100km,zero=0;rare=0;common=26,26,26,0.46153846153846156,0.5,0.038461538461538436
1465495,1,+043:+006,France,50_to_100km,zero=2;rare=12;common=8,22,24,0.044444444444444446,0.043478260869565216,-0.00096618357487923
1466457,1,+045:+003,France,50_to_100km,zero=0;rare=0;common=25,25,25,0.5490196078431373,0.56,0.01098039215686275
1467809,1,+047:+005,France,50_to_100km,zero=0;rare=0;common=30,30,27,0.3508771929824561,0.3508771929824561,0.0
1469808,1,+047:+005,France,50_to_100km,zero=0;rare=1;common=28,29,24,0.509090909090909,0.5283018867924528,0.019210977701543785
1470799,1,+046:+023,Romania,100_to_200km,zero=6;rare=6;common=23,35,31,0.1791044776119403,0.18181818181818182,0.002713704206241535
1472082,1,+043:+003,France,50_to_100km,zero=0;rare=1;common=0,1,26,0.0,0.0,0.0
1473944,1,+046:+023,Romania,100_to_200km,zero=2;rare=1;common=18,21,31,0.22641509433962265,0.19230769230769232,-0.03410740203193033
1475876,1,+043:+003,France,50_to_100km,zero=0;rare=4;common=17,21,25,0.26666666666666666,0.30434782608695654,0.03768115942028988
1476802,1,+049:+015,Czech Republic,50_to_100km,zero=0;rare=0;common=3,3,20,0.08695652173913043,0.08695652173913043,0.0
1476947,1,+042:+013,Italy,100_to_200km,zero=6;rare=6;common=9,21,25,0.09302325581395349,0.08695652173913043,-0.006066734074823055
1476987,1,+045:+000,France,20_to_50km,zero=0;rare=0;common=21,21,21,0.3333333333333333,0.3333333333333333,0.0
1477941,1,+042:+011,Italy,100_to_200km,zero=4;rare=2;common=2,8,23,0.0,0.0,0.0
1479921,1,+043:+006,France,50_to_100km,zero=5;rare=10;common=17,32,23,0.0,0.03636363636363636,0.03636363636363636
1480446,1,+045:+003,France,50_to_100km,zero=0;rare=0;common=13,13,24,0.5263157894736842,0.5405405405405406,0.01422475106685639
1480489,1,+046:+023,Romania,100_to_200km,zero=0;rare=5;common=5,10,25,0.0,0.0,0.0
1483130,1,+047:+005,France,50_to_100km,zero=0;rare=0;common=29,29,24,0.5185185185185185,0.5283018867924528,0.009783368273934334
1484723,1,+043:+003,France,50_to_100km,zero=4;rare=2;common=3,9,20,0.06666666666666667,0.06896551724137931,0.0022988505747126436
1485468,1,+046:+023,Romania,100_to_200km,zero=1;rare=1;common=17,19,29,0.0425531914893617,0.041666666666666664,-0.0008865248226950367
1488437,1,+043:+006,France,50_to_100km,zero=2;rare=6;common=9,17,27,0.09302325581395349,0.13636363636363635,0.043340380549682866
1491249,1,+046:+023,Romania,100_to_200km,zero=0;rare=1;common=5,6,24,0.0,0.0,0.0
1492340,1,+042:+011,Italy,100_to_200km,zero=4;rare=3;common=1,8,23,0.0,0.0,0.0
1492666,1,+043:+003,France,50_to_100km,zero=0;rare=2;common=0,2,23,0.0,0.0,0.0
1493417,1,+055:+010,Denmark,20_to_50km,zero=0;rare=0;common=36,36,21,0.3793103448275862,0.38596491228070173,0.006654567453115545
1494046,1,+043:+006,France,50_to_100km,zero=0;rare=3;common=8,11,24,0.0,0.0,0.0
1496457,1,+043:+006,France,50_to_100km,zero=0;rare=2;common=3,5,26,0.06451612903225806,0.06451612903225806,0.0
1496647,1,+055:+010,Denmark,20_to_50km,zero=0;rare=0;common=13,13,23,0.2222222222222222,0.2222222222222222,0.0
1496971,1,+043:+003,France,50_to_100km,zero=0;rare=1;common=0,1,25,0.0,0.0,0.0
1497721,1,+043:+003,France,50_to_100km,zero=0;rare=0;common=10,10,27,0.2222222222222222,0.2702702702702703,0.048048048048048075
1499791,1,+043:+006,France,50_to_100km,zero=0;rare=6;common=14,20,26,0.17391304347826086,0.17391304347826086,0.0
1500956,1,+043:+006,France,50_to_100km,zero=1;rare=3;common=8,12,22,0.29411764705882354,0.23529411764705882,-0.05882352941176472
1501290,1,+049:+005,Belgium,100_to_200km,zero=0;rare=0;common=5,5,22,0.0,0.0,0.0
1502240,1,+037:+012,Italy,50_to_100km,zero=0;rare=7;common=6,13,25,0.2702702702702703,0.2631578947368421,-0.007112375533428195
1503100,1,+046:+023,Romania,100_to_200km,zero=1;rare=3;common=8,12,24,0.0625,0.05555555555555555,-0.0069444444444444475
1503394,1,+037:+012,Italy,50_to_100km,zero=1;rare=5;common=8,14,28,0.2857142857142857,0.23809523809523808,-0.047619047619047616
1503586,1,+046:+023,Romania,100_to_200km,zero=0;rare=0;common=21,21,31,0.2641509433962264,0.3076923076923077,0.0435413642960813
1513872,1,+043:+003,France,50_to_100km,zero=2;rare=1;common=1,4,20,0.08,0.08333333333333333,0.003333333333333327
1514898,1,+049:+005,France,50_to_100km,zero=0;rare=0;common=22,22,24,0.425531914893617,0.43478260869565216,0.009250693802035137
1516707,1,+045:+003,France,20_to_50km,zero=0;rare=0;common=29,29,20,0.4897959183673469,0.4897959183673469,0.0
1518346,1,+049:+005,France,50_to_100km,zero=0;rare=1;common=52,53,20,0.2191780821917808,0.2191780821917808,0.0
1518991,1,+037:+012,Italy,20_to_50km,zero=10;rare=13;common=21,44,27,0.2,0.22535211267605634,0.025352112676056332
1522891,1,+055:+010,Denmark,20_to_50km,zero=0;rare=0;common=15,15,18,0.45714285714285713,0.48484848484848486,0.027705627705627733
1524915,1,+043:+006,France,50_to_100km,zero=0;rare=0;common=12,12,26,0.5555555555555556,0.5789473684210527,0.023391812865497075
1525446,1,+043:+006,France,50_to_100km,zero=1;rare=6;common=16,23,21,0.0,0.0,0.0
1527111,1,+049:+015,Czech Republic,20_to_50km,zero=0;rare=0;common=24,24,24,0.5454545454545454,0.5833333333333334,0.037878787878787956
1527266,1,+037:+012,Italy,50_to_100km,zero=0;rare=5;common=7,12,28,0.2,0.2,0.0
1527720,1,+042:+011,Italy,100_to_200km,zero=2;rare=1;common=1,4,23,0.0,0.0,0.0
1529858,1,+043:+006,France,20_to_50km,zero=0;rare=2;common=13,15,26,0.358974358974359,0.34146341463414637,-0.01751094434021261
1530233,1,+043:+003,France,50_to_100km,zero=0;rare=4;common=20,24,25,0.375,0.3673469387755102,-0.007653061224489777
1531261,1,+054:+012,Denmark,20_to_50km,zero=0;rare=0;common=10,10,23,0.4,0.30303030303030304,-0.09696969696969698
1531482,1,+043:+003,France,50_to_100km,zero=3;rare=3;common=0,6,19,0.0,0.0,0.0
1535438,1,+043:+006,France,50_to_100km,zero=0;rare=3;common=4,7,22,0.0,0.0,0.0
1536507,1,+050:+006,Germany,20_to_50km,zero=2;rare=1;common=28,31,24,0.37037037037037035,0.4,0.029629629629629672
1539487,1,+037:+012,Italy,20_to_50km,zero=0;rare=2;common=0,2,21,0.0,0.0,0.0
1540785,1,+043:+003,France,50_to_100km,zero=6;rare=1;common=2,9,20,0.06666666666666667,0.06896551724137931,0.0022988505747126436
1542279,1,+043:+006,France,50_to_100km,zero=2;rare=2;common=3,7,25,0.06451612903225806,0.125,0.06048387096774194
1542348,1,+043:+003,France,50_to_100km,zero=0;rare=2;common=0,2,22,0.0,0.0,0.0
1546103,1,+046:+023,Romania,100_to_200km,zero=0;rare=4;common=10,14,26,0.0,0.0,0.0
1546724,1,+045:+003,France,50_to_100km,zero=0;rare=0;common=25,25,23,0.6530612244897959,0.6666666666666666,0.013605442176870763
1547522,1,+049:+004,France,50_to_100km,zero=0;rare=0;common=31,31,25,0.5517241379310345,0.5357142857142857,-0.016009852216748777
1548389,1,+055:+010,Denmark,20_to_50km,zero=0;rare=0;common=15,15,23,0.3076923076923077,0.3157894736842105,0.0080971659919028
1550965,1,+043:+006,France,50_to_100km,zero=1;rare=5;common=5,11,24,0.0,0.0,0.0
1551112,1,+043:+006,France,50_to_100km,zero=1;rare=4;common=6,11,21,0.12121212121212122,0.125,0.0037878787878787845
1554418,1,+046:+023,Romania,100_to_200km,zero=0;rare=3;common=5,8,24,0.0,0.0,0.0
1555701,1,+046:+023,Romania,100_to_200km,zero=2;rare=2;common=29,33,25,0.32142857142857145,0.3103448275862069,-0.011083743842364546
1558100,1,+054:+012,Denmark,20_to_50km,zero=0;rare=0;common=26,26,23,0.36,0.3673469387755102,0.007346938775510237
1560765,1,+043:+006,France,50_to_100km,zero=1;rare=1;common=1,3,23,0.0,0.0,0.0
1561794,1,+055:+010,Denmark,20_to_50km,zero=0;rare=0;common=9,9,20,0.45161290322580644,0.4827586206896552,0.031145717463848754
1561982,1,+055:+010,Denmark,20_to_50km,zero=0;rare=0;common=10,10,16,0.42857142857142855,0.46153846153846156,0.032967032967033016
1562427,1,+046:+023,Romania,100_to_200km,zero=0;rare=2;common=21,23,31,0.4,0.4074074074074074,0.007407407407407363
1563977,1,+055:+010,Denmark,20_to_50km,zero=0;rare=0;common=17,17,21,0.46153846153846156,0.47368421052631576,0.012145748987854199
1565430,1,+046:+023,Romania,100_to_200km,zero=1;rare=4;common=6,11,24,0.0,0.0,0.0
1567315,1,+043:+006,France,50_to_100km,zero=3;rare=5;common=3,11,23,0.0,0.0,0.0
1567370,1,+046:-001,France,20_to_50km,zero=0;rare=0;common=20,20,23,0.27906976744186046,0.27906976744186046,0.0
1569637,1,+055:+010,Denmark,20_to_50km,zero=0;rare=0;common=10,10,21,0.48484848484848486,0.45161290322580644,-0.03323558162267842
1572150,1,+043:+006,France,50_to_100km,zero=1;rare=7;common=14,22,23,0.045454545454545456,0.044444444444444446,-0.0010101010101010097
1577339,1,+055:+010,Denmark,20_to_50km,zero=0;rare=0;common=21,21,21,0.32558139534883723,0.3333333333333333,0.007751937984496082
1577938,1,+043:+006,France,50_to_100km,zero=0;rare=4;common=20,24,24,0.3404255319148936,0.375,0.03457446808510639
1580758,1,+043:+003,France,50_to_100km,zero=0;rare=1;common=0,1,22,0.0,0.0,0.0
1581778,1,+049:+005,Belgium,100_to_200km,zero=0;rare=0;common=7,7,22,0.0,0.0,0.0
1583817,1,+045:+003,France,20_to_50km,zero=0;rare=0;common=19,19,23,0.5581395348837209,0.5714285714285714,0.013289036544850474
1584834,1,+054:+012,Denmark,20_to_50km,zero=0;rare=0;common=13,13,23,0.4444444444444444,0.4444444444444444,0.0
1586081,1,+043:+006,France,50_to_100km,zero=0;rare=5;common=23,28,25,0.23076923076923078,0.2641509433962264,0.03338171262699563
1590880,1,+043:+003,France,20_to_50km,zero=0;rare=0;common=3,3,19,0.17391304347826086,0.18181818181818182,0.007905138339920958
1594407,1,+043:+006,France,50_to_100km,zero=2;rare=1;common=9,12,26,0.05263157894736842,0.05263157894736842,0.0
1596120,1,+042:+013,Italy,100_to_200km,zero=0;rare=0;common=10,10,27,0.0,0.0,0.0
1596302,1,+043:+003,France,50_to_100km,zero=0;rare=1;common=24,25,22,0.3829787234042553,0.3829787234042553,0.0
1596846,1,+046:+023,Romania,100_to_200km,zero=5;rare=13;common=47,65,31,0.24742268041237114,0.2708333333333333,0.02341065292096217
1603308,1,+045:+003,France,20_to_50km,zero=0;rare=0;common=15,15,23,0.5128205128205128,0.5263157894736842,0.013495276653171406
1606580,1,+043:+006,France,50_to_100km,zero=0;rare=2;common=10,12,23,0.2777777777777778,0.22857142857142856,-0.049206349206349226
1607132,1,+042:+011,Italy,100_to_200km,zero=1;rare=2;common=8,11,24,0.12121212121212122,0.11428571428571428,-0.006926406926406933
1607356,1,+045:+003,France,50_to_100km,zero=0;rare=0;common=24,24,22,0.3673469387755102,0.391304347826087,0.02395740905057675
1608458,1,+043:+003,France,50_to_100km,zero=0;rare=1;common=0,1,24,0.0,0.0,0.0
1610428,1,+045:+003,France,20_to_50km,zero=0;rare=0;common=35,35,20,0.42105263157894735,0.4,-0.021052631578947323
1611214,1,+049:+005,France,50_to_100km,zero=0;rare=0;common=15,15,26,0.24390243902439024,0.24390243902439024,0.0
1611966,1,+043:+006,France,50_to_100km,zero=0;rare=7;common=12,19,24,0.046511627906976744,0.046511627906976744,0.0
1618740,1,+046:-001,France,20_to_50km,zero=0;rare=0;common=14,14,23,0.2222222222222222,0.21621621621621623,-0.006006006006005982
1619979,1,+043:+006,France,50_to_100km,zero=2;rare=2;common=10,14,24,0.0,0.0,0.0
1620592,1,+055:+010,Denmark,20_to_50km,zero=0;rare=0;common=6,6,20,0.14285714285714285,0.15384615384615385,0.010989010989011005
1623253,1,+047:+005,France,50_to_100km,zero=0;rare=0;common=25,25,26,0.5098039215686274,0.5098039215686274,0.0
1623482,1,+043:+003,France,50_to_100km,zero=0;rare=1;common=0,1,26,0.0,0.0,0.0
1624714,1,+054:+012,Denmark,20_to_50km,zero=0;rare=0;common=20,20,17,0.41025641025641024,0.3783783783783784,-0.03187803187803184
1624789,1,+055:+010,Denmark,20_to_50km,zero=0;rare=1;common=12,13,19,0.36363636363636365,0.375,0.011363636363636354
1625605,1,+043:+006,France,50_to_100km,zero=2;rare=4;common=11,17,21,0.0,0.0,0.0
1627184,1,+055:+010,Denmark,20_to_50km,zero=0;rare=0;common=3,3,16,0.0,0.0,0.0
1627998,1,+042:+011,Italy,100_to_200km,zero=1;rare=0;common=4,5,21,0.24,0.23076923076923078,-0.009230769230769209
1632838,1,+043:+006,France,50_to_100km,zero=0;rare=7;common=19,26,25,0.04,0.0392156862745098,-0.0007843137254901975
1634428,1,+043:+006,France,50_to_100km,zero=0;rare=5;common=4,9,25,0.0625,0.058823529411764705,-0.003676470588235295
1634880,1,+045:+000,France,50_to_100km,zero=0;rare=0;common=24,24,25,0.44,0.4489795918367347,0.00897959183673469
1634899,1,+045:+003,France,20_to_50km,zero=0;rare=0;common=28,28,22,0.5306122448979592,0.56,0.029387755102040836
1636817,1,+049:+007,France,20_to_50km,zero=0;rare=0;common=7,7,22,0.25806451612903225,0.27586206896551724,0.017797552836484987
1638849,1,+055:+010,Denmark,20_to_50km,zero=0;rare=0;common=9,9,19,0.3448275862068966,0.35714285714285715,0.012315270935960576
1643420,1,+049:+004,France,50_to_100km,zero=0;rare=0;common=24,24,24,0.4489795918367347,0.4583333333333333,0.009353741496598622
1646472,1,+043:+006,France,50_to_100km,zero=0;rare=11;common=6,17,24,0.04878048780487805,0.04878048780487805,0.0
1647071,1,+046:+023,Romania,100_to_200km,zero=0;rare=0;common=21,21,31,0.2641509433962264,0.2692307692307692,0.005079825834542806
1647281,1,+043:+003,France,20_to_50km,zero=0;rare=1;common=34,35,26,0.3389830508474576,0.36065573770491804,0.021672686857460433
1654180,1,+049:+004,France,50_to_100km,zero=0;rare=1;common=39,40,20,0.5161290322580645,0.5,-0.016129032258064502
1656149,1,+043:+003,France,50_to_100km,zero=1;rare=1;common=0,2,22,0.0,0.0,0.0
1656369,1,+043:+006,France,50_to_100km,zero=0;rare=5;common=11,16,23,0.35,0.358974358974359,0.008974358974358998
1657140,1,+049:+004,France,20_to_50km,zero=0;rare=0;common=30,30,26,0.36363636363636365,0.35714285714285715,-0.006493506493506496
1659717,1,+043:+003,France,50_to_100km,zero=0;rare=1;common=0,1,22,0.0,0.0,0.0
1660247,1,+043:+006,France,50_to_100km,zero=1;rare=1;common=3,5,25,0.06896551724137931,0.06666666666666667,-0.0022988505747126436
1664234,1,+043:+003,France,100_to_200km,zero=2;rare=6;common=15,23,27,0.3137254901960784,0.36,0.04627450980392156
1665067,1,+043:+003,France,100_to_200km,zero=0;rare=4;common=22,26,24,0.48,0.48,0.0
1667357,1,+046:+023,Romania,100_to_200km,zero=5;rare=8;common=53,66,31,0.12244897959183673,0.14432989690721648,0.02188091731537975
1669372,1,+043:+003,France,100_to_200km,zero=0;rare=3;common=15,18,24,0.5365853658536586,0.47619047619047616,-0.060394889663182405
1673873,1,+043:+003,France,50_to_100km,zero=0;rare=2;common=0,2,22,0.0,0.0,0.0
1678288,1,+043:+003,France,50_to_100km,zero=0;rare=1;common=0,1,23,0.0,0.0,0.0
1679699,1,+046:+023,Romania,100_to_200km,zero=0;rare=1;common=3,4,25,0.0,0.0,0.0
1684115,1,+045:+003,France,20_to_50km,zero=0;rare=0;common=48,48,26,0.4864864864864865,0.4864864864864865,0.0
1685776,1,+043:+006,France,50_to_100km,zero=0;rare=2;common=11,13,24,0.05405405405405406,0.05405405405405406,0.0
1686676,1,+042:+011,Italy,100_to_200km,zero=2;rare=1;common=2,5,23,0.0,0.0,0.0
1690169,1,+037:+012,Italy,50_to_100km,zero=2;rare=1;common=0,3,26,0.0,0.0,0.0
1691732,1,+045:+003,France,20_to_50km,zero=0;rare=0;common=36,36,25,0.45161290322580644,0.45901639344262296,0.007403490216816522
1692476,1,+049:+015,Czech Republic,20_to_50km,zero=0;rare=2;common=9,11,23,0.3125,0.35294117647058826,0.04044117647058826
1693337,1,+043:+006,France,20_to_50km,zero=0;rare=1;common=22,23,26,0.5957446808510638,0.6122448979591837,0.016500217108119886
1693787,1,+055:+010,Denmark,20_to_50km,zero=0;rare=0;common=21,21,20,0.38095238095238093,0.3902439024390244,0.009291521486643473
1695145,1,+043:+006,France,50_to_100km,zero=1;rare=9;common=14,24,24,0.125,0.125,0.0
1695442,1,+043:+003,France,100_to_200km,zero=0;rare=5;common=17,22,23,0.5652173913043478,0.5777777777777777,0.01256038647342994
1699569,1,+042:+011,Italy,100_to_200km,zero=5;rare=6;common=5,16,21,0.0,0.0,0.0
1699631,1,+043:+003,France,20_to_50km,zero=0;rare=2;common=14,16,25,0.19047619047619047,0.14634146341463414,-0.04413472706155633
1699808,1,+043:+003,France,50_to_100km,zero=0;rare=2;common=0,2,22,0.0,0.0,0.0
1700384,1,+046:+023,Romania,100_to_200km,zero=1;rare=2;common=16,19,30,0.24489795918367346,0.24489795918367346,0.0
1701207,1,+047:+005,France,50_to_100km,zero=0;rare=1;common=31,32,25,0.4827586206896552,0.45614035087719296,-0.026618269812462236
1701423,1,+043:+006,France,50_to_100km,zero=0;rare=1;common=4,5,26,0.2,0.1935483870967742,-0.006451612903225823
1701601,1,+037:+012,Italy,20_to_50km,zero=5;rare=10;common=21,36,29,0.21875,0.24615384615384617,0.027403846153846168
1701856,1,+037:+012,Italy,20_to_50km,zero=6;rare=16;common=22,44,25,0.2647058823529412,0.2898550724637681,0.025149190110826947
1702621,1,+045:+003,France,20_to_50km,zero=0;rare=0;common=30,30,23,0.37037037037037035,0.33962264150943394,-0.030747728860936407
1705986,1,+045:+003,France,20_to_50km,zero=0;rare=1;common=6,7,26,0.12121212121212122,0.12121212121212122,0.0
1708122,1,+043:+003,France,100_to_200km,zero=0;rare=2;common=15,17,23,0.5365853658536586,0.55,0.013414634146341475
1711558,1,+043:+006,France,50_to_100km,zero=8;rare=9;common=14,31,22,0.0,0.0,0.0
1711576,1,+046:+023,Romania,100_to_200km,zero=1;rare=4;common=14,19,27,0.13636363636363635,0.08695652173913043,-0.04940711462450592
1712600,1,+045:+003,France,50_to_100km,zero=0;rare=1;common=38,39,24,0.47619047619047616,0.47619047619047616,0.0
1714677,1,+045:+003,France,50_to_100km,zero=0;rare=0;common=31,31,23,0.32727272727272727,0.3333333333333333,0.006060606060606044
1714981,1,+054:+012,Denmark,20_to_50km,zero=0;rare=1;common=35,36,22,0.3103448275862069,0.3103448275862069,0.0
1715171,1,+049:+015,Czech Republic,20_to_50km,zero=0;rare=1;common=15,16,28,0.23255813953488372,0.22727272727272727,-0.0052854122621564525
1718171,1,+045:+003,France,50_to_100km,zero=0;rare=0;common=29,29,26,0.509090909090909,0.509090909090909,0.0
1718553,1,+043:+006,France,50_to_100km,zero=0;rare=2;common=7,9,22,0.25,0.25806451612903225,0.008064516129032251
1720446,1,+043:+006,France,50_to_100km,zero=0;rare=1;common=5,6,24,0.26666666666666666,0.26666666666666666,0.0
1723118,1,+043:+003,France,50_to_100km,zero=0;rare=2;common=0,2,24,0.0,0.0,0.0
1723637,1,+043:+003,France,50_to_100km,zero=0;rare=2;common=0,2,23,0.0,0.0,0.0
1724256,1,+046:+023,Romania,100_to_200km,zero=0;rare=4;common=21,25,31,0.35714285714285715,0.35714285714285715,0.0
1725046,1,+055:+010,Denmark,20_to_50km,zero=0;rare=0;common=26,26,23,0.48,0.4897959183673469,0.009795918367346945
1726276,1,+055:+010,Denmark,20_to_50km,zero=0;rare=0;common=44,44,23,0.2898550724637681,0.23880597014925373,-0.0510491023145144
1726594,1,+043:+003,France,20_to_50km,zero=0;rare=3;common=21,24,25,0.04081632653061224,0.08163265306122448,0.04081632653061224
1727402,1,+049:+005,France,20_to_50km,zero=0;rare=0;common=5,5,26,0.26666666666666666,0.25806451612903225,-0.008602150537634412
1730613,1,+046:+023,Romania,100_to_200km,zero=0;rare=4;common=21,25,31,0.32142857142857145,0.32142857142857145,0.0
1731688,1,+043:+003,France,100_to_200km,zero=0;rare=3;common=13,16,25,0.38095238095238093,0.34146341463414637,-0.039488966318234564
1733435,1,+045:+003,France,20_to_50km,zero=0;rare=2;common=28,30,19,0.6,0.5714285714285714,-0.02857142857142858
1735230,1,+045:+003,France,50_to_100km,zero=0;rare=1;common=23,24,24,0.5833333333333334,0.5833333333333334,0.0
1735422,1,+055:+010,Denmark,20_to_50km,zero=0;rare=0;common=28,28,18,0.5416666666666666,0.5217391304347826,-0.019927536231884035
1737062,1,+046:-001,France,20_to_50km,zero=0;rare=0;common=15,15,25,0.25,0.25,0.0
1738125,1,+045:+003,France,20_to_50km,zero=0;rare=0;common=27,27,24,0.5490196078431373,0.5490196078431373,0.0
1739279,1,+054:+012,Denmark,20_to_50km,zero=0;rare=0;common=24,24,21,0.4782608695652174,0.4444444444444444,-0.033816425120772986
1739502,1,+046:+023,Romania,100_to_200km,zero=0;rare=2;common=1,3,25,0.0,0.0,0.0
1741158,1,+043:+003,France,50_to_100km,zero=0;rare=1;common=0,1,23,0.0,0.0,0.0
1741538,1,+055:+010,Denmark,20_to_50km,zero=0;rare=0;common=21,21,22,0.2222222222222222,0.23255813953488372,0.010335917312661508
1742951,1,+037:+012,Italy,50_to_100km,zero=1;rare=2;common=7,10,28,0.10810810810810811,0.10526315789473684,-0.002844950213371278
1743294,1,+045:+000,France,20_to_50km,zero=0;rare=0;common=24,24,25,0.6,0.6122448979591837,0.01224489795918371
1743662,1,+054:+012,Denmark,20_to_50km,zero=0;rare=0;common=23,23,20,0.37209302325581395,0.37209302325581395,0.0
1743787,1,+055:+010,Denmark,20_to_50km,zero=0;rare=0;common=11,11,18,0.3870967741935484,0.3448275862068966,-0.0422691879866518
1744715,1,+043:+006,France,50_to_100km,zero=3;rare=6;common=19,28,21,0.24489795918367346,0.24489795918367346,0.0
1745174,1,+046:+023,Romania,100_to_200km,zero=1;rare=3;common=19,23,24,0.13953488372093023,0.1702127659574468,0.030677882236516574
1745366,1,+049:+004,France,50_to_100km,zero=0;rare=0;common=7,7,21,0.3870967741935484,0.42857142857142855,0.04147465437788017
1745800,1,+043:+006,France,50_to_100km,zero=3;rare=5;common=4,12,25,0.0,0.0,0.0
1746626,1,+043:+006,France,50_to_100km,zero=2;rare=2;common=7,11,25,0.0,0.0,0.0
1746756,1,+046:+023,Romania,100_to_200km,zero=1;rare=11;common=32,44,32,0.05263157894736842,0.05263157894736842,0.0
1752512,1,+043:+006,France,50_to_100km,zero=5;rare=15;common=11,31,26,0.03636363636363636,0.07017543859649122,0.03381180223285486
1757738,1,+055:+010,Denmark,20_to_50km,zero=0;rare=0;common=4,4,19,0.3333333333333333,0.34782608695652173,0.014492753623188415
1758804,1,+043:+003,France,50_to_100km,zero=0;rare=2;common=0,2,23,0.0,0.0,0.0
1760152,1,+055:+010,Denmark,20_to_50km,zero=0;rare=0;common=12,12,17,0.26666666666666666,0.27586206896551724,0.009195402298850575
1763811,1,+049:+005,France,100_to_200km,zero=0;rare=0;common=18,18,19,0.0,0.0,0.0
1764196,1,+037:+012,Italy,20_to_50km,zero=7;rare=4;common=5,16,22,0.0,0.0,0.0
1767374,1,+050:+006,Belgium,20_to_50km,zero=0;rare=0;common=15,15,23,0.3076923076923077,0.3157894736842105,0.0080971659919028
1768447,1,+045:+003,France,20_to_50km,zero=0;rare=1;common=30,31,28,0.3157894736842105,0.3728813559322034,0.05709188224799289
1769476,1,+043:+006,France,50_to_100km,zero=1;rare=1;common=2,4,23,0.0,0.0,0.0
1774501,1,+046:+023,Romania,100_to_200km,zero=1;rare=1;common=29,31,32,0.47619047619047616,0.47619047619047616,0.0
1774999,1,+043:+003,France,50_to_100km,zero=0;rare=1;common=0,1,22,0.0,0.0,0.0
1776841,1,+046:+023,Romania,100_to_200km,zero=1;rare=3;common=11,15,28,0.09523809523809523,0.09302325581395349,-0.0022148394241417457
1777305,1,+054:+012,Denmark,20_to_50km,zero=0;rare=0;common=26,26,23,0.36,0.3673469387755102,0.007346938775510237
1778798,1,+043:+003,France,50_to_100km,zero=0;rare=5;common=17,22,26,0.2608695652173913,0.25,-0.010869565217391297
1779338,1,+042:+011,Italy,100_to_200km,zero=2;rare=2;common=0,4,23,0.0,0.0,0.0
1779683,1,+055:+010,Denmark,20_to_50km,zero=0;rare=0;common=13,13,21,0.4,0.4117647058823529,0.0117647058823529
1780997,1,+043:+006,France,50_to_100km,zero=0;rare=2;common=1,3,24,0.0,0.0,0.0
1786627,1,+055:+010,Denmark,20_to_50km,zero=0;rare=0;common=19,19,21,0.24390243902439024,0.25,0.0060975609756097615
1786673,1,+049:+005,Belgium,100_to_200km,zero=0;rare=0;common=36,36,23,0.1694915254237288,0.1694915254237288,0.0
1791527,1,+042:+011,Italy,100_to_200km,zero=1;rare=2;common=0,3,24,0.0,0.0,0.0
1794117,1,+055:+010,Denmark,20_to_50km,zero=0;rare=0;common=28,28,20,0.44,0.4166666666666667,-0.023333333333333317
1794323,1,+043:+003,France,50_to_100km,zero=3;rare=0;common=3,6,21,0.07142857142857142,0.07407407407407407,0.0026455026455026454
1798246,1,+043:+006,France,50_to_100km,zero=1;rare=1;common=10,12,26,0.2222222222222222,0.21052631578947367,-0.011695906432748537
1799270,1,+045:+003,France,20_to_50km,zero=0;rare=1;common=52,53,22,0.23076923076923078,0.24,0.009230769230769209
1799951,1,+043:+006,France,20_to_50km,zero=0;rare=0;common=18,18,26,0.55,0.5454545454545454,-0.00454545454545463
1800750,1,+043:+006,France,50_to_100km,zero=3;rare=11;common=10,24,24,0.0425531914893617,0.08333333333333333,0.04078014184397163
1803324,1,+054:+012,Denmark,20_to_50km,zero=0;rare=0;common=10,10,19,0.4666666666666667,0.4827586206896552,0.01609195402298852
1808924,1,+046:+023,Romania,100_to_200km,zero=3;rare=4;common=20,27,30,0.2807017543859649,0.2807017543859649,0.0
1811987,1,+043:+006,France,50_to_100km,zero=2;rare=5;common=7,14,22,0.1111111111111111,0.1111111111111111,0.0
1814986,1,+054:+012,Denmark,20_to_50km,zero=0;rare=1;common=23,24,26,0.3673469387755102,0.36,-0.007346938775510237
1815087,1,+047:+005,France,50_to_100km,zero=0;rare=0;common=29,29,26,0.37037037037037035,0.36363636363636365,-0.006734006734006703
1815108,1,+043:+003,France,50_to_100km,zero=0;rare=1;common=0,1,23,0.0,0.0,0.0
1817178,1,+043:+006,France,50_to_100km,zero=1;rare=9;common=11,21,26,0.043478260869565216,0.0851063829787234,0.041628122109158186
1817432,1,+045:+003,France,50_to_100km,zero=0;rare=0;common=25,25,23,0.5714285714285714,0.5833333333333334,0.011904761904761973
1817879,1,+043:+003,France,50_to_100km,zero=0;rare=1;common=5,6,23,0.06666666666666667,0.06896551724137931,0.0022988505747126436
1818166,1,+049:+004,France,100_to_200km,zero=0;rare=0;common=12,12,20,0.47058823529411764,0.5,0.02941176470588236
1819933,1,+055:+010,Denmark,20_to_50km,zero=0;rare=0;common=5,5,20,0.37037037037037035,0.4,0.029629629629629672
1821578,1,+045:+000,France,20_to_50km,zero=0;rare=0;common=10,10,20,0.5,0.4666666666666667,-0.033333333333333326
1823369,1,+049:+004,France,50_to_100km,zero=1;rare=0;common=18,19,24,0.27906976744186046,0.27906976744186046,0.0
1823990,1,+055:+010,Denmark,20_to_50km,zero=0;rare=0;common=18,18,20,0.3684210526315789,0.3684210526315789,0.0
1825625,1,+043:+006,France,20_to_50km,zero=0;rare=0;common=9,9,27,0.22857142857142856,0.2222222222222222,-0.006349206349206354
1826735,1,+043:+003,France,50_to_100km,zero=0;rare=0;common=8,8,24,0.0,0.0,0.0
1827062,1,+043:+003,France,50_to_100km,zero=0;rare=4;common=18,22,24,0.3111111111111111,0.30434782608695654,-0.006763285024154575
1827547,1,+042:+011,Italy,100_to_200km,zero=1;rare=1;common=6,8,23,0.2,0.1935483870967742,-0.006451612903225823
1828088,1,+055:+010,Denmark,20_to_50km,zero=0;rare=0;common=10,10,18,0.3333333333333333,0.35714285714285715,0.023809523809523836
1828454,1,+043:+006,France,50_to_100km,zero=1;rare=7;common=12,20,24,0.09302325581395349,0.09090909090909091,-0.0021141649048625755
1829288,1,+049:+005,France,50_to_100km,zero=0;rare=0;common=13,13,19,0.48484848484848486,0.5,0.015151515151515138
1829938,1,+043:+006,France,50_to_100km,zero=3;rare=9;common=9,21,24,0.046511627906976744,0.044444444444444446,-0.0020671834625322974
1837948,1,+037:+012,Italy,50_to_100km,zero=1;rare=6;common=6,13,26,0.10526315789473684,0.10256410256410256,-0.0026990553306342757
1839235,1,+046:+023,Romania,100_to_200km,zero=1;rare=4;common=4,9,24,0.0,0.0,0.0
1841090,1,+043:+003,France,100_to_200km,zero=1;rare=7;common=15,23,22,0.2978723404255319,0.3111111111111111,0.013238770685579215
1843828,1,+049:+005,France,50_to_100km,zero=0;rare=0;common=29,29,27,0.42105263157894735,0.42857142857142855,0.007518796992481203
1844850,1,+055:+010,Denmark,20_to_50km,zero=0;rare=1;common=10,11,19,0.3225806451612903,0.3333333333333333,0.010752688172043001
1845603,1,+043:+003,France,50_to_100km,zero=0;rare=1;common=0,1,23,0.0,0.0,0.0
1847703,1,+043:+003,France,50_to_100km,zero=0;rare=1;common=0,1,22,0.0,0.0,0.0
1847783,1,+049:+015,Czech Republic,50_to_100km,zero=0;rare=0;common=28,28,23,0.20408163265306123,0.23529411764705882,0.03121248499399759
1850409,1,+037:+012,Italy,20_to_50km,zero=4;rare=4;common=7,15,26,0.1,0.0975609756097561,-0.0024390243902439046
1850868,1,+043:+006,France,50_to_100km,zero=4;rare=3;common=9,16,28,0.0,0.0,0.0
1851383,1,+046:+023,Romania,100_to_200km,zero=1;rare=6;common=25,32,24,0.19230769230769232,0.17857142857142858,-0.013736263736263743
1853141,1,+043:+003,France,50_to_100km,zero=0;rare=4;common=14,18,21,0.2857142857142857,0.3076923076923077,0.02197802197802201
1854705,1,+043:+003,France,50_to_100km,zero=0;rare=1;common=0,1,22,0.0,0.0,0.0
1854767,1,+045:+003,France,20_to_50km,zero=0;rare=0;common=27,27,24,0.4528301886792453,0.43137254901960786,-0.02145763965963743
1856123,1,+046:+023,Romania,100_to_200km,zero=1;rare=2;common=16,19,25,0.14634146341463414,0.18181818181818182,0.035476718403547686
1860009,1,+054:+012,Denmark,20_to_50km,zero=0;rare=0;common=19,19,25,0.3111111111111111,0.3181818181818182,0.007070707070707061
1862664,1,+049:+004,France,50_to_100km,zero=0;rare=0;common=29,29,23,0.49056603773584906,0.5,0.009433962264150941
1863275,1,+043:+003,France,50_to_100km,zero=0;rare=1;common=0,1,23,0.0,0.0,0.0
1863647,1,+055:+010,Denmark,20_to_50km,zero=0;rare=0;common=12,12,19,0.1875,0.1935483870967742,0.006048387096774188
1865142,1,+043:+006,France,50_to_100km,zero=0;rare=2;common=13,15,22,0.32432432432432434,0.32432432432432434,0.0
1866116,1,+043:+003,France,50_to_100km,zero=2;rare=2;common=6,10,23,0.058823529411764705,0.06060606060606061,0.0017825311942959027
1866687,1,+043:+006,France,50_to_100km,zero=2;rare=2;common=11,15,26,0.25,0.1951219512195122,-0.0548780487804878
1867378,1,+043:+006,France,50_to_100km,zero=1;rare=7;common=4,12,27,0.05263157894736842,0.10256410256410256,0.04993252361673414
1870020,1,+054:+012,Denmark,20_to_50km,zero=0;rare=0;common=18,18,22,0.15,0.15,0.0
1870173,1,+043:+003,France,50_to_100km,zero=6;rare=5;common=1,12,19,0.0625,0.06451612903225806,0.0020161290322580627
1870648,1,+049:+005,France,20_to_50km,zero=0;rare=1;common=55,56,22,0.20512820512820512,0.20512820512820512,0.0
1870779,1,+055:+010,Denmark,20_to_50km,zero=0;rare=0;common=4,4,16,0.34782608695652173,0.4,0.05217391304347829
1870990,1,+055:+010,Denmark,20_to_50km,zero=0;rare=0;common=6,6,19,0.46153846153846156,0.48,0.018461538461538418
1874261,1,+055:+010,Denmark,20_to_50km,zero=0;rare=0;common=14,14,21,0.5,0.45714285714285713,-0.04285714285714287
1876191,1,+045:+000,France,20_to_50km,zero=0;rare=0;common=12,12,24,0.16666666666666666,0.16666666666666666,0.0
1876251,1,+046:+023,Romania,100_to_200km,zero=2;rare=6;common=23,31,31,0.15873015873015872,0.16129032258064516,0.0025601638504864355
1877506,1,+055:+010,Denmark,20_to_50km,zero=0;rare=0;common=17,17,21,0.35,0.3684210526315789,0.01842105263157895
1882886,1,+037:+012,Italy,20_to_50km,zero=2;rare=2;common=1,5,27,0.0,0.0,0.0
1887585,1,+049:+005,France,50_to_100km,zero=0;rare=0;common=14,14,22,0.6666666666666666,0.6666666666666666,0.0
1888912,1,+043:+006,France,50_to_100km,zero=6;rare=9;common=15,30,22,0.11538461538461539,0.11538461538461539,0.0
1892018,1,+043:+006,France,50_to_100km,zero=2;rare=5;common=7,14,24,0.05555555555555555,0.05263157894736842,-0.0029239766081871343
1895650,1,+049:+005,Belgium,100_to_200km,zero=0;rare=0;common=7,7,23,0.0,0.0,0.0
1895926,1,+054:+012,Denmark,20_to_50km,zero=0;rare=1;common=24,25,20,0.2608695652173913,0.26666666666666666,0.005797101449275366
1897200,1,+037:+012,Italy,50_to_100km,zero=2;rare=3;common=6,11,29,0.20512820512820512,0.2,-0.00512820512820511
1898685,1,+043:+006,France,50_to_100km,zero=0;rare=2;common=18,20,26,0.5777777777777777,0.5652173913043478,-0.01256038647342994
1898893,1,+043:+006,France,50_to_100km,zero=0;rare=2;common=12,14,24,0.15789473684210525,0.15789473684210525,0.0
1900071,1,+049:+005,France,20_to_50km,zero=1;rare=0;common=15,16,27,0.23255813953488372,0.23255813953488372,0.0
1900694,1,+043:+006,France,50_to_100km,zero=0;rare=3;common=16,19,22,0.34146341463414637,0.34146341463414637,0.0
1901046,1,+043:+003,France,50_to_100km,zero=0;rare=1;common=0,1,22,0.0,0.0,0.0
1901368,1,+046:+023,Romania,100_to_200km,zero=0;rare=4;common=5,9,25,0.0,0.0,0.0
1901828,1,+055:+010,Denmark,20_to_50km,zero=0;rare=0;common=18,18,21,0.3902439024390244,0.358974358974359,-0.03126954346466543
1903181,1,+043:+006,France,50_to_100km,zero=0;rare=4;common=6,10,24,0.29411764705882354,0.29411764705882354,0.0
1904755,1,+047:+005,France,50_to_100km,zero=0;rare=0;common=19,19,23,0.5116279069767442,0.47619047619047616,-0.03543743078626804
1910274,1,+043:+006,France,50_to_100km,zero=1;rare=0;common=10,11,23,0.05714285714285714,0.058823529411764705,0.001680672268907564
1916500,1,+046:+023,Romania,100_to_200km,zero=1;rare=3;common=19,23,31,0.21818181818181817,0.2222222222222222,0.004040404040404039
1917879,1,+037:+012,Italy,20_to_50km,zero=4;rare=3;common=9,16,23,0.2631578947368421,0.3076923076923077,0.04453441295546562
1918573,1,+042:+011,Italy,100_to_200km,zero=0;rare=1;common=5,6,23,0.07142857142857142,0.06896551724137931,-0.0024630541871921152
1918892,1,+055:+010,Denmark,20_to_50km,zero=0;rare=0;common=13,13,20,0.30303030303030304,0.30303030303030304,0.0
1920323,1,+046:+023,Romania,100_to_200km,zero=0;rare=4;common=22,26,30,0.25,0.2857142857142857,0.0357142857142857
1922126,1,+055:+010,Denmark,20_to_50km,zero=0;rare=0;common=19,19,22,0.6190476190476191,0.5853658536585366,-0.03368176538908252
1925085,1,+042:+011,Italy,100_to_200km,zero=3;rare=1;common=1,5,23,0.0,0.0,0.0
1925668,1,+043:+003,France,50_to_100km,zero=0;rare=1;common=0,1,22,0.0,0.0,0.0
1926035,1,+043:+003,France,100_to_200km,zero=7;rare=4;common=3,14,29,0.0,0.0,0.0
1926789,1,+054:+012,Denmark,20_to_50km,zero=0;rare=0;common=10,10,21,0.1875,0.1935483870967742,0.006048387096774188
1928647,1,+037:+012,Italy,20_to_50km,zero=4;rare=5;common=9,18,29,0.2608695652173913,0.2553191489361702,-0.005550416281221104
1930318,1,+054:+012,Denmark,20_to_50km,zero=0;rare=0;common=27,27,20,0.425531914893617,0.425531914893617,0.0
1930705,1,+045:+003,France,50_to_100km,zero=0;rare=0;common=24,24,27,0.5384615384615384,0.5490196078431373,0.010558069381598867
1931365,1,+043:+006,France,50_to_100km,zero=0;rare=5;common=8,13,26,0.0,0.05128205128205128,0.05128205128205128
1931533,1,+045:+003,France,50_to_100km,zero=0;rare=0;common=7,7,26,0.3870967741935484,0.36363636363636365,-0.02346041055718473
1931593,1,+055:+010,Denmark,20_to_50km,zero=0;rare=1;common=11,12,17,0.125,0.13793103448275862,0.012931034482758619
1931600,1,+049:+004,France,50_to_100km,zero=0;rare=1;common=33,34,27,0.4918032786885246,0.4918032786885246,0.0
1934962,1,+045:+003,France,20_to_50km,zero=0;rare=0;common=40,40,24,0.5230769230769231,0.5,-0.023076923076923106
1935636,1,+050:+002,France,50_to_100km,zero=0;rare=0;common=14,14,19,0.34285714285714286,0.36363636363636365,0.020779220779220786
1937509,1,+046:+023,Romania,100_to_200km,zero=1;rare=5;common=18,24,29,0.2692307692307692,0.2641509433962264,-0.005079825834542806
1942132,1,+043:+003,France,50_to_100km,zero=0;rare=1;common=0,1,23,0.0,0.0,0.0
1943841,1,+055:+010,Denmark,20_to_50km,zero=0;rare=0;common=11,11,22,0.05714285714285714,0.06060606060606061,0.0034632034632034667
1944024,1,+043:+006,France,50_to_100km,zero=0;rare=3;common=15,18,27,0.5454545454545454,0.5777777777777777,0.03232323232323231
1944056,1,+049:+005,Belgium,100_to_200km,zero=0;rare=0;common=1,1,24,0.0,0.0,0.0
1947561,1,+055:+010,Denmark,20_to_50km,zero=0;rare=0;common=18,18,22,0.3181818181818182,0.35,0.0318181818181818
1948746,1,+043:+003,France,100_to_200km,zero=1;rare=3;common=17,21,23,0.5454545454545454,0.5454545454545454,0.0
1949195,1,+047:+005,France,50_to_100km,zero=0;rare=0;common=27,27,28,0.4444444444444444,0.4727272727272727,0.0282828282828283
1949317,1,+043:+006,France,50_to_100km,zero=0;rare=6;common=18,24,26,0.3673469387755102,0.4,0.0326530612244898
1951816,1,+054:+012,Denmark,20_to_50km,zero=0;rare=0;common=24,24,21,0.3181818181818182,0.3111111111111111,-0.007070707070707061
1952084,1,+043:+006,France,50_to_100km,zero=2;rare=3;common=8,13,21,0.17647058823529413,0.17647058823529413,0.0
1952644,1,+049:+005,Belgium,100_to_200km,zero=0;rare=0;common=5,5,24,0.0,0.0,0.0
1953722,1,+055:+010,Denmark,20_to_50km,zero=0;rare=0;common=26,26,19,0.30434782608695654,0.3111111111111111,0.006763285024154575
1953745,1,+042:+011,Italy,100_to_200km,zero=1;rare=1;common=7,9,24,0.24242424242424243,0.24242424242424243,0.0
1954490,1,+043:+003,France,50_to_100km,zero=0;rare=2;common=0,2,24,0.0,0.0,0.0
1955054,1,+046:+023,Romania,100_to_200km,zero=6;rare=3;common=25,34,28,0.32786885245901637,0.3548387096774194,0.026969857218403004
1958697,1,+043:+003,France,50_to_100km,zero=0;rare=2;common=0,2,23,0.0,0.0,0.0
1959542,1,+042:+011,Italy,100_to_200km,zero=1;rare=1;common=3,5,23,0.0,0.0,0.0
1959852,1,+045:+003,France,20_to_50km,zero=0;rare=0;common=19,19,18,0.6153846153846154,0.5945945945945946,-0.02079002079002079
1960487,1,+055:+010,Denmark,20_to_50km,zero=0;rare=0;common=16,16,20,0.3684210526315789,0.3888888888888889,0.020467836257309968
1962104,1,+049:+015,Czech Republic,50_to_100km,zero=0;rare=0;common=21,21,22,0.3333333333333333,0.27906976744186046,-0.054263565891472854
1964645,1,+037:+012,Italy,20_to_50km,zero=2;rare=7;common=8,17,23,0.3076923076923077,0.3,-0.0076923076923077205
1966136,1,+046:-001,France,20_to_50km,zero=0;rare=0;common=14,14,24,0.3684210526315789,0.3684210526315789,0.0
1966232,1,+046:+023,Romania,100_to_200km,zero=2;rare=3;common=13,18,31,0.16,0.16326530612244897,0.0032653061224489632
1971619,1,+042:+011,Italy,100_to_200km,zero=3;rare=3;common=2,8,23,0.0,0.0,0.0
1975585,1,+054:+012,Denmark,20_to_50km,zero=0;rare=1;common=20,21,22,0.4186046511627907,0.4186046511627907,0.0
1977053,1,+046:+023,Romania,100_to_200km,zero=4;rare=5;common=16,25,29,0.07547169811320754,0.1111111111111111,0.03563941299790356
1978493,1,+043:+003,France,50_to_100km,zero=0;rare=2;common=0,2,23,0.0,0.0,0.0
1979153,1,+045:+003,France,20_to_50km,zero=0;rare=0;common=24,24,25,0.4583333333333333,0.4897959183673469,0.03146258503401361
1979604,1,+042:+011,Italy,100_to_200km,zero=0;rare=2;common=12,14,23,0.3333333333333333,0.32432432432432434,-0.009009009009008973
1983420,1,+045:+003,France,20_to_50km,zero=0;rare=0;common=42,42,23,0.3939393939393939,0.4,0.0060606060606061
1985469,1,+042:+011,Italy,100_to_200km,zero=2;rare=2;common=3,7,23,0.0,0.0,0.0
1986611,1,+037:+012,Italy,20_to_50km,zero=6;rare=4;common=12,22,23,0.17391304347826086,0.17777777777777778,0.00386473429951692
1986814,1,+037:+012,Italy,20_to_50km,zero=12;rare=10;common=15,37,29,0.24615384615384617,0.24242424242424243,-0.0037296037296037365
1988768,1,+045:+003,France,50_to_100km,zero=0;rare=0;common=26,26,22,0.3333333333333333,0.3333333333333333,0.0
1990131,1,+046:+023,Romania,100_to_200km,zero=0;rare=3;common=29,32,31,0.3125,0.31746031746031744,0.004960317460317443
1993058,1,+049:+005,France,50_to_100km,zero=0;rare=0;common=20,20,25,0.4782608695652174,0.4888888888888889,0.010628019323671467
1993389,1,+055:+010,Denmark,20_to_50km,zero=0;rare=0;common=10,10,22,0.1875,0.1875,0.0
1996296,1,+055:+010,Denmark,20_to_50km,zero=0;rare=1;common=11,12,19,0.375,0.3870967741935484,0.012096774193548376
1997014,1,+043:+006,France,50_to_100km,zero=0;rare=3;common=8,11,27,0.10810810810810811,0.10526315789473684,-0.002844950213371278
1997410,1,+054:+012,Denmark,20_to_50km,zero=0;rare=0;common=11,11,22,0.11428571428571428,0.12121212121212122,0.006926406926406933
1999461,1,+047:+005,France,50_to_100km,zero=0;rare=0;common=30,30,28,0.49122807017543857,0.5172413793103449,0.026013309134906293
1999567,1,+049:+005,Belgium,100_to_200km,zero=0;rare=0;common=6,6,22,0.0,0.0,0.0
2000796,1,+055:+010,Denmark,20_to_50km,zero=0;rare=0;common=24,24,24,0.40816326530612246,0.4166666666666667,0.008503401360544227
2002020,1,+043:+006,France,50_to_100km,zero=0;rare=6;common=7,13,23,0.10526315789473684,0.1111111111111111,0.005847953216374269
2003012,1,+049:+005,France,50_to_100km,zero=0;rare=0;common=30,30,29,0.5423728813559322,0.5423728813559322,0.0
2003108,1,+043:+006,France,50_to_100km,zero=0;rare=3;common=6,9,23,0.0,0.0,0.0
2013282,1,+049:+004,France,100_to_200km,zero=0;rare=0;common=25,25,18,0.4444444444444444,0.46511627906976744,0.020671834625323016
2018346,1,+049:+004,France,50_to_100km,zero=0;rare=0;common=23,23,21,0.3404255319148936,0.3181818181818182,-0.022243713733075432
2018539,1,+043:+006,France,50_to_100km,zero=0;rare=7;common=23,30,26,0.2641509433962264,0.25,-0.014150943396226412
2023560,1,+043:+006,France,50_to_100km,zero=1;rare=1;common=2,4,26,0.0,0.0,0.0
2023723,1,+043:+003,France,50_to_100km,zero=0;rare=0;common=7,7,23,0.2,0.2,0.0
2025738,1,+055:+010,Denmark,20_to_50km,zero=0;rare=0;common=11,11,21,0.2857142857142857,0.3125,0.0267857142857143
2026227,1,+045:+003,France,20_to_50km,zero=0;rare=0;common=39,39,20,0.45901639344262296,0.4067796610169492,-0.05223673242567378
2028672,1,+043:+006,France,50_to_100km,zero=1;rare=3;common=8,12,28,0.0,0.0,0.0
2029667,1,+043:+006,France,50_to_100km,zero=1;rare=14;common=6,21,27,0.0,0.0,0.0
2030730,1,+037:+012,Italy,50_to_100km,zero=3;rare=3;common=0,6,25,0.0,0.0,0.0
2032595,1,+045:+003,France,20_to_50km,zero=0;rare=1;common=24,25,27,0.3137254901960784,0.3076923076923077,-0.006033182503770718
2033946,1,+037:+012,Italy,50_to_100km,zero=2;rare=2;common=7,11,28,0.2564102564102564,0.2564102564102564,0.0
2034311,1,+043:+006,France,50_to_100km,zero=0;rare=1;common=18,19,25,0.42857142857142855,0.45454545454545453,0.025974025974025983
2040531,1,+055:+010,Denmark,20_to_50km,zero=0;rare=0;common=13,13,20,0.5714285714285714,0.6060606060606061,0.03463203463203468
2041439,1,+045:+003,France,20_to_50km,zero=0;rare=0;common=10,10,20,0.4375,0.4666666666666667,0.029166666666666674
2047800,1,+043:+006,France,50_to_100km,zero=1;rare=10;common=8,19,25,0.046511627906976744,0.09090909090909091,0.04439746300211417
2049324,1,+043:+006,France,50_to_100km,zero=1;rare=4;common=6,11,24,0.0,0.0,0.0
2050765,1,+055:+010,Denmark,20_to_50km,zero=0;rare=0;common=3,3,23,0.14814814814814814,0.15384615384615385,0.005698005698005715
2051153,1,+037:+012,Italy,50_to_100km,zero=4;rare=10;common=12,26,28,0.18518518518518517,0.18518518518518517,0.0
2051530,1,+055:+010,Denmark,20_to_50km,zero=0;rare=0;common=13,13,19,0.18181818181818182,0.1875,0.005681818181818177
2051956,1,+049:+005,Belgium,100_to_200km,zero=0;rare=0;common=7,7,25,0.0,0.0625,0.0625
2054193,1,+054:+012,Denmark,20_to_50km,zero=0;rare=0;common=15,15,20,0.2857142857142857,0.2857142857142857,0.0
2054807,1,+045:+003,France,20_to_50km,zero=0;rare=0;common=47,47,19,0.35294117647058826,0.3333333333333333,-0.019607843137254943
2055711,1,+042:+011,Italy,100_to_200km,zero=3;rare=3;common=1,7,23,0.0,0.0,0.0
2058766,1,+043:+006,France,50_to_100km,zero=2;rare=8;common=11,21,21,0.0,0.0,0.0
2060713,1,+047:+005,France,50_to_100km,zero=0;rare=0;common=19,19,24,0.2727272727272727,0.27906976744186046,0.006342494714587754
2060910,1,+046:-001,France,20_to_50km,zero=0;rare=0;common=23,23,25,0.4897959183673469,0.4583333333333333,-0.03146258503401361
2062139,1,+055:+010,Denmark,20_to_50km,zero=0;rare=0;common=35,35,23,0.3793103448275862,0.3793103448275862,0.0
2067198,1,+043:+006,France,50_to_100km,zero=0;rare=0;common=15,15,24,0.5128205128205128,0.5128205128205128,0.0
2069203,1,+054:+012,Denmark,20_to_50km,zero=0;rare=0;common=20,20,26,0.4,0.391304347826087,-0.008695652173913049
2070129,1,+049:+005,France,20_to_50km,zero=0;rare=0;common=20,20,25,0.391304347826087,0.35555555555555557,-0.035748792270531404
2071921,1,+049:+012,Czech Republic,20_to_50km,zero=0;rare=0;common=25,25,26,0.2857142857142857,0.3137254901960784,0.02801120448179273
2072003,1,+049:+015,Czech Republic,20_to_50km,zero=0;rare=0;common=29,29,22,0.20408163265306123,0.23529411764705882,0.03121248499399759
2074969,1,+043:+003,France,50_to_100km,zero=5;rare=0;common=3,8,19,0.0,0.0,0.0
2075546,1,+054:+012,Denmark,20_to_50km,zero=0;rare=0;common=27,27,19,0.3829787234042553,0.34782608695652173,-0.03515263644773359
2077966,1,+055:+010,Denmark,20_to_50km,zero=0;rare=0;common=30,30,23,0.37735849056603776,0.37735849056603776,0.0
2078579,1,+047:+005,France,50_to_100km,zero=0;rare=0;common=25,25,25,0.47058823529411764,0.48,0.009411764705882342
2078690,1,+046:+023,Romania,100_to_200km,zero=0;rare=2;common=25,27,31,0.4067796610169492,0.41379310344827586,0.0070134424313266774
2082253,1,+043:+006,France,50_to_100km,zero=0;rare=3;common=8,11,24,0.11764705882352941,0.11428571428571428,-0.003361344537815128
2084417,1,+043:+006,France,20_to_50km,zero=0;rare=4;common=28,32,26,0.27586206896551724,0.27586206896551724,0.0
2087874,1,+043:+003,France,50_to_100km,zero=0;rare=0;common=1,1,23,0.08,0.08333333333333333,0.003333333333333327
2092010,1,+043:+006,France,50_to_100km,zero=0;rare=3;common=21,24,19,0.36363636363636365,0.37209302325581395,0.008456659619450302
2093402,1,+043:+006,France,50_to_100km,zero=0;rare=1;common=12,13,24,0.43243243243243246,0.43243243243243246,0.0
2095452,1,+043:+006,France,50_to_100km,zero=2;rare=13;common=7,22,24,0.0,0.043478260869565216,0.043478260869565216
2095820,1,+043:+003,France,50_to_100km,zero=0;rare=1;common=0,1,22,0.0,0.0,0.0
2096834,1,+054:+012,Denmark,20_to_50km,zero=0;rare=0;common=15,15,19,0.4,0.4117647058823529,0.0117647058823529
2099861,1,+043:+006,France,50_to_100km,zero=1;rare=4;common=5,10,25,0.23529411764705882,0.22857142857142856,-0.006722689075630256
2100290,1,+043:+003,France,50_to_100km,zero=0;rare=2;common=1,3,23,0.0,0.0,0.0
2100613,1,+043:+006,France,50_to_100km,zero=1;rare=3;common=13,17,27,0.4186046511627907,0.4090909090909091,-0.009513742071881603
2102917,1,+046:+023,Romania,100_to_200km,zero=2;rare=2;common=24,28,31,0.43333333333333335,0.4406779661016949,0.007344632768361559
2103027,1,+049:+015,Czech Republic,20_to_50km,zero=0;rare=0;common=33,33,29,0.39344262295081966,0.3870967741935484,-0.0063458487572712885
2104634,1,+042:+011,Italy,100_to_200km,zero=3;rare=5;common=0,8,21,0.0,0.0,0.0
2106434,1,+043:+006,France,50_to_100km,zero=2;rare=10;common=14,26,28,0.11538461538461539,0.1111111111111111,-0.004273504273504286
2115010,1,+046:+023,Romania,100_to_200km,zero=3;rare=4;common=25,32,29,0.23333333333333334,0.22950819672131148,-0.0038251366120218566
2116183,1,+045:+003,France,20_to_50km,zero=0;rare=2;common=20,22,25,0.43478260869565216,0.425531914893617,-0.009250693802035137
2116592,1,+049:+005,France,50_to_100km,zero=0;rare=0;common=36,36,26,0.4838709677419355,0.4838709677419355,0.0
2120970,1,+054:+012,Denmark,20_to_50km,zero=0;rare=0;common=28,28,22,0.1568627450980392,0.16,0.00313725490196079
2122466,1,+043:+006,France,50_to_100km,zero=2;rare=1;common=24,27,22,0.3673469387755102,0.3673469387755102,0.0
2123166,1,+055:+010,Denmark,20_to_50km,zero=0;rare=0;common=25,25,22,0.5416666666666666,0.5531914893617021,0.01152482269503552
2123741,1,+043:+003,France,20_to_50km,zero=0;rare=0;common=23,23,22,0.4,0.4,0.0
2124856,1,+046:+023,Romania,100_to_200km,zero=1;rare=3;common=15,19,24,0.10256410256410256,0.13953488372093023,0.03697078115682767
2124936,1,+054:+012,Denmark,20_to_50km,zero=0;rare=1;common=24,25,20,0.26666666666666666,0.26666666666666666,0.0
2127448,1,+049:+005,France,50_to_100km,zero=0;rare=0;common=20,20,23,0.45454545454545453,0.4186046511627907,-0.03594080338266381
2128290,1,+045:+003,France,20_to_50km,zero=0;rare=0;common=7,7,19,0.5,0.5384615384615384,0.038461538461538436
2129124,1,+050:+002,France,50_to_100km,zero=0;rare=0;common=16,16,19,0.2777777777777778,0.2857142857142857,0.007936507936507908
2129984,1,+049:+005,France,50_to_100km,zero=0;rare=0;common=28,28,24,0.25925925925925924,0.2692307692307692,0.009971509971509973
2130403,1,+042:+011,Italy,100_to_200km,zero=1;rare=1;common=0,2,21,0.0,0.0,0.0
2130461,1,+054:+012,Denmark,20_to_50km,zero=0;rare=0;common=14,14,20,0.29411764705882354,0.29411764705882354,0.0
2130600,1,+043:+003,France,100_to_200km,zero=5;rare=4;common=3,12,23,0.05555555555555555,0.05714285714285714,0.0015873015873015886
2132575,1,+045:+003,France,20_to_50km,zero=0;rare=0;common=21,21,24,0.4888888888888889,0.4888888888888889,0.0
2134117,1,+043:+006,France,50_to_100km,zero=1;rare=9;common=19,29,25,0.07547169811320754,0.1111111111111111,0.03563941299790356
2135723,1,+055:+010,Denmark,20_to_50km,zero=0;rare=0;common=13,13,21,0.6111111111111112,0.5882352941176471,-0.022875816993464082
2136253,1,+046:+023,Romania,100_to_200km,zero=0;rare=4;common=7,11,24,0.0,0.0,0.0
2136415,1,+054:+012,Denmark,20_to_50km,zero=0;rare=1;common=18,19,20,0.15,0.15384615384615385,0.0038461538461538602
2137153,1,+050:+006,Germany,20_to_50km,zero=1;rare=3;common=31,35,23,0.38596491228070173,0.41379310344827586,0.027828191167574123
2139535,1,+043:+006,France,50_to_100km,zero=0;rare=2;common=14,16,24,0.0,0.0,0.0
2142390,1,+046:+023,Romania,100_to_200km,zero=1;rare=2;common=16,19,24,0.10256410256410256,0.09302325581395349,-0.009540846750149073
2142973,1,+055:+010,Denmark,20_to_50km,zero=0;rare=1;common=15,16,17,0.5142857142857142,0.5454545454545454,0.03116883116883118
2144639,1,+055:+010,Denmark,20_to_50km,zero=0;rare=0;common=12,12,22,0.47368421052631576,0.5294117647058824,0.055727554179566596
2144896,1,+046:+023,Romania,100_to_200km,zero=0;rare=2;common=6,8,24,0.14285714285714285,0.125,-0.01785714285714285
2145027,1,+043:+006,France,50_to_100km,zero=0;rare=4;common=6,10,23,0.17647058823529413,0.18181818181818182,0.005347593582887694
2145834,1,+055:+010,Denmark,20_to_50km,zero=0;rare=0;common=15,15,23,0.5,0.5263157894736842,0.02631578947368418
2146783,1,+045:+000,France,20_to_50km,zero=0;rare=1;common=16,17,28,0.5116279069767442,0.4888888888888889,-0.022739018087855334
2147164,1,+045:+003,France,50_to_100km,zero=0;rare=0;common=37,37,24,0.36065573770491804,0.36065573770491804,0.0
2149247,1,+046:+023,Romania,100_to_200km,zero=2;rare=4;common=23,29,31,0.13114754098360656,0.13333333333333333,0.0021857923497267673
2149313,1,+046:+023,Romania,100_to_200km,zero=2;rare=2;common=18,22,27,0.1702127659574468,0.16326530612244897,-0.006947459834997838
2151983,1,+054:+012,Denmark,20_to_50km,zero=0;rare=1;common=10,11,22,0.47058823529411764,0.48484848484848486,0.014260249554367221
2155879,1,+045:+003,France,50_to_100km,zero=0;rare=0;common=15,15,25,0.5365853658536586,0.55,0.013414634146341475
2158014,1,+037:+012,Italy,20_to_50km,zero=1;rare=1;common=5,7,28,0.11764705882352941,0.11428571428571428,-0.003361344537815128
2161253,1,+043:+006,France,50_to_100km,zero=0;rare=7;common=12,19,23,0.4186046511627907,0.42857142857142855,0.009966777408637828
2163017,1,+046:-001,France,20_to_50km,zero=0;rare=0;common=20,20,22,0.42857142857142855,0.42857142857142855,0.0
2163448,1,+046:+023,Romania,100_to_200km,zero=7;rare=10;common=46,63,31,0.12631578947368421,0.1276595744680851,0.0013437849944008817
2167640,1,+043:+003,France,50_to_100km,zero=1;rare=1;common=5,7,23,0.0625,0.06666666666666667,0.004166666666666666
2167659,1,+043:+006,France,50_to_100km,zero=2;rare=18;common=11,31,23,0.03636363636363636,0.037037037037037035,0.0006734006734006731
2168090,1,+047:+005,France,50_to_100km,zero=0;rare=1;common=32,33,25,0.38596491228070173,0.41379310344827586,0.027828191167574123
2168149,1,+043:+006,France,50_to_100km,zero=1;rare=6;common=6,13,24,0.0,0.0,0.0
2170476,1,+043:+006,France,50_to_100km,zero=0;rare=0;common=12,12,22,0.5294117647058824,0.5294117647058824,0.0
2170869,1,+046:+023,Romania,100_to_200km,zero=0;rare=2;common=8,10,31,0.0,0.0,0.0
2172687,1,+043:+006,France,50_to_100km,zero=0;rare=5;common=10,15,26,0.15,0.14634146341463414,-0.003658536585365857
2172704,1,+043:+006,France,50_to_100km,zero=2;rare=8;common=16,26,24,0.16,0.2,0.04000000000000001
2178483,1,+046:+023,Romania,100_to_200km,zero=1;rare=2;common=29,32,31,0.46875,0.47619047619047616,0.007440476190476164
2181444,1,+043:+003,France,50_to_100km,zero=0;rare=1;common=0,1,22,0.0,0.0,0.0
2182458,1,+046:-001,France,20_to_50km,zero=0;rare=0;common=12,12,22,0.4117647058823529,0.4117647058823529,0.0
2186453,1,+054:+012,Denmark,20_to_50km,zero=0;rare=0;common=14,14,20,0.35294117647058826,0.35294117647058826,0.0
2188544,1,+043:+003,France,50_to_100km,zero=4;rare=2;common=2,8,19,0.0,0.0,0.0
2189516,1,+046:+023,Romania,100_to_200km,zero=0;rare=4;common=40,44,31,0.37333333333333335,0.37333333333333335,0.0
2189929,1,+055:+010,Denmark,20_to_50km,zero=0;rare=0;common=9,9,21,0.3125,0.26666666666666666,-0.04583333333333334
2192582,1,+046:+023,Romania,100_to_200km,zero=7;rare=6;common=19,32,29,0.06666666666666667,0.09836065573770492,0.03169398907103825
2194149,1,+046:+023,Romania,100_to_200km,zero=0;rare=1;common=20,21,31,0.37735849056603776,0.38461538461538464,0.007256894049346874
2195825,1,+045:+003,France,50_to_100km,zero=0;rare=0;common=18,18,22,0.65,0.65,0.0
2197522,1,+043:+003,France,100_to_200km,zero=5;rare=4;common=4,13,25,0.05405405405405406,0.05263157894736842,-0.001422475106685639
2202840,1,+042:+011,Italy,100_to_200km,zero=0;rare=0;common=9,9,23,0.25806451612903225,0.25,-0.008064516129032251
2202874,1,+043:+006,France,50_to_100km,zero=2;rare=8;common=10,20,29,0.08333333333333333,0.08163265306122448,-0.0017006802721088454
2202897,1,+054:+012,Denmark,20_to_50km,zero=0;rare=0;common=18,18,23,0.0975609756097561,0.04878048780487805,-0.04878048780487805
2205151,1,+042:+011,Italy,100_to_200km,zero=4;rare=2;common=2,8,21,0.0,0.0,0.0
2205230,1,+043:+003,France,100_to_200km,zero=1;rare=7;common=14,22,26,0.4166666666666667,0.4166666666666667,0.0
2207228,1,+043:+003,France,50_to_100km,zero=4;rare=1;common=1,6,20,0.0,0.0,0.0
2207461,1,+049:+007,France,20_to_50km,zero=0;rare=0;common=7,7,22,0.3225806451612903,0.27586206896551724,-0.046718576195773076
2207860,1,+054:+012,Denmark,20_to_50km,zero=0;rare=0;common=16,16,21,0.21052631578947367,0.21621621621621623,0.005689900426742556
2210129,1,+043:+006,France,50_to_100km,zero=1;rare=2;common=11,14,24,0.16666666666666666,0.21052631578947367,0.043859649122807015
2211010,1,+042:+011,Italy,100_to_200km,zero=1;rare=3;common=2,6,21,0.0,0.0,0.0
2211335,1,+055:+010,Denmark,20_to_50km,zero=0;rare=0;common=11,11,22,0.2857142857142857,0.24242424242424243,-0.04329004329004327
2214889,1,+043:+003,France,50_to_100km,zero=3;rare=2;common=3,8,20,0.13333333333333333,0.14285714285714285,0.009523809523809518
2216496,1,+037:+012,Italy,20_to_50km,zero=2;rare=1;common=3,6,24,0.06666666666666667,0.06666666666666667,0.0
2218918,1,+037:+012,Italy,20_to_50km,zero=1;rare=1;common=5,7,26,0.125,0.12121212121212122,-0.0037878787878787845
2223092,1,+049:+005,France,50_to_100km,zero=0;rare=0;common=29,29,24,0.22641509433962265,0.22641509433962265,0.0
2227902,1,+045:+000,France,20_to_50km,zero=0;rare=0;common=14,14,24,0.42105263157894735,0.42105263157894735,0.0
2228178,1,+043:+006,France,50_to_100km,zero=3;rare=3;common=6,12,26,0.10526315789473684,0.10526315789473684,0.0
2232358,1,+046:+023,Romania,100_to_200km,zero=2;rare=4;common=8,14,24,0.0,0.0,0.0
2233203,1,+045:+003,France,50_to_100km,zero=0;rare=0;common=42,42,25,0.38235294117647056,0.3582089552238806,-0.024143985952589986
2233210,1,+043:+003,France,50_to_100km,zero=1;rare=6;common=18,25,26,0.23529411764705882,0.23529411764705882,0.0
2234515,1,+043:+006,France,50_to_100km,zero=1;rare=7;common=11,19,27,0.08888888888888889,0.08695652173913043,-0.00193236714975846
2235750,1,+054:+012,Denmark,20_to_50km,zero=0;rare=0;common=20,20,20,0.4,0.4,0.0
2236050,1,+043:+006,France,50_to_100km,zero=0;rare=5;common=6,11,20,0.1935483870967742,0.1935483870967742,0.0
2237021,1,+049:+004,France,50_to_100km,zero=0;rare=0;common=22,22,20,0.22727272727272727,0.23809523809523808,0.010822510822510817
2237417,1,+055:+010,Denmark,20_to_50km,zero=0;rare=0;common=7,7,19,0.41379310344827586,0.46153846153846156,0.04774535809018571
2237986,1,+046:-001,France,50_to_100km,zero=0;rare=1;common=26,27,22,0.5714285714285714,0.5714285714285714,0.0
2242010,1,+043:+003,France,50_to_100km,zero=0;rare=1;common=0,1,23,0.0,0.0,0.0
2243215,1,+037:+012,Italy,20_to_50km,zero=1;rare=9;common=11,21,26,0.2127659574468085,0.2127659574468085,0.0
2243338,1,+054:+012,Denmark,20_to_50km,zero=0;rare=0;common=6,6,17,0.38461538461538464,0.43478260869565216,0.050167224080267525
2246321,1,+042:+013,Italy,100_to_200km,zero=8;rare=5;common=22,35,25,0.17543859649122806,0.16666666666666666,-0.008771929824561403
2252019,1,+047:+005,France,50_to_100km,zero=0;rare=0;common=28,28,26,0.5555555555555556,0.5555555555555556,0.0
2252128,1,+054:+012,Denmark,20_to_50km,zero=0;rare=1;common=25,26,22,0.2,0.20833333333333334,0.008333333333333331
2253304,1,+043:+006,France,50_to_100km,zero=0;rare=3;common=10,13,23,0.5405405405405406,0.5555555555555556,0.01501501501501501
2253537,1,+055:+010,Denmark,20_to_50km,zero=0;rare=0;common=15,15,20,0.3783783783783784,0.34285714285714286,-0.03552123552123554
2255844,1,+045:+000,France,20_to_50km,zero=0;rare=0;common=18,18,28,0.5217391304347826,0.5217391304347826,0.0
2258879,1,+054:+012,Denmark,20_to_50km,zero=0;rare=0;common=31,31,25,0.3157894736842105,0.32142857142857145,0.005639097744360944
2258936,1,+043:+003,France,50_to_100km,zero=5;rare=1;common=3,9,21,0.06451612903225806,0.06666666666666667,0.002150537634408603
2259071,1,+054:+012,Denmark,20_to_50km,zero=0;rare=0;common=33,33,21,0.36363636363636365,0.37037037037037035,0.006734006734006703
2260517,1,+045:+000,France,50_to_100km,zero=0;rare=1;common=30,31,24,0.4727272727272727,0.4727272727272727,0.0
2261563,1,+043:+006,France,50_to_100km,zero=2;rare=5;common=7,14,19,0.0,0.0,0.0
2261946,1,+043:+006,France,50_to_100km,zero=2;rare=4;common=22,28,26,0.4528301886792453,0.4444444444444444,-0.008385744234800874
2262531,1,+042:+013,Italy,100_to_200km,zero=5;rare=6;common=11,22,24,0.13953488372093023,0.13043478260869565,-0.009100101112234582
2262859,1,+049:+004,France,50_to_100km,zero=0;rare=1;common=25,26,24,0.47058823529411764,0.48,0.009411764705882342
2263435,1,+043:+003,France,50_to_100km,zero=0;rare=1;common=0,1,22,0.0,0.0,0.0
2264940,1,+043:+006,France,50_to_100km,zero=0;rare=3;common=1,4,26,0.0,0.0,0.0
2268420,1,+055:+010,Denmark,20_to_50km,zero=0;rare=0;common=13,13,19,0.4,0.4375,0.03749999999999998
2268575,1,+046:+023,Romania,100_to_200km,zero=0;rare=4;common=11,15,26,0.10526315789473684,0.14634146341463414,0.0410783055198973
2268594,1,+049:+005,France,100_to_200km,zero=0;rare=0;common=12,12,21,0.42424242424242425,0.42424242424242425,0.0
2269106,1,+043:+006,France,50_to_100km,zero=0;rare=3;common=18,21,22,0.23255813953488372,0.23255813953488372,0.0
2269165,1,+043:+003,France,50_to_100km,zero=0;rare=1;common=0,1,23,0.0,0.0,0.0
2269228,1,+055:+010,Denmark,20_to_50km,zero=0;rare=0;common=19,19,21,0.19047619047619047,0.2,0.009523809523809545
2270134,1,+045:+003,France,20_to_50km,zero=0;rare=1;common=46,47,24,0.4225352112676056,0.4225352112676056,0.0
2270709,1,+043:+006,France,20_to_50km,zero=0;rare=0;common=17,17,27,0.09302325581395349,0.13636363636363635,0.043340380549682866
2271671,1,+043:+006,France,50_to_100km,zero=2;rare=7;common=16,25,24,0.12244897959183673,0.12244897959183673,0.0
2272787,1,+043:+006,France,50_to_100km,zero=1;rare=7;common=2,10,24,0.0,0.0,0.0
2274289,1,+043:+003,France,50_to_100km,zero=3;rare=4;common=2,9,21,0.06666666666666667,0.06666666666666667,0.0
2275652,1,+043:+006,France,50_to_100km,zero=2;rare=9;common=10,21,23,0.0,0.0,0.0
2277413,1,+045:+003,France,20_to_50km,zero=0;rare=0;common=15,15,25,0.3902439024390244,0.4,0.009756097560975618
2277595,1,+049:+004,France,50_to_100km,zero=0;rare=0;common=35,35,24,0.4,0.4067796610169492,0.006779661016949157
2283651,1,+050:+006,Germany,20_to_50km,zero=1;rare=1;common=17,19,24,0.37209302325581395,0.37209302325581395,0.0
2286257,1,+043:+003,France,50_to_100km,zero=0;rare=2;common=0,2,23,0.0,0.0,0.0
2287325,1,+049:+005,France,20_to_50km,zero=0;rare=0;common=24,24,24,0.36,0.3333333333333333,-0.026666666666666672
2287995,1,+043:+006,France,50_to_100km,zero=0;rare=2;common=16,18,24,0.14285714285714285,0.14285714285714285,0.0
2289349,1,+055:+010,Denmark,20_to_50km,zero=0;rare=0;common=15,15,23,0.5945945945945946,0.631578947368421,0.03698435277382639
2292670,1,+042:+011,Italy,100_to_200km,zero=0;rare=1;common=1,2,21,0.09090909090909091,0.08695652173913043,-0.003952569169960479
2294555,1,+046:+023,Romania,100_to_200km,zero=0;rare=1;common=15,16,31,0.25,0.2978723404255319,0.0478723404255319
2295077,1,+037:+012,Italy,50_to_100km,zero=3;rare=2;common=3,8,27,0.06060606060606061,0.05714285714285714,-0.0034632034632034667
2295470,1,+043:+006,France,50_to_100km,zero=2;rare=16;common=29,47,26,0.056338028169014086,0.1095890410958904,0.05325101292687632
2297860,1,+043:+006,France,50_to_100km,zero=1;rare=9;common=16,26,24,0.0,0.0,0.0
2299250,1,+055:+010,Denmark,20_to_50km,zero=0;rare=0;common=9,9,18,0.27586206896551724,0.2962962962962963,0.020434227330779042
2300094,1,+055:+010,Denmark,20_to_50km,zero=0;rare=1;common=10,11,20,0.25806451612903225,0.25806451612903225,0.0
2300579,1,+046:+023,Romania,100_to_200km,zero=0;rare=1;common=3,4,23,0.08333333333333333,0.0,-0.08333333333333333
2303267,1,+043:+003,France,100_to_200km,zero=2;rare=5;common=14,21,24,0.391304347826087,0.4,0.008695652173913049
2303893,1,+043:+003,France,50_to_100km,zero=0;rare=1;common=0,1,23,0.0,0.0,0.0
2304225,1,+043:+003,France,50_to_100km,zero=0;rare=1;common=0,1,27,0.0,0.0,0.0
2304669,1,+046:-001,France,50_to_100km,zero=0;rare=0;common=17,17,20,0.6842105263157895,0.7027027027027027,0.01849217638691325
2305230,1,+042:+011,Italy,100_to_200km,zero=2;rare=2;common=0,4,23,0.0,0.0,0.0
2314264,1,+055:+010,Denmark,20_to_50km,zero=0;rare=0;common=20,20,22,0.32558139534883723,0.3333333333333333,0.007751937984496082
2314282,1,+054:+012,Denmark,20_to_50km,zero=0;rare=0;common=13,13,22,0.2857142857142857,0.2857142857142857,0.0
2315796,1,+043:+003,France,100_to_200km,zero=0;rare=1;common=14,15,21,0.6111111111111112,0.6111111111111112,0.0
2321587,1,+046:+023,Romania,100_to_200km,zero=0;rare=2;common=16,18,24,0.15789473684210525,0.23809523809523808,0.08020050125313283
2324753,1,+049:+005,France,50_to_100km,zero=0;rare=0;common=14,14,23,0.47368421052631576,0.4864864864864865,0.01280227596017075
2325513,1,+054:+012,Denmark,20_to_50km,zero=0;rare=1;common=22,23,22,0.35555555555555557,0.35555555555555557,0.0
2326654,1,+054:+012,Denmark,20_to_50km,zero=0;rare=0;common=9,9,18,0.45161290322580644,0.5185185185185185,0.06690561529271205
2327791,1,+043:+006,France,50_to_100km,zero=0;rare=5;common=11,16,24,0.46153846153846156,0.45,-0.011538461538461553
2330193,1,+055:+010,Denmark,20_to_50km,zero=0;rare=0;common=21,21,21,0.4186046511627907,0.42857142857142855,0.009966777408637828
2332209,1,+045:+003,France,50_to_100km,zero=0;rare=0;common=8,8,26,0.23529411764705882,0.23529411764705882,0.0
2333807,1,+055:+010,Denmark,20_to_50km,zero=0;rare=0;common=9,9,16,0.5185185185185185,0.56,0.041481481481481564
2337409,1,+045:+003,France,20_to_50km,zero=0;rare=1;common=30,31,24,0.4,0.4,0.0
2337708,1,+055:+010,Denmark,20_to_50km,zero=0;rare=0;common=16,16,21,0.5263157894736842,0.5405405405405406,0.01422475106685639
2339308,1,+042:+011,Italy,100_to_200km,zero=0;rare=0;common=8,8,24,0.375,0.375,0.0
2341345,1,+046:+023,Romania,100_to_200km,zero=0;rare=1;common=27,28,31,0.23333333333333334,0.23728813559322035,0.003954802259887008
2342274,1,+037:+012,Italy,20_to_50km,zero=2;rare=1;common=2,5,27,0.0,0.0,0.0
2349374,1,+046:+023,Romania,100_to_200km,zero=0;rare=2;common=16,18,30,0.25,0.25,0.0
2350165,1,+043:+003,France,50_to_100km,zero=5;rare=0;common=3,8,21,0.06666666666666667,0.06896551724137931,0.0022988505747126436
2353041,1,+049:+007,France,20_to_50km,zero=0;rare=0;common=43,43,27,0.42857142857142855,0.42857142857142855,0.0
2353897,1,+055:+010,Denmark,20_to_50km,zero=0;rare=0;common=27,27,21,0.40816326530612246,0.375,-0.03316326530612246
2354050,1,+049:+004,France,50_to_100km,zero=0;rare=0;common=32,32,19,0.22641509433962265,0.1568627450980392,-0.06955234924158343
2354390,1,+037:+012,Italy,20_to_50km,zero=0;rare=9;common=7,16,27,0.2857142857142857,0.27906976744186046,-0.006644518272425237
2354602,1,+043:+003,France,100_to_200km,zero=1;rare=5;common=12,18,25,0.5116279069767442,0.46511627906976744,-0.04651162790697677
2356015,1,+050:+006,Germany,20_to_50km,zero=0;rare=0;common=15,15,24,0.5142857142857142,0.6153846153846154,0.10109890109890118
2356150,1,+037:+012,Italy,20_to_50km,zero=2;rare=4;common=3,9,25,0.12121212121212122,0.11764705882352941,-0.0035650623885918054
2359848,1,+043:+006,France,50_to_100km,zero=0;rare=6;common=8,14,23,0.05405405405405406,0.05405405405405406,0.0
2361979,1,+043:+006,France,50_to_100km,zero=3;rare=3;common=11,17,22,0.0,0.0,0.0
2362200,1,+055:+010,Denmark,20_to_50km,zero=0;rare=0;common=30,30,20,0.34615384615384615,0.32,-0.02615384615384614
2362222,1,+046:+023,Romania,100_to_200km,zero=1;rare=3;common=17,21,29,0.24489795918367346,0.24,-0.004897959183673473
2363942,1,+046:+023,Romania,100_to_200km,zero=0;rare=3;common=4,7,24,0.06896551724137931,0.06451612903225806,-0.004449388209121247
2364400,1,+043:+003,France,50_to_100km,zero=0;rare=0;common=1,1,22,0.08,0.08695652173913043,0.006956521739130431
2364491,1,+043:+006,France,50_to_100km,zero=1;rare=9;common=18,28,21,0.375,0.3673469387755102,-0.007653061224489777
2364867,1,+046:+023,Romania,100_to_200km,zero=0;rare=1;common=1,2,25,0.0,0.0,0.0
2366200,1,+049:+005,France,50_to_100km,zero=0;rare=0;common=33,33,23,0.45614035087719296,0.42857142857142855,-0.02756892230576441
2368159,1,+043:+003,France,50_to_100km,zero=0;rare=2;common=0,2,22,0.0,0.0,0.0
2368712,1,+045:+003,France,50_to_100km,zero=0;rare=0;common=22,22,27,0.5306122448979592,0.5306122448979592,0.0
2369171,1,+046:+023,Romania,100_to_200km,zero=1;rare=3;common=14,18,30,0.2553191489361702,0.25,-0.005319148936170193
2370834,1,+046:+023,Romania,100_to_200km,zero=2;rare=4;common=14,20,28,0.1702127659574468,0.16666666666666666,-0.003546099290780147
2371503,1,+045:+003,France,20_to_50km,zero=0;rare=0;common=28,28,24,0.5,0.5,0.0
2372530,1,+049:+015,Czech Republic,50_to_100km,zero=0;rare=0;common=36,36,25,0.3793103448275862,0.36065573770491804,-0.018654607122668143
2373864,1,+043:+003,France,50_to_100km,zero=0;rare=1;common=0,1,23,0.0,0.0,0.0
2373987,1,+043:+006,France,50_to_100km,zero=0;rare=7;common=9,16,22,0.0,0.0,0.0
2374697,1,+046:+023,Romania,100_to_200km,zero=2;rare=4;common=19,25,32,0.24561403508771928,0.21052631578947367,-0.03508771929824561
2375975,1,+055:+010,Denmark,20_to_50km,zero=0;rare=0;common=17,17,22,0.4878048780487805,0.5128205128205128,0.025015634771732298
2376574,1,+037:+012,Italy,20_to_50km,zero=1;rare=6;common=9,16,23,0.2702702702702703,0.2564102564102564,-0.013860013860013898
2376732,1,+054:+012,Denmark,20_to_50km,zero=0;rare=0;common=3,3,18,0.17391304347826086,0.19047619047619047,0.0165631469979296
2380990,1,+037:+012,Italy,50_to_100km,zero=3;rare=3;common=6,12,28,0.15,0.15,0.0
2381145,1,+054:+012,Denmark,20_to_50km,zero=0;rare=1;common=6,7,21,0.25806451612903225,0.2857142857142857,0.027649769585253448
2381695,1,+055:+010,Denmark,20_to_50km,zero=0;rare=0;common=16,16,21,0.20512820512820512,0.21621621621621623,0.011088011088011107
2383247,1,+043:+003,France,100_to_200km,zero=0;rare=4;common=14,18,24,0.4090909090909091,0.42857142857142855,0.01948051948051943
2383621,1,+045:+003,France,20_to_50km,zero=0;rare=1;common=11,12,24,0.3333333333333333,0.3333333333333333,0.0
2387994,1,+046:+023,Romania,100_to_200km,zero=0;rare=3;common=18,21,31,0.3018867924528302,0.3076923076923077,0.005805515239477532
2389415,1,+046:+023,Romania,100_to_200km,zero=0;rare=3;common=7,10,24,0.06666666666666667,0.058823529411764705,-0.00784313725490196
2392570,1,+043:+006,France,20_to_50km,zero=0;rare=2;common=21,23,24,0.4888888888888889,0.5106382978723404,0.021749408983451513
2393378,1,+043:+003,France,50_to_100km,zero=2;rare=1;common=1,4,20,0.08,0.08333333333333333,0.003333333333333327
2394320,1,+045:+003,France,20_to_50km,zero=0;rare=0;common=8,8,20,0.5333333333333333,0.5714285714285714,0.03809523809523807
2394731,1,+046:+023,Romania,100_to_200km,zero=0;rare=2;common=5,7,24,0.07407407407407407,0.06451612903225806,-0.009557945041816007
2394956,1,+043:+006,France,20_to_50km,zero=0;rare=2;common=13,15,29,0.13636363636363635,0.13636363636363635,0.0
2395342,1,+043:+010,Italy,100_to_200km,zero=3;rare=1;common=0,4,23,0.0,0.0,0.0
2395379,1,+043:+003,France,50_to_100km,zero=0;rare=2;common=0,2,23,0.0,0.0,0.0
2396780,1,+046:-001,France,50_to_100km,zero=0;rare=0;common=20,20,22,0.23809523809523808,0.23809523809523808,0.0
2398267,1,+045:+003,France,20_to_50km,zero=0;rare=0;common=36,36,23,0.3333333333333333,0.3050847457627119,-0.02824858757062143
2401975,1,+055:+010,Denmark,20_to_50km,zero=0;rare=0;common=14,14,20,0.5294117647058824,0.5294117647058824,0.0
2402160,1,+046:-001,France,20_to_50km,zero=0;rare=0;common=27,27,25,0.5384615384615384,0.5384615384615384,0.0
2402370,1,+055:+010,Denmark,20_to_50km,zero=0;rare=0;common=13,13,20,0.22857142857142856,0.24242424242424243,0.013852813852813867
2405168,1,+043:+003,France,50_to_100km,zero=2;rare=1;common=4,7,23,0.13333333333333333,0.13333333333333333,0.0
2407243,1,+042:+011,Italy,100_to_200km,zero=1;rare=4;common=6,11,24,0.11764705882352941,0.11428571428571428,-0.003361344537815128
2408620,1,+037:+012,Italy,50_to_100km,zero=2;rare=9;common=6,17,27,0.23255813953488372,0.22727272727272727,-0.0052854122621564525
2410443,1,+043:+006,France,50_to_100km,zero=1;rare=2;common=5,8,26,0.17647058823529413,0.17647058823529413,0.0
2412082,1,+045:+003,France,20_to_50km,zero=0;rare=3;common=26,29,24,0.1509433962264151,0.18867924528301888,0.03773584905660379
2412493,1,+049:+005,France,50_to_100km,zero=0;rare=1;common=34,35,27,0.5573770491803278,0.5483870967741935,-0.008989952406134316
2413768,1,+046:+023,Romania,100_to_200km,zero=0;rare=3;common=24,27,32,0.2711864406779661,0.2711864406779661,0.0
2414631,1,+037:+012,Italy,50_to_100km,zero=2;rare=4;common=8,14,29,0.2857142857142857,0.27906976744186046,-0.006644518272425237
2418524,1,+046:-001,France,20_to_50km,zero=0;rare=0;common=17,17,22,0.5641025641025641,0.5641025641025641,0.0
2419426,1,+055:+010,Denmark,20_to_50km,zero=0;rare=0;common=11,11,23,0.34285714285714286,0.35294117647058826,0.010084033613445398
2420166,1,+043:+006,France,50_to_100km,zero=2;rare=13;common=37,52,22,0.13513513513513514,0.13513513513513514,0.0
2421287,1,+043:+003,France,50_to_100km,zero=0;rare=1;common=0,1,26,0.0,0.0,0.0
2422654,1,+054:+012,Denmark,20_to_50km,zero=0;rare=0;common=15,15,21,0.05405405405405406,0.05555555555555555,0.0015015015015014954
2423731,1,+043:+006,France,50_to_100km,zero=2;rare=7;common=15,24,23,0.125,0.1276595744680851,0.0026595744680850963
2428000,1,+050:+002,France,20_to_50km,zero=0;rare=0;common=22,22,19,0.23809523809523808,0.1951219512195122,-0.04297328687572588
2428349,1,+037:+012,Italy,20_to_50km,zero=2;rare=10;common=7,19,24,0.14634146341463414,0.13953488372093023,-0.006806579693703907
2429200,1,+055:+010,Denmark,20_to_50km,zero=0;rare=0;common=16,16,22,0.5641025641025641,0.5263157894736842,-0.037786774628879916
2429869,1,+043:+003,France,50_to_100km,zero=0;rare=2;common=0,2,23,0.0,0.0,0.0
2433181,1,+049:+005,France,20_to_50km,zero=0;rare=0;common=11,11,27,0.42105263157894735,0.42105263157894735,0.0
2433201,1,+049:+004,France,50_to_100km,zero=0;rare=0;common=11,11,18,0.45161290322580644,0.4827586206896552,0.031145717463848754
2438994,1,+049:+005,France,20_to_50km,zero=0;rare=0;common=22,22,26,0.2916666666666667,0.2916666666666667,0.0
2440036,1,+043:+006,France,50_to_100km,zero=2;rare=10;common=6,18,23,0.0,0.04878048780487805,0.04878048780487805
2440329,1,+049:+004,France,50_to_100km,zero=0;rare=0;common=16,16,18,0.6111111111111112,0.5882352941176471,-0.022875816993464082
2440450,1,+043:+003,France,50_to_100km,zero=8;rare=3;common=3,14,19,0.11428571428571428,0.12121212121212122,0.006926406926406933
2441473,1,+043:+006,France,50_to_100km,zero=0;rare=8;common=8,16,25,0.0,0.0,0.0
2442640,1,+043:+003,France,50_to_100km,zero=0;rare=1;common=0,1,23,0.0,0.0,0.0
2442985,1,+043:+003,France,50_to_100km,zero=0;rare=7;common=15,22,24,0.17777777777777778,0.17391304347826086,-0.00386473429951692
2444705,1,+054:+012,Denmark,20_to_50km,zero=0;rare=0;common=34,34,22,0.3448275862068966,0.35714285714285715,0.012315270935960576
2448490,1,+055:+010,Denmark,20_to_50km,zero=0;rare=0;common=8,8,29,0.2631578947368421,0.2702702702702703,0.007112375533428195
2452158,1,+043:+006,France,50_to_100km,zero=0;rare=3;common=3,6,20,0.07692307692307693,0.07692307692307693,0.0
2452573,1,+046:+023,Romania,100_to_200km,zero=4;rare=8;common=17,29,27,0.03636363636363636,0.03571428571428571,-0.0006493506493506496
2458260,1,+055:+010,Denmark,20_to_50km,zero=0;rare=1;common=14,15,22,0.32432432432432434,0.3783783783783784,0.05405405405405406
2459182,1,+046:-001,France,50_to_100km,zero=0;rare=0;common=21,21,22,0.5,0.46511627906976744,-0.034883720930232565
2461415,1,+047:+005,France,50_to_100km,zero=0;rare=0;common=19,19,22,0.37209302325581395,0.3902439024390244,0.018150879183210455
2461480,1,+055:+010,Denmark,20_to_50km,zero=0;rare=0;common=15,15,19,0.34285714285714286,0.35294117647058826,0.010084033613445398
2462065,1,+043:+003,France,50_to_100km,zero=0;rare=1;common=0,1,25,0.0,0.0,0.0
2464639,1,+054:+012,Denmark,20_to_50km,zero=0;rare=0;common=9,9,20,0.27586206896551724,0.27586206896551724,0.0
2465122,1,+043:+006,France,50_to_100km,zero=0;rare=3;common=3,6,25,0.0,0.0,0.0
2466130,1,+047:+005,France,50_to_100km,zero=0;rare=0;common=29,29,25,0.43636363636363634,0.4444444444444444,0.008080808080808077
2466818,1,+054:+012,Denmark,20_to_50km,zero=0;rare=0;common=4,4,20,0.16666666666666666,0.16666666666666666,0.0
2467890,1,+049:+004,France,50_to_100km,zero=1;rare=0;common=19,20,25,0.08695652173913043,0.08888888888888889,0.00193236714975846
2470293,1,+046:+023,Romania,100_to_200km,zero=0;rare=3;common=18,21,24,0.14634146341463414,0.2222222222222222,0.07588075880758807
2471255,1,+046:+023,Romania,100_to_200km,zero=0;rare=5;common=23,28,30,0.3103448275862069,0.3103448275862069,0.0
2473188,1,+049:+005,Belgium,100_to_200km,zero=0;rare=0;common=17,17,23,0.0,0.0,0.0
2475195,1,+055:+010,Denmark,20_to_50km,zero=0;rare=0;common=27,27,20,0.4489795918367347,0.425531914893617,-0.023447676943117668
2475303,1,+054:+012,Denmark,20_to_50km,zero=0;rare=2;common=7,9,20,0.13793103448275862,0.13793103448275862,0.0
2476033,1,+055:+010,Denmark,20_to_50km,zero=0;rare=0;common=15,15,19,0.4,0.4117647058823529,0.0117647058823529
2476312,1,+042:+011,Italy,100_to_200km,zero=1;rare=4;common=8,13,23,0.17142857142857143,0.16666666666666666,-0.004761904761904773
2477614,1,+042:+013,Italy,100_to_200km,zero=1;rare=5;common=23,29,26,0.18867924528301888,0.18181818181818182,-0.006861063464837058
2482732,1,+043:+006,France,50_to_100km,zero=5;rare=7;common=18,30,22,0.0,0.0,0.0
2484343,1,+045:+003,France,20_to_50km,zero=0;rare=0;common=15,15,24,0.358974358974359,0.358974358974359,0.0
2485990,1,+043:+003,France,100_to_200km,zero=0;rare=8;common=11,19,26,0.26666666666666666,0.3111111111111111,0.04444444444444445
2489911,1,+054:+012,Denmark,20_to_50km,zero=0;rare=0;common=14,14,19,0.36363636363636365,0.36363636363636365,0.0
2490945,1,+054:+012,Denmark,20_to_50km,zero=0;rare=0;common=20,20,20,0.25,0.25,0.0
2492424,1,+046:+023,Romania,100_to_200km,zero=0;rare=4;common=23,27,29,0.2545454545454545,0.21428571428571427,-0.040259740259740245
2493105,1,+043:+003,France,50_to_100km,zero=1;rare=1;common=2,4,26,0.06896551724137931,0.06666666666666667,-0.0022988505747126436
2493549,1,+049:+004,France,50_to_100km,zero=0;rare=0;common=20,20,18,0.4,0.3157894736842105,-0.08421052631578951
2495377,1,+042:+013,Italy,100_to_200km,zero=0;rare=0;common=6,6,24,0.0,0.0,0.0
2497780,1,+043:+003,France,50_to_100km,zero=2;rare=5;common=11,18,20,0.0,0.0,0.0
2500396,1,+043:+003,France,50_to_100km,zero=1;rare=4;common=12,17,28,0.37209302325581395,0.35555555555555557,-0.01653746770025838
2500665,1,+037:+012,Italy,20_to_50km,zero=7;rare=14;common=22,43,27,0.2318840579710145,0.22857142857142856,-0.0033126293995859313
2501693,1,+055:+010,Denmark,20_to_50km,zero=0;rare=0;common=19,19,21,0.6046511627906976,0.65,0.045348837209302384
2504399,1,+043:+006,France,20_to_50km,zero=0;rare=2;common=15,17,25,0.2926829268292683,0.2857142857142857,-0.006968641114982577
2505892,1,+043:+010,Italy,100_to_200km,zero=2;rare=0;common=3,5,23,0.0,0.0,0.0
2507999,1,+037:+012,Italy,20_to_50km,zero=2;rare=1;common=2,5,27,0.0,0.0,0.0
2509593,1,+049:+005,Belgium,100_to_200km,zero=0;rare=1;common=19,20,23,0.0,0.0,0.0
2509933,1,+055:+010,Denmark,20_to_50km,zero=0;rare=0;common=16,16,22,0.5,0.5263157894736842,0.02631578947368418
2510637,1,+054:+012,Denmark,20_to_50km,zero=0;rare=0;common=23,23,23,0.46808510638297873,0.4782608695652174,0.010175763182238673
2512928,1,+043:+006,France,50_to_100km,zero=0;rare=5;common=10,15,24,0.15789473684210525,0.15384615384615385,-0.0040485829959514
2513160,1,+043:+006,France,50_to_100km,zero=0;rare=4;common=5,9,23,0.1875,0.1875,0.0
2514372,1,+042:+013,Italy,100_to_200km,zero=5;rare=10;common=24,39,26,0.031746031746031744,0.03076923076923077,-0.0009768009768009733
2515202,1,+047:+005,France,50_to_100km,zero=0;rare=0;common=40,40,26,0.36363636363636365,0.36363636363636365,0.0
2515530,1,+043:+003,France,50_to_100km,zero=0;rare=1;common=0,1,22,0.0,0.0,0.0
2516097,1,+042:+011,Italy,100_to_200km,zero=1;rare=3;common=1,5,23,0.0,0.0,0.0
2517432,1,+054:+012,Denmark,20_to_50km,zero=0;rare=0;common=24,24,22,0.16666666666666666,0.13043478260869565,-0.03623188405797101
2518112,1,+047:+005,France,50_to_100km,zero=0;rare=0;common=23,23,24,0.5714285714285714,0.5957446808510638,0.024316109422492405
2518422,1,+035:+012,Italy,100_to_200km,zero=2;rare=2;common=6,10,23,0.4,0.36363636363636365,-0.036363636363636376
2520868,1,+046:+023,Romania,100_to_200km,zero=0;rare=3;common=6,9,24,0.0,0.0,0.0
2522935,1,+043:+006,France,50_to_100km,zero=0;rare=9;common=5,14,25,0.0,0.0,0.0
2523097,1,+055:+010,Denmark,20_to_50km,zero=0;rare=0;common=11,11,21,0.5882352941176471,0.625,0.03676470588235292
2523463,1,+054:+012,Denmark,20_to_50km,zero=0;rare=0;common=26,26,21,0.2916666666666667,0.2553191489361702,-0.03634751773049649
2524492,1,+042:+011,Italy,100_to_200km,zero=1;rare=2;common=4,7,23,0.06896551724137931,0.06666666666666667,-0.0022988505747126436
2526322,1,+043:+003,France,50_to_100km,zero=0;rare=1;common=0,1,23,0.0,0.0,0.0
2530494,1,+042:+011,Italy,100_to_200km,zero=0;rare=0;common=5,5,23,0.14814814814814814,0.14285714285714285,-0.005291005291005291
2537925,1,+043:+003,France,50_to_100km,zero=0;rare=1;common=0,1,25,0.0,0.0,0.0
2540207,1,+043:+006,France,20_to_50km,zero=0;rare=1;common=10,11,23,0.48484848484848486,0.47058823529411764,-0.014260249554367221
2540831,1,+042:+011,Italy,100_to_200km,zero=0;rare=2;common=9,11,23,0.23529411764705882,0.23529411764705882,0.0
2540967,1,+055:+010,Denmark,20_to_50km,zero=0;rare=0;common=24,24,20,0.17391304347826086,0.13636363636363635,-0.03754940711462451
2543390,1,+043:+006,France,50_to_100km,zero=1;rare=5;common=13,19,22,0.34146341463414637,0.34146341463414637,0.0
2543951,1,+043:+003,France,50_to_100km,zero=0;rare=4;common=14,18,24,0.42857142857142855,0.42857142857142855,0.0
2544717,1,+043:+006,France,50_to_100km,zero=1;rare=5;common=12,18,24,0.0,0.0,0.0
2545390,1,+043:+003,France,50_to_100km,zero=0;rare=1;common=0,1,23,0.0,0.0,0.0
2545727,1,+046:+023,Romania,100_to_200km,zero=0;rare=3;common=17,20,32,0.3076923076923077,0.3076923076923077,0.0
2548356,1,+043:+003,France,50_to_100km,zero=0;rare=2;common=0,2,23,0.0,0.0,0.0
2549548,1,+043:+006,France,50_to_100km,zero=1;rare=2;common=7,10,23,0.22857142857142856,0.30303030303030304,0.07445887445887447
2551114,1,+043:+003,France,20_to_50km,zero=0;rare=0;common=15,15,24,0.2564102564102564,0.2564102564102564,0.0
2551706,1,+046:+023,Romania,100_to_200km,zero=0;rare=4;common=5,9,24,0.0,0.0,0.0
2555654,1,+054:+012,Denmark,20_to_50km,zero=0;rare=1;common=11,12,21,0.23529411764705882,0.24242424242424243,0.007130124777183611
2556250,1,+046:+023,Romania,100_to_200km,zero=1;rare=0;common=13,14,29,0.23809523809523808,0.23255813953488372,-0.005537098560354364
2556899,1,+045:+003,France,50_to_100km,zero=0;rare=0;common=30,30,26,0.42857142857142855,0.42857142857142855,0.0
2557058,1,+055:+010,Denmark,20_to_50km,zero=0;rare=0;common=16,16,20,0.43243243243243246,0.4444444444444444,0.012012012012011963
2558610,1,+043:+006,France,50_to_100km,zero=1;rare=8;common=7,16,26,0.09523809523809523,0.09523809523809523,0.0
2559636,1,+049:+005,France,50_to_100km,zero=0;rare=0;common=26,26,20,0.44,0.4782608695652174,0.038260869565217404
2559938,1,+055:+010,Denmark,20_to_50km,zero=0;rare=1;common=9,10,19,0.3333333333333333,0.3448275862068966,0.01149425287356326
2560991,1,+043:+006,France,50_to_100km,zero=0;rare=1;common=16,17,21,0.42105263157894735,0.47368421052631576,0.05263157894736842
2561445,1,+049:+015,Czech Republic,50_to_100km,zero=0;rare=0;common=29,29,29,0.5263157894736842,0.5172413793103449,-0.00907441016333932
2561776,1,+054:+012,Denmark,20_to_50km,zero=0;rare=0;common=29,29,21,0.3137254901960784,0.28,-0.0337254901960784
2562504,1,+049:+005,Belgium,100_to_200km,zero=0;rare=0;common=18,18,21,0.0,0.0,0.0
2565515,1,+047:+005,France,50_to_100km,zero=0;rare=0;common=33,33,22,0.38596491228070173,0.4,0.01403508771929829
2565546,1,+043:+003,France,50_to_100km,zero=5;rare=4;common=4,13,22,0.0,0.0,0.0
2569161,1,+037:+012,Italy,20_to_50km,zero=5;rare=7;common=10,22,25,0.13043478260869565,0.1276595744680851,-0.002775208140610552
2570707,1,+054:+012,Denmark,20_to_50km,zero=0;rare=1;common=23,24,21,0.30434782608695654,0.3111111111111111,0.006763285024154575
2572669,1,+043:+006,France,50_to_100km,zero=0;rare=5;common=2,7,23,0.0,0.0,0.0
2576541,1,+050:+006,Germany,20_to_50km,zero=1;rare=0;common=21,22,23,0.5,0.4888888888888889,-0.011111111111111127
2578330,1,+037:+012,Italy,20_to_50km,zero=3;rare=2;common=4,9,19,0.13793103448275862,0.14285714285714285,0.0049261083743842304
2579583,1,+045:+003,France,50_to_100km,zero=0;rare=0;common=16,16,24,0.4878048780487805,0.5,0.012195121951219523
2579921,1,+037:+012,Italy,50_to_100km,zero=3;rare=3;common=2,8,25,0.125,0.12121212121212122,-0.0037878787878787845
2580014,1,+043:+003,France,100_to_200km,zero=3;rare=3;common=3,9,26,0.11428571428571428,0.05714285714285714,-0.05714285714285714
2584710,1,+045:+003,France,20_to_50km,zero=0;rare=0;common=5,5,24,0.13333333333333333,0.13793103448275862,0.004597701149425287
2584932,1,+046:+023,Romania,100_to_200km,zero=0;rare=2;common=22,24,26,0.3333333333333333,0.32,-0.013333333333333308
2586108,1,+046:+023,Romania,100_to_200km,zero=0;rare=3;common=9,12,29,0.0,0.0,0.0
2586452,1,+045:+003,France,50_to_100km,zero=0;rare=0;common=16,16,26,0.5238095238095238,0.5238095238095238,0.0
2587004,1,+043:+006,France,50_to_100km,zero=3;rare=7;common=13,23,22,0.044444444444444446,0.044444444444444446,0.0
2587794,1,+055:+010,Denmark,20_to_50km,zero=0;rare=0;common=15,15,21,0.32432432432432434,0.3333333333333333,0.009009009009008973
2588149,1,+043:+003,France,50_to_100km,zero=1;rare=0;common=1,2,21,0.08333333333333333,0.08695652173913043,0.0036231884057971037
2593227,1,+043:+006,France,50_to_100km,zero=4;rare=6;common=6,16,27,0.14634146341463414,0.13953488372093023,-0.006806579693703907
2593302,1,+043:+003,France,50_to_100km,zero=0;rare=1;common=0,1,22,0.0,0.0,0.0
2594712,1,+043:+006,France,50_to_100km,zero=0;rare=5;common=7,12,26,0.21621621621621623,0.21052631578947367,-0.005689900426742556
2594957,1,+055:+010,Denmark,20_to_50km,zero=0;rare=0;common=16,16,19,0.4444444444444444,0.45714285714285713,0.012698412698412709
2598067,1,+042:+011,Italy,100_to_200km,zero=3;rare=1;common=7,11,21,0.25806451612903225,0.25,-0.008064516129032251
2598582,1,+046:+023,Romania,50_to_100km,zero=3;rare=4;common=28,35,32,0.23880597014925373,0.208955223880597,-0.02985074626865672
2599721,1,+042:+011,Italy,100_to_200km,zero=2;rare=0;common=4,6,23,0.14285714285714285,0.13793103448275862,-0.0049261083743842304
2603294,1,+054:+012,Denmark,20_to_50km,zero=0;rare=0;common=15,15,19,0.11428571428571428,0.11764705882352941,0.003361344537815128
2605757,1,+046:+023,Romania,100_to_200km,zero=1;rare=1;common=20,22,31,0.48148148148148145,0.49056603773584906,0.009084556254367604
2608049,1,+043:+006,France,50_to_100km,zero=2;rare=4;common=9,15,24,0.10256410256410256,0.10256410256410256,0.0
2608248,1,+043:+003,France,50_to_100km,zero=0;rare=1;common=0,1,23,0.0,0.0,0.0
2609527,1,+049:+005,Belgium,100_to_200km,zero=0;rare=0;common=7,7,23,0.0,0.0,0.0
2610125,1,+043:+006,France,50_to_100km,zero=2;rare=4;common=12,18,26,0.36363636363636365,0.36363636363636365,0.0
2610610,1,+046:+023,Romania,100_to_200km,zero=1;rare=5;common=9,15,24,0.05714285714285714,0.05128205128205128,-0.005860805860805861
2611077,1,+045:+003,France,50_to_100km,zero=0;rare=0;common=10,10,24,0.4,0.4117647058823529,0.0117647058823529
2612285,1,+046:+023,Romania,100_to_200km,zero=9;rare=9;common=40,58,28,0.23529411764705882,0.2558139534883721,0.020519835841313283
2613573,1,+043:+006,France,50_to_100km,zero=2;rare=6;common=8,16,30,0.0,0.0,0.0
2617179,1,+046:+023,Romania,100_to_200km,zero=0;rare=5;common=5,10,24,0.0,0.0,0.0
2619581,1,+055:+010,Denmark,20_to_50km,zero=0;rare=1;common=15,16,19,0.2702702702702703,0.22857142857142856,-0.04169884169884172
2620919,1,+049:+005,France,50_to_100km,zero=0;rare=0;common=16,16,21,0.42105263157894735,0.43243243243243246,0.011379800853485111
2624670,1,+043:+003,France,50_to_100km,zero=1;rare=0;common=0,1,26,0.0,0.0,0.0
2625217,1,+055:+010,Denmark,20_to_50km,zero=0;rare=0;common=19,19,22,0.42857142857142855,0.43902439024390244,0.010452961672473893
2627743,1,+046:+023,Romania,100_to_200km,zero=0;rare=4;common=21,25,30,0.32727272727272727,0.32727272727272727,0.0
2631120,1,+054:+012,Denmark,20_to_50km,zero=0;rare=0;common=23,23,20,0.32558139534883723,0.32558139534883723,0.0
2636365,1,+043:+003,France,50_to_100km,zero=2;rare=1;common=2,5,24,0.0,0.0,0.0
2636586,1,+049:+005,France,50_to_100km,zero=0;rare=0;common=25,25,24,0.4,0.40816326530612246,0.008163265306122436
2636856,1,+045:+003,France,50_to_100km,zero=0;rare=1;common=29,30,27,0.35714285714285715,0.3508771929824561,-0.00626566416040103
2637709,1,+055:+010,Denmark,20_to_50km,zero=0;rare=1;common=14,15,18,0.4,0.42424242424242425,0.024242424242424232
2639085,1,+043:+003,France,50_to_100km,zero=0;rare=2;common=0,2,22,0.0,0.0,0.0
2643932,1,+043:+003,France,50_to_100km,zero=0;rare=1;common=0,1,23,0.0,0.0,0.0
2646351,1,+055:+010,Denmark,20_to_50km,zero=0;rare=0;common=10,10,27,0.2564102564102564,0.21621621621621623,-0.04019404019404016
2647279,1,+046:-001,France,20_to_50km,zero=0;rare=0;common=14,14,24,0.42105263157894735,0.42105263157894735,0.0
2647443,1,+049:+005,Belgium,100_to_200km,zero=0;rare=1;common=14,15,24,0.0,0.0,0.0
2647765,1,+045:+003,France,20_to_50km,zero=0;rare=0;common=5,5,20,0.37037037037037035,0.4,0.029629629629629672
2647899,1,+055:+010,Denmark,20_to_50km,zero=0;rare=0;common=12,12,22,0.4375,0.47058823529411764,0.03308823529411764
2651045,1,+055:+010,Denmark,20_to_50km,zero=0;rare=0;common=14,14,22,0.16216216216216217,0.1111111111111111,-0.051051051051051066
2651492,1,+055:+010,Denmark,20_to_50km,zero=0;rare=0;common=13,13,23,0.2702702702702703,0.2777777777777778,0.007507507507507505
2651999,1,+043:+006,France,20_to_50km,zero=0;rare=0;common=10,10,29,0.10526315789473684,0.15384615384615385,0.04858299595141702
2652740,1,+046:+023,Romania,100_to_200km,zero=2;rare=1;common=14,17,25,0.3076923076923077,0.2857142857142857,-0.02197802197802201
2652994,1,+043:+006,France,50_to_100km,zero=0;rare=1;common=2,3,25,0.14285714285714285,0.14285714285714285,0.0
2654088,1,+043:+006,France,20_to_50km,zero=0;rare=2;common=34,36,28,0.22580645161290322,0.21875,-0.0070564516129032195
2655347,1,+046:+023,Romania,100_to_200km,zero=2;rare=4;common=10,16,29,0.045454545454545456,0.08888888888888889,0.043434343434343436
2656547,1,+043:+006,France,50_to_100km,zero=1;rare=6;common=9,16,27,0.047619047619047616,0.046511627906976744,-0.0011074197120708729
2657489,1,+043:+006,France,50_to_100km,zero=5;rare=13;common=19,37,26,0.09523809523809523,0.09523809523809523,0.0
2660459,1,+045:+003,France,20_to_50km,zero=0;rare=0;common=20,20,24,0.5333333333333333,0.5454545454545454,0.012121212121212088
2661919,1,+055:+010,Denmark,20_to_50km,zero=0;rare=0;common=25,25,23,0.5714285714285714,0.5833333333333334,0.011904761904761973
2664236,1,+037:+012,Italy,20_to_50km,zero=4;rare=6;common=8,18,25,0.23809523809523808,0.27906976744186046,0.04097452934662238
2664659,1,+042:+011,Italy,100_to_200km,zero=7;rare=2;common=2,11,21,0.06451612903225806,0.0625,-0.0020161290322580627
2667257,1,+055:+010,Denmark,20_to_50km,zero=0;rare=0;common=6,6,18,0.07142857142857142,0.08333333333333333,0.011904761904761904
2670378,1,+046:+023,Romania,100_to_200km,zero=0;rare=2;common=15,17,31,0.2857142857142857,0.2916666666666667,0.005952380952380987
2671543,1,+055:+010,Denmark,20_to_50km,zero=0;rare=0;common=27,27,20,0.3829787234042553,0.3829787234042553,0.0
2672710,1,+043:+003,France,50_to_100km,zero=0;rare=2;common=0,2,22,0.0,0.0,0.0
2673370,1,+045:+003,France,20_to_50km,zero=0;rare=0;common=20,20,22,0.47619047619047616,0.47619047619047616,0.0
2674770,1,+047:+005,France,50_to_100km,zero=0;rare=0;common=16,16,25,0.3333333333333333,0.34146341463414637,0.008130081300813052
2674946,1,+043:+003,France,100_to_200km,zero=1;rare=5;common=14,20,26,0.5217391304347826,0.5217391304347826,0.0
2676010,1,+043:+003,France,50_to_100km,zero=0;rare=2;common=0,2,22,0.0,0.0,0.0
2676245,1,+043:+006,France,50_to_100km,zero=2;rare=18;common=19,39,23,0.09523809523809523,0.0967741935483871,0.0015360983102918613
2676247,1,+043:+003,France,50_to_100km,zero=0;rare=2;common=0,2,23,0.0,0.0,0.0
2680822,1,+046:+023,Romania,100_to_200km,zero=0;rare=3;common=27,30,30,0.36666666666666664,0.36666666666666664,0.0
2681529,1,+055:+010,Denmark,20_to_50km,zero=0;rare=0;common=4,4,21,0.15384615384615385,0.16,0.006153846153846149
2682289,1,+049:+015,Czech Republic,20_to_50km,zero=0;rare=0;common=20,20,25,0.42857142857142855,0.4,-0.028571428571428525
2685471,1,+043:+006,France,50_to_100km,zero=1;rare=3;common=2,6,26,0.0,0.0625,0.0625
2686676,1,+043:+006,France,50_to_100km,zero=3;rare=2;common=3,8,23,0.0625,0.06451612903225806,0.0020161290322580627
2689178,1,+045:+003,France,50_to_100km,zero=0;rare=0;common=45,45,23,0.2898550724637681,0.29411764705882354,0.004262574595055413
2689417,1,+037:+012,Italy,20_to_50km,zero=9;rare=12;common=24,45,28,0.2222222222222222,0.2465753424657534,0.0243531202435312
2689875,1,+045:+003,France,20_to_50km,zero=0;rare=0;common=11,11,19,0.45161290322580644,0.4666666666666667,0.015053763440860235
2689950,1,+049:+004,France,50_to_100km,zero=0;rare=0;common=21,21,22,0.5581395348837209,0.5581395348837209,0.0
2690846,1,+054:+012,Denmark,20_to_50km,zero=0;rare=0;common=17,17,19,0.3888888888888889,0.3888888888888889,0.0
2692718,1,+043:+003,France,50_to_100km,zero=0;rare=2;common=18,20,20,0.47619047619047616,0.45,-0.026190476190476153
2692813,1,+043:+003,France,50_to_100km,zero=0;rare=2;common=0,2,25,0.0,0.0,0.0
2693170,1,+055:+010,Denmark,20_to_50km,zero=0;rare=0;common=25,25,26,0.5882352941176471,0.5882352941176471,0.0
2693346,1,+043:+006,France,50_to_100km,zero=2;rare=7;common=9,18,28,0.045454545454545456,0.043478260869565216,-0.0019762845849802396
2695630,1,+043:+006,France,50_to_100km,zero=1;rare=9;common=34,44,27,0.5142857142857142,0.5070422535211268,-0.007243460764587484
2698729,1,+055:+010,Denmark,20_to_50km,zero=0;rare=0;common=19,19,21,0.1951219512195122,0.2,0.004878048780487809
2699486,1,+043:+006,France,50_to_100km,zero=3;rare=9;common=11,23,23,0.0425531914893617,0.043478260869565216,0.0009250693802035151
2702532,1,+055:+010,Denmark,20_to_50km,zero=0;rare=0;common=20,20,18,0.21052631578947367,0.21052631578947367,0.0
2702883,1,+043:+006,France,50_to_100km,zero=0;rare=1;common=1,2,25,0.07692307692307693,0.07407407407407407,-0.0028490028490028574
2705370,1,+042:+011,Italy,100_to_200km,zero=0;rare=1;common=1,2,23,0.0,0.0,0.0
2706846,1,+055:+010,Denmark,20_to_50km,zero=0;rare=0;common=21,21,18,0.3902439024390244,0.3076923076923077,-0.0825515947467167
2707403,1,+049:+005,France,50_to_100km,zero=0;rare=0;common=17,17,23,0.0,0.0,0.0
2708425,1,+043:+006,France,50_to_100km,zero=0;rare=2;common=14,16,27,0.23255813953488372,0.27906976744186046,0.046511627906976744
2710064,1,+043:+006,France,50_to_100km,zero=2;rare=8;common=8,18,24,0.1,0.09523809523809523,-0.004761904761904773
2710615,1,+054:+012,Denmark,20_to_50km,zero=0;rare=0;common=19,19,21,0.34146341463414637,0.35,0.00853658536585361
2712487,1,+046:-001,France,50_to_100km,zero=0;rare=0;common=18,18,22,0.65,0.65,0.0
2712669,1,+043:+006,France,50_to_100km,zero=0;rare=0;common=5,5,21,0.24,0.3076923076923077,0.06769230769230772
2713815,1,+055:+010,Denmark,20_to_50km,zero=0;rare=0;common=28,28,21,0.44,0.4489795918367347,0.00897959183673469
2714653,1,+045:+003,France,20_to_50km,zero=0;rare=0;common=29,29,24,0.3333333333333333,0.33962264150943394,0.0062893081761006275
2715967,1,+043:+003,France,100_to_200km,zero=0;rare=6;common=10,16,26,0.3333333333333333,0.3333333333333333,0.0
2716555,1,+043:+003,France,50_to_100km,zero=0;rare=1;common=0,1,27,0.0,0.0,0.0
2719631,1,+055:+010,Denmark,20_to_50km,zero=0;rare=0;common=14,14,19,0.29411764705882354,0.30303030303030304,0.0089126559714795
2721865,1,+043:+006,France,50_to_100km,zero=1;rare=8;common=13,22,26,0.0,0.041666666666666664,0.041666666666666664
2721923,1,+049:+005,France,20_to_50km,zero=0;rare=0;common=19,19,24,0.4,0.4186046511627907,0.018604651162790697
2722684,1,+045:+003,France,20_to_50km,zero=0;rare=0;common=30,30,24,0.4074074074074074,0.4074074074074074,0.0
2726486,1,+049:+004,France,20_to_50km,zero=1;rare=0;common=29,30,22,0.5185185185185185,0.5384615384615384,0.019943019943019946
2728591,1,+055:+010,Denmark,20_to_50km,zero=0;rare=0;common=21,21,21,0.46511627906976744,0.47619047619047616,0.011074197120708729
2730642,1,+054:+012,Denmark,20_to_50km,zero=0;rare=0;common=8,8,20,0.2,0.21428571428571427,0.014285714285714263
2733457,1,+043:+003,France,50_to_100km,zero=0;rare=2;common=0,2,23,0.0,0.0,0.0
2733825,1,+055:+010,Denmark,20_to_50km,zero=0;rare=0;common=11,11,16,0.6206896551724138,0.6666666666666666,0.04597701149425282
2738171,1,+047:+005,France,50_to_100km,zero=0;rare=0;common=26,26,26,0.6153846153846154,0.6153846153846154,0.0
2740757,1,+049:+005,France,50_to_100km,zero=0;rare=1;common=31,32,21,0.39285714285714285,0.41509433962264153,0.02223719676549868
2745888,1,+055:+010,Denmark,20_to_50km,zero=0;rare=0;common=23,23,19,0.37209302325581395,0.38095238095238093,0.008859357696566983
2748058,1,+043:+006,France,50_to_100km,zero=2;rare=8;common=11,21,26,0.0851063829787234,0.0851063829787234,0.0
2749459,1,+054:+012,Denmark,20_to_50km,zero=0;rare=0;common=37,37,23,0.29508196721311475,0.26666666666666666,-0.028415300546448086
2753794,1,+037:+012,Italy,20_to_50km,zero=7;rare=8;common=18,33,28,0.26229508196721313,0.29508196721311475,0.03278688524590162
2753826,1,+045:+003,France,20_to_50km,zero=0;rare=0;common=47,47,23,0.30985915492957744,0.3142857142857143,0.004426559356136839
2754349,1,+045:+000,France,20_to_50km,zero=0;rare=0;common=13,13,19,0.18181818181818182,0.1875,0.005681818181818177
2754610,1,+042:+011,Italy,100_to_200km,zero=4;rare=2;common=3,9,23,0.0,0.0,0.0
2754666,1,+043:+003,France,50_to_100km,zero=0;rare=3;common=11,14,21,0.1111111111111111,0.11428571428571428,0.003174603174603177
2754692,1,+043:+003,France,50_to_100km,zero=0;rare=1;common=0,1,22,0.0,0.0,0.0
2754983,1,+054:+012,Denmark,20_to_50km,zero=0;rare=0;common=13,13,24,0.3684210526315789,0.3783783783783784,0.009957325746799472
2755782,1,+043:+006,France,50_to_100km,zero=0;rare=0;common=18,18,27,0.5909090909090909,0.5777777777777777,-0.013131313131313216
2756904,1,+054:+012,Denmark,20_to_50km,zero=0;rare=0;common=6,6,21,0.14285714285714285,0.14814814814814814,0.005291005291005291
2757466,1,+043:+006,France,50_to_100km,zero=0;rare=4;common=2,6,24,0.06451612903225806,0.06666666666666667,0.002150537634408603
2758505,1,+046:+023,Romania,100_to_200km,zero=1;rare=2;common=10,13,31,0.08888888888888889,0.09090909090909091,0.0020202020202020193
2761430,1,+042:+011,Italy,100_to_200km,zero=0;rare=1;common=9,10,23,0.3125,0.30303030303030304,-0.009469696969696961
2763817,1,+043:+003,France,50_to_100km,zero=1;rare=1;common=1,3,21,0.0,0.0,0.0
2766072,1,+046:+023,Romania,100_to_200km,zero=3;rare=6;common=13,22,27,0.041666666666666664,0.04081632653061224,-0.0008503401360544227
2769496,1,+046:-001,France,20_to_50km,zero=0;rare=0;common=13,13,25,0.3076923076923077,0.3157894736842105,0.0080971659919028
2770758,1,+055:+010,Denmark,20_to_50km,zero=0;rare=0;common=19,19,21,0.24390243902439024,0.25,0.0060975609756097615
2772035,1,+043:+006,France,50_to_100km,zero=2;rare=8;common=7,17,22,0.05128205128205128,0.05128205128205128,0.0
2773064,1,+037:+012,Italy,20_to_50km,zero=4;rare=6;common=7,17,24,0.14634146341463414,0.14634146341463414,0.0
2774774,1,+054:+012,Denmark,20_to_50km,zero=0;rare=0;common=12,12,18,0.4375,0.4666666666666667,0.029166666666666674
2775948,1,+037:+012,Italy,50_to_100km,zero=4;rare=3;common=1,8,26,0.06060606060606061,0.058823529411764705,-0.0017825311942959027
2775994,1,+043:+003,France,50_to_100km,zero=0;rare=1;common=0,1,26,0.0,0.0,0.0
2776456,1,+037:+012,Italy,20_to_50km,zero=4;rare=6;common=13,23,28,0.2857142857142857,0.3137254901960784,0.02801120448179273
2778472,1,+046:+023,Romania,100_to_200km,zero=2;rare=0;common=15,17,31,0.20408163265306123,0.20833333333333334,0.0042517006802721136
2780367,1,+043:+003,France,50_to_100km,zero=0;rare=2;common=0,2,23,0.0,0.0,0.0
2780382,1,+043:+003,France,50_to_100km,zero=0;rare=1;common=13,14,26,0.21052631578947367,0.25,0.03947368421052633
2781796,1,+043:+006,France,50_to_100km,zero=1;rare=4;common=8,13,25,0.21621621621621623,0.21052631578947367,-0.005689900426742556
2783960,1,+055:+010,Denmark,20_to_50km,zero=0;rare=0;common=12,12,22,0.4117647058823529,0.4117647058823529,0.0
2788171,1,+046:+023,Romania,100_to_200km,zero=2;rare=7;common=47,56,31,0.18181818181818182,0.20689655172413793,0.025078369905956105
2789294,1,+043:+006,France,50_to_100km,zero=0;rare=5;common=13,18,26,0.3333333333333333,0.3181818181818182,-0.015151515151515138
2790028,1,+054:+012,Denmark,20_to_50km,zero=0;rare=0;common=15,15,21,0.21621621621621623,0.2222222222222222,0.006006006006005982
2791408,1,+043:+006,France,50_to_100km,zero=1;rare=5;common=3,9,24,0.12121212121212122,0.12121212121212122,0.0
2792664,1,+043:+006,France,50_to_100km,zero=0;rare=6;common=8,14,24,0.46153846153846156,0.47368421052631576,0.012145748987854199
2792919,1,+054:+012,Denmark,20_to_50km,zero=0;rare=0;common=21,21,19,0.3902439024390244,0.4,0.009756097560975618
2798130,1,+049:+005,France,20_to_50km,zero=0;rare=0;common=29,29,26,0.42105263157894735,0.43636363636363634,0.015311004784688997
2799730,1,+043:+006,France,50_to_100km,zero=1;rare=13;common=8,22,28,0.16,0.16,0.0
2802674,1,+046:+023,Romania,100_to_200km,zero=2;rare=7;common=10,19,26,0.046511627906976744,0.044444444444444446,-0.0020671834625322974
2805019,1,+042:+011,Italy,100_to_200km,zero=1;rare=3;common=4,8,23,0.0,0.0,0.0
2805500,1,+046:+023,Romania,100_to_200km,zero=0;rare=1;common=4,5,23,0.08,0.0,-0.08
2808306,1,+043:+006,France,50_to_100km,zero=0;rare=0;common=3,3,22,0.08,0.08,0.0
2809265,1,+054:+012,Denmark,20_to_50km,zero=0;rare=0;common=5,5,17,0.24,0.2727272727272727,0.032727272727272716
2811998,1,+046:-001,France,20_to_50km,zero=0;rare=0;common=9,9,20,0.5625,0.6206896551724138,0.05818965517241381
2812087,1,+045:+003,France,50_to_100km,zero=0;rare=0;common=14,14,21,0.42105263157894735,0.45714285714285713,0.036090225563909784
2812811,1,+055:+010,Denmark,20_to_50km,zero=0;rare=0;common=12,12,20,0.3125,0.3125,0.0
2813247,1,+045:+003,France,50_to_100km,zero=0;rare=0;common=22,22,25,0.5,0.5106382978723404,0.010638297872340385
2814947,1,+054:+012,Denmark,20_to_50km,zero=0;rare=0;common=17,17,19,0.21621621621621623,0.2222222222222222,0.006006006006005982
2815177,1,+042:+011,Italy,100_to_200km,zero=3;rare=1;common=0,4,23,0.0,0.0,0.0
2815402,1,+043:+006,France,50_to_100km,zero=0;rare=1;common=7,8,25,0.1875,0.18181818181818182,-0.005681818181818177
2815698,1,+043:+003,France,100_to_200km,zero=0;rare=6;common=14,20,24,0.34782608695652173,0.36363636363636365,0.015810276679841917
2816071,1,+043:+003,France,50_to_100km,zero=0;rare=0;common=6,6,21,0.06896551724137931,0.07407407407407407,0.005108556832694761
2818569,1,+046:+023,Romania,100_to_200km,zero=0;rare=3;common=5,8,24,0.14285714285714285,0.125,-0.01785714285714285
2819194,1,+055:+010,Denmark,20_to_50km,zero=0;rare=0;common=11,11,24,0.45714285714285713,0.45714285714285713,0.0
2819352,1,+054:+012,Denmark,20_to_50km,zero=0;rare=0;common=9,9,21,0.25806451612903225,0.26666666666666666,0.008602150537634412
2819984,1,+055:+010,Denmark,20_to_50km,zero=0;rare=0;common=17,17,21,0.5,0.47368421052631576,-0.026315789473684237
2820567,1,+043:+006,France,50_to_100km,zero=0;rare=4;common=9,13,21,0.0,0.0,0.0
2822261,1,+046:+023,Romania,100_to_200km,zero=0;rare=5;common=7,12,24,0.0,0.0,0.0
2823958,1,+037:+012,Italy,20_to_50km,zero=4;rare=7;common=20,31,27,0.27586206896551724,0.27586206896551724,0.0
2827795,1,+043:+006,France,50_to_100km,zero=1;rare=8;common=13,22,26,0.13043478260869565,0.125,-0.0054347826086956486
2828002,1,+043:+003,France,50_to_100km,zero=0;rare=0;common=6,6,20,0.21428571428571427,0.23076923076923078,0.016483516483516508
2830063,1,+055:+010,Denmark,20_to_50km,zero=0;rare=0;common=19,19,21,0.38095238095238093,0.35,-0.030952380952380953
2830511,1,+055:+010,Denmark,20_to_50km,zero=0;rare=0;common=10,10,21,0.18181818181818182,0.1935483870967742,0.011730205278592365
2833090,1,+054:+012,Denmark,20_to_50km,zero=0;rare=0;common=14,14,19,0.5294117647058824,0.5454545454545454,0.016042780748663055
2833263,1,+042:+013,Italy,100_to_200km,zero=4;rare=6;common=22,32,26,0.25,0.2413793103448276,-0.008620689655172403
2836594,1,+046:-001,France,20_to_50km,zero=0;rare=0;common=9,9,19,0.20689655172413793,0.21428571428571427,0.007389162561576346
2837037,1,+043:+003,France,50_to_100km,zero=1;rare=4;common=17,22,25,0.391304347826087,0.3829787234042553,-0.008325624421831657
2837670,1,+042:+013,Italy,100_to_200km,zero=0;rare=1;common=7,8,28,0.0,0.0,0.0
2838661,1,+043:+003,France,100_to_200km,zero=0;rare=6;common=16,22,22,0.5333333333333333,0.5454545454545454,0.012121212121212088
2838693,1,+054:+012,Denmark,20_to_50km,zero=0;rare=0;common=8,8,20,0.06896551724137931,0.07142857142857142,0.0024630541871921152
2840155,1,+045:+003,France,20_to_50km,zero=0;rare=1;common=24,25,25,0.35294117647058826,0.36,0.0070588235294117285
2840406,1,+049:+005,France,50_to_100km,zero=0;rare=0;common=22,22,20,0.30434782608695654,0.3333333333333333,0.028985507246376774
2841428,1,+054:+012,Denmark,20_to_50km,zero=0;rare=0;common=13,13,19,0.42424242424242425,0.4375,0.013257575757575746
2842725,1,+043:+003,France,50_to_100km,zero=0;rare=1;common=0,1,23,0.0,0.0,0.0
2843045,1,+043:+003,France,50_to_100km,zero=6;rare=4;common=2,12,20,0.0,0.0,0.0
2844708,1,+043:+006,France,50_to_100km,zero=2;rare=12;common=11,25,26,0.04081632653061224,0.0784313725490196,0.037615046018407365
2847896,1,+045:+003,France,50_to_100km,zero=0;rare=0;common=10,10,22,0.3125,0.3125,0.0
2849645,1,+046:+023,Romania,100_to_200km,zero=2;rare=4;common=23,29,30,0.2033898305084746,0.23728813559322035,0.033898305084745756
2851629,1,+043:+006,France,50_to_100km,zero=1;rare=7;common=7,15,26,0.0,0.0,0.0
2851694,1,+043:+006,France,50_to_100km,zero=2;rare=11;common=11,24,21,0.044444444444444446,0.044444444444444446,0.0
2852231,1,+046:-001,France,20_to_50km,zero=0;rare=0;common=14,14,25,0.4,0.358974358974359,-0.041025641025641046
2852347,1,+046:+023,Romania,100_to_200km,zero=0;rare=4;common=8,12,24,0.0625,0.0,-0.0625
2852513,1,+045:+003,France,20_to_50km,zero=0;rare=0;common=21,21,29,0.4897959183673469,0.56,0.07020408163265313
2853018,1,+054:+012,Denmark,20_to_50km,zero=0;rare=0;common=12,12,19,0.5882352941176471,0.6451612903225806,0.05692599620493355
2853383,1,+046:+023,Romania,100_to_200km,zero=0;rare=4;common=8,12,24,0.0625,0.05555555555555555,-0.0069444444444444475
2853646,1,+046:+023,Romania,100_to_200km,zero=2;rare=5;common=12,19,27,0.044444444444444446,0.043478260869565216,-0.00096618357487923
2853698,1,+043:+006,France,50_to_100km,zero=5;rare=12;common=20,37,21,0.10344827586206896,0.10344827586206896,0.0
2854246,1,+043:+003,France,50_to_100km,zero=0;rare=1;common=0,1,21,0.0,0.0,0.0
2854911,1,+045:+000,France,20_to_50km,zero=0;rare=0;common=24,24,27,0.56,0.5882352941176471,0.028235294117647025
2855656,1,+049:+005,France,100_to_200km,zero=0;rare=0;common=11,11,19,0.0,0.0,0.0
2855689,1,+049:+005,France,50_to_100km,zero=0;rare=2;common=43,45,26,0.22535211267605634,0.22535211267605634,0.0
2857405,1,+043:+006,France,50_to_100km,zero=2;rare=4;common=10,16,25,0.0,0.0,0.0
2857700,1,+055:+010,Denmark,20_to_50km,zero=0;rare=0;common=15,15,18,0.5142857142857142,0.5454545454545454,0.03116883116883118
2861423,1,+042:+013,Italy,100_to_200km,zero=0;rare=1;common=5,6,26,0.0,0.0,0.0
2862297,1,+047:+005,France,50_to_100km,zero=0;rare=0;common=12,12,23,0.4444444444444444,0.45714285714285713,0.012698412698412709
2863129,1,+055:+010,Denmark,20_to_50km,zero=0;rare=0;common=18,18,20,0.23809523809523808,0.2631578947368421,0.02506265664160401
2863371,1,+054:+012,Denmark,20_to_50km,zero=0;rare=0;common=18,18,22,0.1,0.1,0.0
2866335,1,+049:+005,France,20_to_50km,zero=0;rare=0;common=12,12,25,0.3076923076923077,0.32432432432432434,0.016632016632016633
2866895,1,+054:+012,Denmark,20_to_50km,zero=0;rare=0;common=16,16,20,0.4444444444444444,0.4444444444444444,0.0
2868499,1,+043:+003,France,50_to_100km,zero=0;rare=2;common=0,2,27,0.0,0.0,0.0
2869240,1,+043:+006,France,50_to_100km,zero=0;rare=5;common=27,32,25,0.07272727272727272,0.07017543859649122,-0.0025518341307814996
2869445,1,+049:+007,France,20_to_50km,zero=0;rare=0;common=11,11,19,0.6451612903225806,0.6666666666666666,0.021505376344086002
2869739,1,+050:+002,France,20_to_50km,zero=0;rare=0;common=14,14,22,0.2631578947368421,0.2777777777777778,0.0146198830409357
2870160,1,+037:+012,Italy,20_to_50km,zero=1;rare=1;common=5,7,25,0.125,0.125,0.0
2870348,1,+043:+006,France,50_to_100km,zero=0;rare=0;common=13,13,25,0.5263157894736842,0.5263157894736842,0.0
2871715,1,+046:+023,Romania,100_to_200km,zero=0;rare=0;common=31,31,31,0.38095238095238093,0.3870967741935484,0.006144393241167445
2873061,1,+043:+003,France,50_to_100km,zero=0;rare=0;common=6,6,22,0.14285714285714285,0.14285714285714285,0.0
2874874,1,+047:+005,France,50_to_100km,zero=0;rare=0;common=36,36,26,0.45161290322580644,0.45161290322580644,0.0
2875454,1,+043:+006,France,50_to_100km,zero=0;rare=4;common=5,9,25,0.06060606060606061,0.058823529411764705,-0.0017825311942959027
2876167,1,+055:+010,Denmark,20_to_50km,zero=0;rare=0;common=25,25,18,0.2222222222222222,0.23255813953488372,0.010335917312661508
2877704,1,+055:+010,Denmark,20_to_50km,zero=0;rare=0;common=21,21,23,0.45454545454545453,0.45454545454545453,0.0
2879662,1,+050:+006,Germany,20_to_50km,zero=0;rare=0;common=7,7,19,0.2962962962962963,0.3076923076923077,0.01139601139601143
2879878,1,+043:+003,France,50_to_100km,zero=0;rare=1;common=9,10,22,0.4117647058823529,0.4375,0.02573529411764708
2883544,1,+042:+011,Italy,100_to_200km,zero=0;rare=0;common=9,9,24,0.42424242424242425,0.42424242424242425,0.0
2884906,1,+045:+003,France,50_to_100km,zero=0;rare=0;common=9,9,24,0.47058823529411764,0.48484848484848486,0.014260249554367221
2886100,1,+046:+023,Romania,100_to_200km,zero=4;rare=1;common=7,12,25,0.0,0.05405405405405406,0.05405405405405406
2886687,1,+045:+003,France,20_to_50km,zero=0;rare=0;common=21,21,23,0.26666666666666666,0.2727272727272727,0.006060606060606044
2887369,1,+043:+003,France,50_to_100km,zero=0;rare=2;common=0,2,23,0.0,0.0,0.0
2888278,1,+055:+010,Denmark,20_to_50km,zero=0;rare=0;common=16,16,20,0.2702702702702703,0.2777777777777778,0.007507507507507505
2888731,1,+050:+006,Germany,20_to_50km,zero=2;rare=1;common=18,21,20,0.55,0.5853658536585366,0.035365853658536506
2892414,1,+046:+023,Romania,100_to_200km,zero=0;rare=3;common=6,9,24,0.0,0.0,0.0
2892879,1,+042:+013,Italy,100_to_200km,zero=2;rare=6;common=32,40,26,0.21875,0.24242424242424243,0.02367424242424243
2893131,1,+054:+012,Denmark,20_to_50km,zero=0;rare=0;common=22,22,23,0.26666666666666666,0.26666666666666666,0.0
2893961,1,+045:+003,France,50_to_100km,zero=0;rare=0;common=22,22,26,0.5416666666666666,0.5416666666666666,0.0
2895677,1,+045:+003,France,20_to_50km,zero=0;rare=0;common=27,27,27,0.509090909090909,0.5185185185185185,0.009427609427609451
2895864,1,+043:+003,France,50_to_100km,zero=0;rare=0;common=9,9,24,0.25,0.24242424242424243,-0.007575757575757569
2896528,1,+046:+023,Romania,100_to_200km,zero=0;rare=0;common=25,25,31,0.21052631578947367,0.21428571428571427,0.0037593984962406013
2896821,1,+045:+003,France,20_to_50km,zero=0;rare=0;common=5,5,20,0.16,0.16,0.0
2900361,1,+046:+023,Romania,100_to_200km,zero=6;rare=13;common=46,65,31,0.20618556701030927,0.20833333333333334,0.002147766323024075
2901711,1,+054:+012,Denmark,20_to_50km,zero=0;rare=1;common=35,36,23,0.5333333333333333,0.5084745762711864,-0.024858757062146908
2901725,1,+045:+003,France,20_to_50km,zero=0;rare=0;common=27,27,20,0.5531914893617021,0.5531914893617021,0.0
2901927,1,+055:+010,Denmark,20_to_50km,zero=0;rare=0;common=14,14,21,0.5555555555555556,0.5714285714285714,0.015873015873015817
2902236,1,+043:+006,France,50_to_100km,zero=1;rare=2;common=12,15,26,0.3902439024390244,0.3902439024390244,0.0
2902471,1,+043:+010,Italy,100_to_200km,zero=1;rare=2;common=0,3,21,0.0,0.0,0.0
2903431,1,+055:+010,Denmark,20_to_50km,zero=0;rare=0;common=14,14,20,0.3888888888888889,0.4117647058823529,0.022875816993464027
2906598,1,+043:+003,France,50_to_100km,zero=2;rare=1;common=0,3,19,0.0,0.0,0.0
2907482,1,+043:+003,France,50_to_100km,zero=0;rare=1;common=0,1,26,0.0,0.0,0.0
2912907,1,+043:+006,France,50_to_100km,zero=2;rare=6;common=7,15,20,0.0,0.0,0.0
2913640,1,+055:+010,Denmark,20_to_50km,zero=0;rare=0;common=20,20,22,0.46511627906976744,0.47619047619047616,0.011074197120708729
2913860,1,+046:-001,France,50_to_100km,zero=0;rare=0;common=17,17,22,0.45,0.46153846153846156,0.011538461538461553
2917848,1,+046:+023,Romania,100_to_200km,zero=0;rare=3;common=3,6,23,0.0,0.0,0.0
2918891,1,+055:+010,Denmark,20_to_50km,zero=0;rare=0;common=13,13,22,0.21621621621621623,0.22857142857142856,0.012355212355212336
2920841,1,+043:+010,Italy,100_to_200km,zero=3;rare=2;common=0,5,22,0.0,0.0,0.0
2923506,1,+049:+004,France,50_to_100km,zero=0;rare=0;common=14,14,24,0.45,0.47368421052631576,0.023684210526315752
2924124,1,+043:+003,France,50_to_100km,zero=0;rare=0;common=6,6,20,0.23076923076923078,0.23076923076923078,0.0
2924331,1,+046:+023,Romania,100_to_200km,zero=0;rare=2;common=8,10,32,0.0,0.0,0.0
2924512,1,+043:+003,France,100_to_200km,zero=7;rare=3;common=4,14,26,0.0,0.0,0.0
2926793,1,+054:+012,Denmark,20_to_50km,zero=0;rare=0;common=28,28,23,0.4230769230769231,0.39215686274509803,-0.03092006033182504
2927608,1,+043:+003,France,50_to_100km,zero=0;rare=1;common=0,1,22,0.0,0.0,0.0
2928383,1,+055:+010,Denmark,20_to_50km,zero=0;rare=0;common=10,10,26,0.1111111111111111,0.1111111111111111,0.0
2929499,1,+046:+023,Romania,100_to_200km,zero=2;rare=2;common=25,29,26,0.3018867924528302,0.2909090909090909,-0.010977701543739282
2929771,1,+055:+010,Denmark,20_to_50km,zero=0;rare=0;common=22,22,23,0.08695652173913043,0.08888888888888889,0.00193236714975846
2930028,1,+055:+010,Denmark,20_to_50km,zero=0;rare=0;common=16,16,21,0.6153846153846154,0.5945945945945946,-0.02079002079002079
2930514,1,+043:+006,France,50_to_100km,zero=0;rare=3;common=5,8,25,0.1875,0.18181818181818182,-0.005681818181818177
2933604,1,+045:+003,France,20_to_50km,zero=0;rare=0;common=35,35,25,0.4918032786885246,0.5,0.008196721311475419
2934553,1,+043:+006,France,50_to_100km,zero=0;rare=1;common=3,4,26,0.0,0.0,0.0
2937102,1,+055:+010,Denmark,20_to_50km,zero=0;rare=0;common=11,11,22,0.16666666666666666,0.18181818181818182,0.015151515151515166
2942530,1,+045:+000,France,20_to_50km,zero=0;rare=0;common=14,14,22,0.3888888888888889,0.3888888888888889,0.0
2946591,1,+055:+010,Denmark,20_to_50km,zero=0;rare=0;common=22,22,21,0.43478260869565216,0.46511627906976744,0.030333670374115274
2946710,1,+043:+006,France,50_to_100km,zero=0;rare=3;common=5,8,23,0.25,0.25806451612903225,0.008064516129032251
2947435,1,+046:+023,Romania,100_to_200km,zero=3;rare=6;common=25,34,30,0.1875,0.1875,0.0
2948629,1,+042:+011,Italy,100_to_200km,zero=0;rare=1;common=6,7,23,0.20689655172413793,0.2,-0.006896551724137917
2949373,1,+055:+010,Denmark,20_to_50km,zero=0;rare=1;common=16,17,21,0.15384615384615385,0.15789473684210525,0.0040485829959514
2952010,1,+054:+012,Denmark,20_to_50km,zero=0;rare=0;common=10,10,20,0.4375,0.4666666666666667,0.029166666666666674
2952655,1,+049:+015,Czech Republic,20_to_50km,zero=0;rare=0;common=7,7,22,0.0,0.0,0.0
2954951,1,+043:+003,France,50_to_100km,zero=0;rare=1;common=7,8,22,0.4,0.4,0.0
2955471,1,+046:+023,Romania,100_to_200km,zero=1;rare=4;common=31,36,32,0.0,0.0,0.0
2955943,1,+046:+023,Romania,100_to_200km,zero=0;rare=6;common=9,15,25,0.0,0.0,0.0
2955969,1,+046:+023,Romania,100_to_200km,zero=1;rare=2;common=14,17,31,0.20408163265306123,0.20833333333333334,0.0042517006802721136
2959814,1,+054:+012,Denmark,20_to_50km,zero=0;rare=0;common=14,14,20,0.35294117647058826,0.35294117647058826,0.0
2962429,1,+043:+003,France,50_to_100km,zero=0;rare=0;common=1,1,23,0.0,0.0,0.0
2963484,1,+054:+012,Denmark,20_to_50km,zero=0;rare=0;common=16,16,22,0.15789473684210525,0.15789473684210525,0.0
2963572,1,+049:+004,France,100_to_200km,zero=0;rare=0;common=26,26,20,0.5,0.5217391304347826,0.021739130434782594
2963963,1,+043:+006,France,50_to_100km,zero=1;rare=12;common=26,39,23,0.2,0.1935483870967742,-0.006451612903225823
2964477,1,+046:+023,Romania,100_to_200km,zero=0;rare=2;common=19,21,31,0.37735849056603776,0.38461538461538464,0.007256894049346874
2964950,1,+046:+023,Romania,100_to_200km,zero=0;rare=3;common=5,8,24,0.0,0.0,0.0
2966625,1,+054:+012,Denmark,20_to_50km,zero=0;rare=0;common=8,8,23,0.4666666666666667,0.45161290322580644,-0.015053763440860235
2967152,1,+045:+003,France,20_to_50km,zero=0;rare=1;common=15,16,23,0.2,0.20512820512820512,0.00512820512820511
2967477,1,+043:+006,France,50_to_100km,zero=3;rare=3;common=12,18,22,0.0,0.0,0.0
2971072,1,+042:+011,Italy,100_to_200km,zero=5;rare=1;common=0,6,21,0.0,0.0,0.0
2972878,1,+043:+003,France,50_to_100km,zero=0;rare=7;common=20,27,22,0.2857142857142857,0.2857142857142857,0.0
2973791,1,+043:+003,France,50_to_100km,zero=0;rare=1;common=8,9,24,0.11764705882352941,0.12121212121212122,0.0035650623885918054
2974926,1,+037:+012,Italy,20_to_50km,zero=0;rare=1;common=2,3,17,0.09523809523809523,0.1,0.004761904761904773
2975331,1,+043:+003,France,100_to_200km,zero=3;rare=5;common=1,9,25,0.0,0.0,0.0
2976092,1,+047:+005,France,50_to_100km,zero=0;rare=0;common=18,18,26,0.5454545454545454,0.5454545454545454,0.0
2978633,1,+037:+012,Italy,50_to_100km,zero=0;rare=5;common=6,11,27,0.16666666666666666,0.21052631578947367,0.043859649122807015
2979290,1,+043:+006,France,50_to_100km,zero=0;rare=6;common=2,8,27,0.0,0.0,0.0
2982480,1,+043:+006,France,50_to_100km,zero=0;rare=1;common=7,8,26,0.18181818181818182,0.17647058823529413,-0.005347593582887694
2982962,1,+054:+012,Denmark,20_to_50km,zero=0;rare=0;common=32,32,25,0.4482758620689655,0.45614035087719296,0.007864488808227432
2983955,1,+049:+005,France,50_to_100km,zero=0;rare=0;common=46,46,27,0.4444444444444444,0.4657534246575342,0.0213089802130898
2984061,1,+054:+012,Denmark,20_to_50km,zero=0;rare=1;common=23,24,23,0.1702127659574468,0.1702127659574468,0.0
2985158,1,+055:+010,Denmark,20_to_50km,zero=0;rare=0;common=17,17,22,0.5365853658536586,0.5641025641025641,0.027517198248905528
2986227,1,+049:+005,France,100_to_200km,zero=0;rare=0;common=23,23,25,0.0,0.0,0.0
2986268,1,+046:+023,Romania,100_to_200km,zero=0;rare=3;common=4,7,24,0.0,0.0,0.0
2986458,1,+046:+023,Romania,100_to_200km,zero=1;rare=3;common=21,25,32,0.21052631578947367,0.21052631578947367,0.0
2986623,1,+043:+003,France,50_to_100km,zero=0;rare=1;common=0,1,23,0.0,0.0,0.0
2987466,1,+054:+012,Denmark,20_to_50km,zero=0;rare=1;common=4,5,16,0.16,0.19047619047619047,0.030476190476190462
2995195,1,+043:+003,France,50_to_100km,zero=0;rare=1;common=0,1,22,0.0,0.0,0.0
2996763,1,+042:+011,Italy,100_to_200km,zero=4;rare=1;common=3,8,21,0.0,0.0,0.0
2997057,1,+055:+010,Denmark,20_to_50km,zero=0;rare=0;common=21,21,25,0.13333333333333333,0.13043478260869565,-0.002898550724637683
2998181,1,+043:+006,France,50_to_100km,zero=1;rare=5;common=4,10,28,0.1111111111111111,0.10526315789473684,-0.005847953216374269
3001199,1,+049:+015,Czech Republic,20_to_50km,zero=0;rare=0;common=8,8,28,0.0,0.0,0.0
3003047,1,+043:+003,France,50_to_100km,zero=0;rare=1;common=0,1,23,0.0,0.0,0.0
3004468,1,+047:+005,France,50_to_100km,zero=0;rare=0;common=23,23,23,0.425531914893617,0.43478260869565216,0.009250693802035137
3005604,1,+045:+003,France,50_to_100km,zero=0;rare=1;common=19,20,18,0.55,0.5263157894736842,-0.023684210526315863
3007502,1,+045:+003,France,20_to_50km,zero=0;rare=0;common=37,37,22,0.4067796610169492,0.4067796610169492,0.0
3008147,1,+046:+023,Romania,100_to_200km,zero=1;rare=1;common=21,23,31,0.4,0.4074074074074074,0.007407407407407363
3008676,1,+045:+003,France,50_to_100km,zero=0;rare=0;common=16,16,23,0.3,0.3076923076923077,0.0076923076923077205
3009347,1,+055:+010,Denmark,20_to_50km,zero=0;rare=0;common=10,10,22,0.3888888888888889,0.4375,0.048611111111111105
3010427,1,+054:+012,Denmark,20_to_50km,zero=0;rare=0;common=18,18,19,0.4444444444444444,0.43243243243243246,-0.012012012012011963
3017145,1,+043:+003,France,50_to_100km,zero=0;rare=5;common=10,15,27,0.14634146341463414,0.14285714285714285,-0.0034843205574912883
3017560,1,+042:+011,Italy,100_to_200km,zero=2;rare=5;common=3,10,25,0.0,0.0,0.0
3018021,1,+045:+003,France,20_to_50km,zero=0;rare=0;common=15,15,24,0.6153846153846154,0.6153846153846154,0.0
3020103,1,+055:+010,Denmark,20_to_50km,zero=0;rare=0;common=9,9,16,0.5185185185185185,0.56,0.041481481481481564
3024398,1,+046:+023,Romania,100_to_200km,zero=1;rare=5;common=3,9,25,0.0,0.0,0.0
3025482,1,+049:+004,France,50_to_100km,zero=0;rare=0;common=21,21,21,0.5652173913043478,0.6190476190476191,0.053830227743271286
3027013,1,+037:+012,Italy,20_to_50km,zero=8;rare=9;common=5,22,25,0.13043478260869565,0.1276595744680851,-0.002775208140610552
3027644,1,+043:+003,France,100_to_200km,zero=0;rare=2;common=13,15,26,0.45,0.43902439024390244,-0.01097560975609757
3028002,1,+043:+003,France,50_to_100km,zero=0;rare=2;common=0,2,23,0.0,0.0,0.0
3028242,1,+049:+004,France,50_to_100km,zero=0;rare=0;common=29,29,27,0.509090909090909,0.5,-0.009090909090909038
3028265,1,+037:+012,Italy,20_to_50km,zero=9;rare=10;common=20,39,29,0.26865671641791045,0.2647058823529412,-0.003950834064969266
3029515,1,+045:+003,France,50_to_100km,zero=0;rare=0;common=17,17,28,0.3181818181818182,0.3111111111111111,-0.007070707070707061
3030065,1,+045:+003,France,20_to_50km,zero=0;rare=1;common=34,35,23,0.42105263157894735,0.41379310344827586,-0.007259528130671489
3030695,1,+043:+006,France,50_to_100km,zero=0;rare=4;common=13,17,24,0.15384615384615385,0.1951219512195122,0.04127579737335835
3032031,1,+043:+006,France,50_to_100km,zero=2;rare=4;common=17,23,21,0.045454545454545456,0.045454545454545456,0.0
3033725,1,+045:+003,France,20_to_50km,zero=0;rare=0;common=26,26,26,0.37037037037037035,0.34615384615384615,-0.024216524216524205
3034347,1,+046:+023,Romania,100_to_200km,zero=0;rare=3;common=19,22,30,0.35294117647058826,0.34615384615384615,-0.006787330316742113
3034786,1,+055:+010,Denmark,20_to_50km,zero=0;rare=0;common=26,26,21,0.4489795918367347,0.425531914893617,-0.023447676943117668
3036081,1,+046:+023,Romania,100_to_200km,zero=0;rare=1;common=19,20,32,0.23076923076923078,0.23076923076923078,0.0
3036126,1,+055:+010,Denmark,20_to_50km,zero=0;rare=0;common=28,28,21,0.48,0.4897959183673469,0.009795918367346945
3036722,1,+043:+003,France,50_to_100km,zero=4;rare=8;common=10,22,22,0.045454545454545456,0.045454545454545456,0.0
3037921,1,+043:+006,France,50_to_100km,zero=0;rare=4;common=13,17,26,0.27906976744186046,0.27906976744186046,0.0
3039429,1,+046:+023,Romania,100_to_200km,zero=0;rare=2;common=4,6,24,0.0,0.0,0.0
3039924,1,+043:+006,France,50_to_100km,zero=3;rare=11;common=9,23,23,0.0,0.0,0.0
3042387,1,+047:+005,France,50_to_100km,zero=0;rare=1;common=32,33,26,0.4406779661016949,0.4406779661016949,0.0
3043245,1,+055:+010,Denmark,20_to_50km,zero=0;rare=0;common=13,13,23,0.5945945945945946,0.6111111111111112,0.016516516516516533
3045645,1,+049:+005,France,50_to_100km,zero=0;rare=0;common=24,24,21,0.0,0.0,0.0
3048224,1,+055:+010,Denmark,20_to_50km,zero=0;rare=0;common=14,14,20,0.2777777777777778,0.29411764705882354,0.01633986928104575
3048528,1,+043:+006,France,50_to_100km,zero=1;rare=5;common=11,17,22,0.0,0.0,0.0
3049073,1,+045:+003,France,50_to_100km,zero=0;rare=0;common=31,31,25,0.5614035087719298,0.5714285714285714,0.010025062656641603
3049337,1,+049:+005,Belgium,100_to_200km,zero=0;rare=1;common=1,2,24,0.0,0.0,0.0
3050999,1,+054:+012,Denmark,20_to_50km,zero=0;rare=0;common=15,15,21,0.3783783783783784,0.3888888888888889,0.010510510510510496
3051759,1,+043:+006,France,50_to_100km,zero=2;rare=5;common=5,12,25,0.0,0.0,0.0
3054063,1,+043:+006,France,50_to_100km,zero=0;rare=4;common=6,10,27,0.05555555555555555,0.05405405405405406,-0.0015015015015014954
3060544,1,+054:+012,Denmark,20_to_50km,zero=0;rare=0;common=12,12,19,0.625,0.6451612903225806,0.020161290322580627
3062871,1,+037:+012,Italy,20_to_50km,zero=11;rare=16;common=17,44,28,0.16901408450704225,0.19444444444444445,0.025430359937402197
3064700,1,+049:+007,France,20_to_50km,zero=0;rare=0;common=7,7,23,0.25806451612903225,0.26666666666666666,0.008602150537634412
3065815,1,+050:+006,Germany,20_to_50km,zero=1;rare=1;common=29,31,24,0.4074074074074074,0.43636363636363634,0.028956228956228958
3066869,1,+055:+010,Denmark,20_to_50km,zero=0;rare=0;common=8,8,21,0.4,0.41379310344827586,0.013793103448275834
3067223,1,+043:+006,France,50_to_100km,zero=0;rare=4;common=10,14,23,0.05263157894736842,0.05405405405405406,0.001422475106685639
3067302,1,+046:+023,Romania,100_to_200km,zero=0;rare=3;common=20,23,30,0.18867924528301888,0.18867924528301888,0.0
3068124,1,+049:+005,France,20_to_50km,zero=0;rare=0;common=31,31,28,0.3793103448275862,0.3728813559322034,-0.006428988895382792
3069618,1,+042:+011,Italy,100_to_200km,zero=0;rare=2;common=5,7,22,0.2857142857142857,0.27586206896551724,-0.009852216748768461
3071377,1,+043:+003,France,50_to_100km,zero=4;rare=1;common=2,7,21,0.07142857142857142,0.07142857142857142,0.0
3075593,1,+049:+005,Belgium,100_to_200km,zero=0;rare=0;common=17,17,22,0.14634146341463414,0.15384615384615385,0.007504690431519717
3078257,1,+042:+011,Italy,100_to_200km,zero=0;rare=0;common=6,6,23,0.14285714285714285,0.13793103448275862,-0.0049261083743842304
3079131,1,+045:+003,France,20_to_50km,zero=0;rare=1;common=30,31,23,0.41509433962264153,0.4074074074074074,-0.0076869322152341435
3079741,1,+049:+004,France,50_to_100km,zero=0;rare=0;common=11,11,21,0.5714285714285714,0.5625,-0.008928571428571397
3082035,1,+054:+012,Denmark,20_to_50km,zero=0;rare=0;common=5,5,18,0.25,0.17391304347826086,-0.07608695652173914
3083737,1,+043:+003,France,50_to_100km,zero=0;rare=2;common=0,2,22,0.0,0.0,0.0
3084713,1,+045:+003,France,20_to_50km,zero=0;rare=0;common=15,15,19,0.6857142857142857,0.7058823529411765,0.020168067226890796
3084748,1,+043:+006,France,50_to_100km,zero=0;rare=8;common=7,15,25,0.0,0.0,0.0
3085559,1,+054:+012,Denmark,20_to_50km,zero=0;rare=0;common=17,17,20,0.2702702702702703,0.2702702702702703,0.0
3089270,1,+037:+012,Italy,20_to_50km,zero=2;rare=8;common=18,28,28,0.3333333333333333,0.35714285714285715,0.023809523809523836
3089684,1,+043:+003,France,100_to_200km,zero=1;rare=3;common=11,15,25,0.42857142857142855,0.45,0.021428571428571463
3092472,1,+043:+006,France,50_to_100km,zero=0;rare=3;common=10,13,21,0.22857142857142856,0.23529411764705882,0.006722689075630256
3092697,1,+043:+006,France,50_to_100km,zero=1;rare=0;common=3,4,21,0.0,0.0,0.0
3095265,1,+049:+004,France,50_to_100km,zero=0;rare=1;common=26,27,24,0.41509433962264153,0.39215686274509803,-0.022937476877543495
3096050,1,+047:+005,France,50_to_100km,zero=0;rare=1;common=47,48,26,0.3783783783783784,0.3783783783783784,0.0
3100930,1,+054:+012,Denmark,20_to_50km,zero=0;rare=0;common=5,5,19,0.24,0.25,0.010000000000000009
3101174,1,+046:+023,Romania,100_to_200km,zero=0;rare=2;common=14,16,24,0.21621621621621623,0.2,-0.016216216216216217
3103079,1,+037:+012,Italy,20_to_50km,zero=3;rare=15;common=23,41,20,0.26229508196721313,0.26229508196721313,0.0
3113582,1,+050:+006,Germany,20_to_50km,zero=1;rare=0;common=7,8,24,0.20689655172413793,0.25,0.04310344827586207
3116233,1,+043:+003,France,100_to_200km,zero=0;rare=3;common=13,16,23,0.34146341463414637,0.358974358974359,0.01751094434021261
3117791,1,+043:+006,France,50_to_100km,zero=0;rare=3;common=11,14,22,0.45714285714285713,0.5,0.04285714285714287
3118663,1,+054:+012,Denmark,20_to_50km,zero=0;rare=0;common=8,8,23,0.5,0.5161290322580645,0.016129032258064502
3122213,1,+043:+003,France,50_to_100km,zero=0;rare=2;common=0,2,23,0.0,0.0,0.0
3122315,1,+043:+006,France,50_to_100km,zero=3;rare=11;common=10,24,22,0.0,0.043478260869565216,0.043478260869565216
3123133,1,+037:+012,Italy,50_to_100km,zero=3;rare=1;common=1,5,26,0.06451612903225806,0.06451612903225806,0.0
3124728,1,+055:+010,Denmark,20_to_50km,zero=0;rare=0;common=13,13,22,0.32432432432432434,0.34285714285714286,0.018532818532818518
3124942,1,+045:+003,France,50_to_100km,zero=0;rare=1;common=24,25,26,0.35294117647058826,0.35294117647058826,0.0
3126689,1,+049:+005,France,20_to_50km,zero=0;rare=1;common=36,37,28,0.4307692307692308,0.4307692307692308,0.0
3128526,1,+043:+006,France,50_to_100km,zero=0;rare=5;common=6,11,22,0.0,0.0,0.0
3132634,1,+054:+012,Denmark,20_to_50km,zero=0;rare=0;common=8,8,19,0.37037037037037035,0.37037037037037035,0.0
3132877,1,+043:+006,France,50_to_100km,zero=1;rare=4;common=11,16,22,0.2631578947368421,0.2631578947368421,0.0
3132988,1,+037:+012,Italy,20_to_50km,zero=14;rare=15;common=19,48,25,0.19444444444444445,0.2191780821917808,0.024733637747336362
3140016,1,+054:+012,Denmark,20_to_50km,zero=0;rare=0;common=23,23,21,0.4090909090909091,0.4090909090909091,0.0
3141592,1,+054:+012,Denmark,20_to_50km,zero=0;rare=0;common=6,6,20,0.2857142857142857,0.3076923076923077,0.02197802197802201
3141677,1,+054:+012,Denmark,20_to_50km,zero=0;rare=1;common=17,18,21,0.2926829268292683,0.2564102564102564,-0.03627267041901189
3142621,1,+042:+011,Italy,100_to_200km,zero=0;rare=1;common=6,7,23,0.13333333333333333,0.13333333333333333,0.0
3143248,1,+046:+023,Romania,100_to_200km,zero=1;rare=3;common=5,9,26,0.0,0.0,0.0
3144510,1,+050:+002,France,20_to_50km,zero=0;rare=0;common=15,15,20,0.32432432432432434,0.34285714285714286,0.018532818532818518
3147810,1,+049:+005,France,50_to_100km,zero=0;rare=0;common=15,15,24,0.46153846153846156,0.46153846153846156,0.0
3152990,1,+055:+010,Denmark,20_to_50km,zero=0;rare=0;common=11,11,21,0.06060606060606061,0.0625,0.0018939393939393923
3153851,1,+055:+010,Denmark,20_to_50km,zero=0;rare=0;common=16,16,21,0.2631578947368421,0.21621621621621623,-0.04694167852062586
3153893,1,+043:+003,France,50_to_100km,zero=0;rare=0;common=1,1,21,0.0,0.0,0.0
3158781,1,+046:-001,France,20_to_50km,zero=0;rare=1;common=15,16,25,0.5365853658536586,0.5365853658536586,0.0
3159791,1,+045:+000,France,20_to_50km,zero=0;rare=0;common=28,28,22,0.6,0.6,0.0
3163952,1,+049:+005,France,50_to_100km,zero=0;rare=0;common=36,36,21,0.5333333333333333,0.5263157894736842,-0.007017543859649145
3164583,1,+049:+005,France,50_to_100km,zero=0;rare=0;common=17,17,21,0.5405405405405406,0.5789473684210527,0.038406827880512084
3165802,1,+045:+003,France,50_to_100km,zero=0;rare=0;common=14,14,23,0.5263157894736842,0.5405405405405406,0.01422475106685639
3166318,1,+055:+010,Denmark,20_to_50km,zero=0;rare=0;common=19,19,23,0.32558139534883723,0.3333333333333333,0.007751937984496082
3166829,1,+054:+012,Denmark,20_to_50km,zero=0;rare=0;common=25,25,23,0.12244897959183673,0.125,0.002551020408163268
3167137,1,+055:+010,Denmark,20_to_50km,zero=0;rare=0;common=18,18,24,0.4878048780487805,0.47619047619047616,-0.011614401858304313
3168786,1,+043:+006,France,50_to_100km,zero=0;rare=4;common=17,21,22,0.13953488372093023,0.18604651162790697,0.046511627906976744
3172381,1,+043:+003,France,50_to_100km,zero=1;rare=2;common=20,23,24,0.4444444444444444,0.46808510638297873,0.023640661938534313
3173932,1,+045:+000,France,20_to_50km,zero=0;rare=0;common=19,19,23,0.5853658536585366,0.6190476190476191,0.03368176538908252
3178914,1,+043:+003,France,100_to_200km,zero=1;rare=8;common=14,23,24,0.32653061224489793,0.3404255319148936,0.013894919669995676
3180444,1,+037:+012,Italy,20_to_50km,zero=2;rare=1;common=4,7,26,0.125,0.12121212121212122,-0.0037878787878787845
3186186,1,+049:+015,Czech Republic,20_to_50km,zero=0;rare=0;common=6,6,23,0.0,0.0,0.0
3187597,1,+043:+003,France,50_to_100km,zero=2;rare=0;common=1,3,25,0.06896551724137931,0.07142857142857142,0.0024630541871921152
3188829,1,+046:+023,Romania,100_to_200km,zero=0;rare=1;common=20,21,31,0.37735849056603776,0.38461538461538464,0.007256894049346874
3190019,1,+043:+003,France,50_to_100km,zero=0;rare=2;common=0,2,25,0.0,0.0,0.0
3190326,1,+043:+003,France,50_to_100km,zero=1;rare=2;common=3,6,22,0.0,0.0,0.0
3192351,1,+042:+011,Italy,100_to_200km,zero=3;rare=3;common=4,10,23,0.0,0.0,0.0
3197501,1,+055:+010,Denmark,20_to_50km,zero=0;rare=0;common=14,14,19,0.4117647058823529,0.42424242424242425,0.012477718360071333
3198747,1,+045:+003,France,50_to_100km,zero=0;rare=1;common=29,30,23,0.5185185185185185,0.5283018867924528,0.009783368273934334
3200501,1,+046:+023,Romania,100_to_200km,zero=0;rare=2;common=2,4,24,0.0,0.0,0.0
3202132,1,+055:+010,Denmark,20_to_50km,zero=0;rare=0;common=10,10,22,0.36363636363636365,0.375,0.011363636363636354
3202258,1,+049:+005,France,20_to_50km,zero=0;rare=0;common=24,24,21,0.4166666666666667,0.4444444444444444,0.027777777777777735
3203359,1,+043:+006,France,50_to_100km,zero=3;rare=6;common=6,15,27,0.1,0.09523809523809523,-0.004761904761904773
3203764,1,+043:+006,France,50_to_100km,zero=1;rare=8;common=5,14,23,0.0,0.0,0.0
3204907,1,+047:+005,France,50_to_100km,zero=0;rare=0;common=30,30,28,0.5862068965517241,0.5862068965517241,0.0
3206807,1,+045:+003,France,20_to_50km,zero=0;rare=0;common=20,20,19,0.6341463414634146,0.6666666666666666,0.03252032520325199
3211895,1,+043:+003,France,100_to_200km,zero=6;rare=5;common=2,13,26,0.05128205128205128,0.05128205128205128,0.0
3213228,1,+055:+010,Denmark,20_to_50km,zero=0;rare=0;common=22,22,21,0.36363636363636365,0.37209302325581395,0.008456659619450302
3213818,1,+045:+003,France,20_to_50km,zero=0;rare=0;common=10,10,22,0.5161290322580645,0.5625,0.0463709677419355
3214580,1,+043:+006,France,50_to_100km,zero=0;rare=7;common=15,22,24,0.13043478260869565,0.17391304347826086,0.043478260869565216
3215385,1,+043:+003,France,50_to_100km,zero=0;rare=2;common=20,22,26,0.43478260869565216,0.5,0.06521739130434784
3215599,1,+037:+012,Italy,50_to_100km,zero=0;rare=4;common=4,8,28,0.2222222222222222,0.2222222222222222,0.0
3216522,1,+043:+003,France,50_to_100km,zero=0;rare=0;common=17,17,21,0.5,0.5263157894736842,0.02631578947368418
3216996,1,+043:+006,France,20_to_50km,zero=0;rare=2;common=17,19,24,0.4878048780487805,0.46511627906976744,-0.02268859897901304
3218344,1,+045:+003,France,20_to_50km,zero=0;rare=0;common=30,30,25,0.35714285714285715,0.32727272727272727,-0.02987012987012988
3220046,1,+049:+005,France,50_to_100km,zero=0;rare=1;common=23,24,29,0.5384615384615384,0.5660377358490566,0.027576197387518153
3224029,1,+043:+003,France,100_to_200km,zero=5;rare=3;common=4,12,29,0.0,0.0,0.0
3224695,1,+043:+006,France,50_to_100km,zero=1;rare=3;common=7,11,22,0.0,0.0,0.0
3224754,1,+045:+003,France,20_to_50km,zero=0;rare=1;common=14,15,21,0.6111111111111112,0.6111111111111112,0.0
3226631,1,+043:+010,Italy,100_to_200km,zero=0;rare=2;common=1,3,23,0.0,0.0,0.0
3226678,1,+047:+005,France,50_to_100km,zero=0;rare=0;common=30,30,24,0.39285714285714285,0.4074074074074074,0.014550264550264536
3227490,1,+046:+023,Romania,100_to_200km,zero=0;rare=1;common=5,6,25,0.0,0.0,0.0
3228308,1,+043:+006,France,50_to_100km,zero=1;rare=3;common=15,19,25,0.37209302325581395,0.36363636363636365,-0.008456659619450302
3228900,1,+043:+003,France,100_to_200km,zero=1;rare=5;common=17,23,28,0.47058823529411764,0.43137254901960786,-0.039215686274509776
3229412,1,+045:+003,France,20_to_50km,zero=0;rare=0;common=20,20,24,0.4,0.4090909090909091,0.009090909090909094
3230269,1,+043:+003,France,20_to_50km,zero=0;rare=1;common=22,23,24,0.2978723404255319,0.2978723404255319,0.0
3230270,1,+037:+012,Italy,20_to_50km,zero=7;rare=3;common=7,17,25,0.24390243902439024,0.23809523809523808,-0.0058072009291521565
3232795,1,+043:+006,France,50_to_100km,zero=1;rare=7;common=10,18,24,0.0,0.0,0.0
3232903,1,+046:+023,Romania,100_to_200km,zero=3;rare=4;common=18,25,23,0.13636363636363635,0.125,-0.011363636363636354
3236816,1,+043:+003,France,50_to_100km,zero=3;rare=4;common=3,10,21,0.06666666666666667,0.06451612903225806,-0.002150537634408603
3238114,1,+046:+023,Romania,100_to_200km,zero=0;rare=1;common=5,6,25,0.0,0.0,0.0
3238917,1,+043:+010,Italy,100_to_200km,zero=0;rare=1;common=1,2,22,0.0,0.0,0.0
3243069,1,+047:+005,France,50_to_100km,zero=0;rare=0;common=6,6,26,0.25,0.25,0.0
3244696,1,+055:+010,Denmark,20_to_50km,zero=0;rare=0;common=13,13,23,0.5405405405405406,0.5555555555555556,0.01501501501501501
3246940,1,+045:+003,France,20_to_50km,zero=0;rare=0;common=22,22,21,0.3333333333333333,0.37209302325581395,0.038759689922480633
3248787,1,+045:+003,France,20_to_50km,zero=0;rare=0;common=23,23,23,0.3404255319148936,0.34782608695652173,0.007400555041628121
3250583,1,+043:+003,France,50_to_100km,zero=0;rare=1;common=0,1,23,0.0,0.0,0.0
3254868,1,+046:+023,Romania,100_to_200km,zero=0;rare=2;common=6,8,25,0.0,0.0,0.0
3255644,1,+045:+000,France,20_to_50km,zero=0;rare=0;common=15,15,21,0.6285714285714286,0.6111111111111112,-0.0174603174603174
3257411,1,+043:+010,Italy,100_to_200km,zero=3;rare=2;common=2,7,22,0.0,0.0,0.0
3258181,1,+043:+006,France,50_to_100km,zero=0;rare=2;common=5,7,26,0.0,0.0,0.0
3258870,1,+043:+003,France,50_to_100km,zero=0;rare=1;common=0,1,23,0.0,0.0,0.0
3259033,1,+043:+003,France,50_to_100km,zero=0;rare=1;common=0,1,23,0.0,0.0,0.0
3260387,1,+037:+012,Italy,20_to_50km,zero=8;rare=18;common=13,39,26,0.18461538461538463,0.18461538461538463,0.0
3260485,1,+049:+005,Belgium,100_to_200km,zero=0;rare=0;common=18,18,22,0.04878048780487805,0.05,0.0012195121951219523
3260824,1,+055:+010,Denmark,20_to_50km,zero=0;rare=0;common=10,10,19,0.13333333333333333,0.13793103448275862,0.004597701149425287
3261126,1,+055:+010,Denmark,20_to_50km,zero=0;rare=0;common=18,18,22,0.47619047619047616,0.45,-0.026190476190476153
3262792,1,+050:+006,Germany,20_to_50km,zero=2;rare=1;common=16,19,24,0.43902439024390244,0.4186046511627907,-0.02041973908111172
3265781,1,+043:+006,France,50_to_100km,zero=1;rare=11;common=17,29,25,0.03773584905660377,0.07407407407407407,0.0363382250174703
3267099,1,+043:+006,France,50_to_100km,zero=0;rare=3;common=8,11,23,0.2857142857142857,0.29411764705882354,0.00840336134453784
3268026,1,+042:+011,Italy,100_to_200km,zero=0;rare=1;common=2,3,23,0.0,0.0,0.0
3268364,1,+049:+005,Belgium,100_to_200km,zero=0;rare=0;common=6,6,22,0.0,0.0,0.0
3268700,1,+043:+006,France,50_to_100km,zero=0;rare=3;common=9,12,22,0.29411764705882354,0.29411764705882354,0.0
3268798,1,+037:+012,Italy,50_to_100km,zero=2;rare=9;common=10,21,26,0.13333333333333333,0.1276595744680851,-0.005673758865248235
3270570,1,+043:+003,France,50_to_100km,zero=0;rare=1;common=0,1,25,0.0,0.0,0.0
3272326,1,+045:+003,France,50_to_100km,zero=0;rare=1;common=36,37,28,0.3076923076923077,0.3384615384615385,0.03076923076923077
3273129,1,+046:+023,Romania,100_to_200km,zero=7;rare=6;common=25,38,28,0.15384615384615385,0.15151515151515152,-0.0023310023310023353
3273321,1,+043:+003,France,50_to_100km,zero=0;rare=2;common=0,2,22,0.0,0.0,0.0
3273597,1,+055:+010,Denmark,20_to_50km,zero=0;rare=0;common=7,7,18,0.37037037037037035,0.4,0.029629629629629672
3277303,1,+055:+010,Denmark,20_to_50km,zero=0;rare=0;common=25,25,21,0.3404255319148936,0.30434782608695654,-0.03607770582793707
3277839,1,+054:+012,Denmark,20_to_50km,zero=0;rare=0;common=4,4,22,0.23076923076923078,0.23076923076923078,0.0
3278121,1,+043:+006,France,50_to_100km,zero=3;rare=3;common=7,13,24,0.11428571428571428,0.10810810810810811,-0.006177606177606168
3278194,1,+037:+012,Italy,50_to_100km,zero=5;rare=4;common=2,11,25,0.05714285714285714,0.1111111111111111,0.053968253968253964
3278990,1,+043:+003,France,50_to_100km,zero=0;rare=2;common=0,2,23,0.0,0.0,0.0
3279628,1,+055:+010,Denmark,20_to_50km,zero=0;rare=0;common=12,12,21,0.23529411764705882,0.24242424242424243,0.007130124777183611
3279770,1,+047:+005,France,50_to_100km,zero=0;rare=0;common=24,24,24,0.52,0.5416666666666666,0.021666666666666612
3280353,1,+043:+003,France,100_to_200km,zero=0;rare=2;common=1,3,23,0.07407407407407407,0.07692307692307693,0.0028490028490028574
3281350,1,+043:+003,France,100_to_200km,zero=0;rare=2;common=12,14,22,0.6111111111111112,0.5555555555555556,-0.05555555555555558
3282271,1,+049:+005,France,20_to_50km,zero=0;rare=0;common=35,35,28,0.3492063492063492,0.3492063492063492,0.0
3283158,1,+043:+006,France,50_to_100km,zero=1;rare=5;common=11,17,24,0.35,0.3902439024390244,0.040243902439024426
3290794,1,+054:+012,Denmark,20_to_50km,zero=0;rare=0;common=8,8,22,0.3125,0.3333333333333333,0.020833333333333315
3294509,1,+043:+006,France,50_to_100km,zero=0;rare=3;common=8,11,22,0.24242424242424243,0.18181818181818182,-0.06060606060606061
3299681,1,+037:+012,Italy,50_to_100km,zero=4;rare=5;common=7,16,26,0.15,0.14285714285714285,-0.007142857142857145
3300231,1,+055:+010,Denmark,20_to_50km,zero=0;rare=0;common=27,27,21,0.48,0.4583333333333333,-0.021666666666666667
3301240,1,+043:+006,France,50_to_100km,zero=2;rare=6;common=2,10,28,0.05405405405405406,0.10526315789473684,0.05120910384068278
3302924,1,+054:+012,Denmark,20_to_50km,zero=0;rare=0;common=27,27,23,0.36,0.36,0.0
3303951,1,+049:+005,France,50_to_100km,zero=0;rare=0;common=15,15,25,0.34146341463414637,0.35,0.00853658536585361
3311468,1,+045:+003,France,50_to_100km,zero=0;rare=0;common=18,18,19,0.6842105263157895,0.7027027027027027,0.01849217638691325
3312816,1,+043:+006,France,20_to_50km,zero=0;rare=1;common=15,16,26,0.15384615384615385,0.14285714285714285,-0.010989010989011005
3315436,1,+055:+010,Denmark,20_to_50km,zero=0;rare=0;common=24,24,23,0.5416666666666666,0.5531914893617021,0.01152482269503552
3316116,1,+046:+023,Romania,100_to_200km,zero=0;rare=4;common=11,15,29,0.13953488372093023,0.13636363636363635,-0.003171247357293877
3321893,1,+047:+005,France,50_to_100km,zero=0;rare=0;common=33,33,27,0.5,0.5,0.0
3323566,1,+043:+006,France,50_to_100km,zero=1;rare=4;common=5,10,25,0.2222222222222222,0.22857142857142856,0.006349206349206354
3323611,1,+043:+003,France,50_to_100km,zero=0;rare=2;common=22,24,20,0.3111111111111111,0.3181818181818182,0.007070707070707061
3327842,1,+043:+003,France,100_to_200km,zero=0;rare=1;common=14,15,23,0.46153846153846156,0.47368421052631576,0.012145748987854199
3328733,1,+049:+005,France,50_to_100km,zero=0;rare=0;common=21,21,23,0.5777777777777777,0.5909090909090909,0.013131313131313216
3333347,1,+042:+011,Italy,100_to_200km,zero=1;rare=1;common=10,12,23,0.34285714285714286,0.34285714285714286,0.0
3333825,1,+054:+012,Denmark,20_to_50km,zero=0;rare=0;common=10,10,20,0.1935483870967742,0.2,0.006451612903225823
3334825,1,+047:+005,France,50_to_100km,zero=0;rare=0;common=25,25,26,0.3137254901960784,0.3137254901960784,0.0
3335121,1,+037:+012,Italy,50_to_100km,zero=0;rare=1;common=1,2,20,0.0,0.0,0.0
3335949,1,+046:+023,Romania,100_to_200km,zero=0;rare=3;common=16,19,31,0.23529411764705882,0.24,0.004705882352941171
3337524,1,+045:+003,France,50_to_100km,zero=0;rare=1;common=31,32,22,0.25925925925925924,0.25925925925925924,0.0
3338669,1,+047:+005,France,50_to_100km,zero=0;rare=0;common=32,32,27,0.5517241379310345,0.576271186440678,0.02454704850964351
3340449,1,+054:+012,Denmark,20_to_50km,zero=0;rare=0;common=18,18,19,0.42105263157894735,0.3783783783783784,-0.042674253200568946
3341369,1,+043:+006,France,50_to_100km,zero=0;rare=7;common=12,19,25,0.32558139534883723,0.3181818181818182,-0.007399577167019056
3341408,1,+043:+006,France,50_to_100km,zero=2;rare=6;common=15,23,24,0.0,0.0,0.0
3341754,1,+055:+010,Denmark,20_to_50km,zero=0;rare=0;common=22,22,21,0.17777777777777778,0.18604651162790697,0.00826873385012919
3345325,1,+043:+010,Italy,50_to_100km,zero=3;rare=0;common=1,4,24,0.0,0.0,0.0
3345431,1,+043:+003,France,50_to_100km,zero=4;rare=3;common=0,7,20,0.0,0.0,0.0
3347001,1,+054:+012,Denmark,20_to_50km,zero=0;rare=0;common=24,24,21,0.5217391304347826,0.5333333333333333,0.011594202898550732
3348926,1,+043:+006,France,50_to_100km,zero=1;rare=2;common=3,6,24,0.1875,0.2,0.012500000000000011
3350415,1,+043:+003,France,20_to_50km,zero=0;rare=0;common=18,18,24,0.22727272727272727,0.23809523809523808,0.010822510822510817
3353833,1,+050:+006,Germany,20_to_50km,zero=1;rare=0;common=21,22,24,0.5454545454545454,0.5652173913043478,0.01976284584980237
3354841,1,+050:+006,Germany,20_to_50km,zero=0;rare=1;common=10,11,23,0.3125,0.29411764705882354,-0.01838235294117646
3355998,1,+049:+004,France,20_to_50km,zero=0;rare=0;common=15,15,27,0.34146341463414637,0.3333333333333333,-0.008130081300813052
3356336,1,+043:+006,France,50_to_100km,zero=0;rare=4;common=15,19,21,0.20512820512820512,0.25,0.04487179487179488
3357234,1,+037:+012,Italy,50_to_100km,zero=1;rare=4;common=4,9,27,0.16216216216216217,0.16666666666666666,0.004504504504504486
3360607,1,+043:+006,France,50_to_100km,zero=6;rare=6;common=14,26,24,0.12244897959183673,0.12,-0.0024489795918367363
3361490,1,+043:+006,France,50_to_100km,zero=1;rare=5;common=8,14,23,0.05555555555555555,0.05405405405405406,-0.0015015015015014954
3363158,1,+046:+023,Romania,100_to_200km,zero=1;rare=2;common=22,25,29,0.3018867924528302,0.3333333333333333,0.03144654088050314
3363618,1,+043:+003,France,50_to_100km,zero=2;rare=2;common=1,5,20,0.0,0.0,0.0
3365721,1,+055:+010,Denmark,20_to_50km,zero=0;rare=0;common=16,16,21,0.3157894736842105,0.32432432432432434,0.008534850640113834
3368849,1,+049:+004,France,50_to_100km,zero=0;rare=0;common=13,13,24,0.42105263157894735,0.43243243243243246,0.011379800853485111
3369026,1,+046:-001,France,50_to_100km,zero=0;rare=0;common=28,28,23,0.6037735849056604,0.5882352941176471,-0.015538290788013276
3369239,1,+045:+003,France,50_to_100km,zero=0;rare=0;common=21,21,24,0.26666666666666666,0.26666666666666666,0.0
3369266,1,+043:+006,France,50_to_100km,zero=5;rare=3;common=10,18,26,0.045454545454545456,0.045454545454545456,0.0
3371790,1,+049:+005,France,50_to_100km,zero=0;rare=0;common=31,31,25,0.42105263157894735,0.42857142857142855,0.007518796992481203
3375368,1,+046:+023,Romania,100_to_200km,zero=0;rare=2;common=3,5,31,0.0,0.0,0.0
3375802,1,+042:+011,Italy,100_to_200km,zero=2;rare=1;common=1,4,23,0.0,0.0,0.0
3376571,1,+043:+006,France,50_to_100km,zero=1;rare=7;common=7,15,25,0.2926829268292683,0.25,-0.042682926829268275
3378200,1,+055:+010,Denmark,20_to_50km,zero=0;rare=0;common=23,23,22,0.2978723404255319,0.3111111111111111,0.013238770685579215
3379900,1,+037:+012,Italy,50_to_100km,zero=0;rare=4;common=10,14,29,0.3333333333333333,0.32558139534883723,-0.007751937984496082
3382059,1,+054:+012,Denmark,20_to_50km,zero=0;rare=1;common=4,5,16,0.08,0.09523809523809523,0.015238095238095231
3382490,1,+055:+010,Denmark,20_to_50km,zero=0;rare=0;common=10,10,18,0.2857142857142857,0.2857142857142857,0.0
3383140,1,+055:+010,Denmark,20_to_50km,zero=0;rare=0;common=11,11,20,0.5161290322580645,0.5161290322580645,0.0
3384575,1,+045:+003,France,50_to_100km,zero=0;rare=2;common=41,43,20,0.24615384615384617,0.25396825396825395,0.007814407814407787
3384671,1,+049:+005,France,20_to_50km,zero=0;rare=0;common=16,16,26,0.32558139534883723,0.3333333333333333,0.007751937984496082
3385101,1,+046:+023,Romania,100_to_200km,zero=3;rare=2;common=14,19,27,0.08888888888888889,0.08695652173913043,-0.00193236714975846
3387661,1,+050:+002,France,20_to_50km,zero=0;rare=0;common=7,7,20,0.3448275862068966,0.37037037037037035,0.025542784163473775
3387734,1,+045:+003,France,50_to_100km,zero=0;rare=1;common=26,27,23,0.39215686274509803,0.4,0.007843137254901988
3390543,1,+046:+023,Romania,100_to_200km,zero=0;rare=1;common=20,21,31,0.33962264150943394,0.34615384615384615,0.006531204644412203
3390868,1,+043:+006,France,50_to_100km,zero=3;rare=5;common=12,20,25,0.09090909090909091,0.08888888888888889,-0.0020202020202020193
3395262,1,+054:+012,Denmark,20_to_50km,zero=0;rare=0;common=1,1,20,0.09090909090909091,0.09523809523809523,0.004329004329004321
3396153,1,+045:+003,France,20_to_50km,zero=0;rare=0;common=17,17,21,0.5945945945945946,0.631578947368421,0.03698435277382639
3397624,1,+043:+006,France,50_to_100km,zero=2;rare=2;common=14,18,25,0.09090909090909091,0.09302325581395349,0.0021141649048625755
3401109,1,+055:+010,Denmark,20_to_50km,zero=0;rare=0;common=20,20,24,0.46511627906976744,0.5,0.034883720930232565
3401256,1,+046:+023,Romania,100_to_200km,zero=1;rare=4;common=20,25,22,0.3111111111111111,0.2553191489361702,-0.05579196217494092
3401367,1,+046:-001,France,20_to_50km,zero=0;rare=1;common=18,19,22,0.4878048780487805,0.4878048780487805,0.0
3408617,1,+046:+023,Romania,100_to_200km,zero=0;rare=4;common=4,8,24,0.0,0.0,0.0
3410159,1,+042:+013,Italy,100_to_200km,zero=6;rare=4;common=20,30,25,0.2641509433962264,0.2909090909090909,0.026758147512864483
3411471,1,+043:+006,France,50_to_100km,zero=2;rare=7;common=9,18,22,0.0,0.0,0.0
3411756,1,+042:+011,Italy,100_to_200km,zero=2;rare=2;common=3,7,23,0.0,0.0,0.0
3412550,1,+043:+006,France,50_to_100km,zero=1;rare=5;common=5,11,26,0.17142857142857143,0.21621621621621623,0.0447876447876448
3413757,1,+045:+003,France,20_to_50km,zero=0;rare=0;common=32,32,27,0.4482758620689655,0.4406779661016949,-0.007597895967270618
3418384,1,+043:+006,France,50_to_100km,zero=0;rare=3;common=9,12,24,0.22857142857142856,0.2222222222222222,-0.006349206349206354
3419665,1,+054:+012,Denmark,20_to_50km,zero=0;rare=0;common=6,6,20,0.0,0.0,0.0
3420494,1,+042:+011,Italy,100_to_200km,zero=0;rare=1;common=8,9,25,0.36363636363636365,0.35294117647058826,-0.010695187165775388
3424343,1,+046:+023,Romania,100_to_200km,zero=0;rare=1;common=18,19,31,0.3137254901960784,0.32,0.00627450980392158
3425820,1,+045:+003,France,20_to_50km,zero=0;rare=0;common=29,29,25,0.49056603773584906,0.5185185185185185,0.02795248078266943
3426697,1,+055:+010,Denmark,20_to_50km,zero=0;rare=1;common=23,24,22,0.4166666666666667,0.43478260869565216,0.018115942028985477
3430831,1,+046:+023,Romania,100_to_200km,zero=0;rare=1;common=5,6,23,0.07692307692307693,0.0,-0.07692307692307693
3433104,1,+049:+004,France,50_to_100km,zero=0;rare=0;common=14,14,21,0.5263157894736842,0.5714285714285714,0.045112781954887216
3435892,1,+042:+011,Italy,100_to_200km,zero=3;rare=0;common=2,5,23,0.0,0.0,0.0
3436401,1,+043:+003,France,50_to_100km,zero=0;rare=1;common=15,16,22,0.5263157894736842,0.5263157894736842,0.0
3436630,1,+055:+010,Denmark,20_to_50km,zero=0;rare=0;common=20,20,23,0.6363636363636364,0.6511627906976745,0.014799154334038112
3437663,1,+042:+011,Italy,100_to_200km,zero=2;rare=2;common=5,9,22,0.26666666666666666,0.25806451612903225,-0.008602150537634412
3438998,1,+055:+010,Denmark,20_to_50km,zero=0;rare=0;common=32,32,21,0.4074074074074074,0.41509433962264153,0.0076869322152341435
3440055,1,+043:+003,France,50_to_100km,zero=0;rare=2;common=0,2,23,0.0,0.0,0.0
3440813,1,+043:+006,France,50_to_100km,zero=1;rare=2;common=4,7,23,0.1935483870967742,0.2,0.006451612903225823
3441275,1,+049:+004,France,50_to_100km,zero=0;rare=2;common=33,35,25,0.29508196721311475,0.3,0.00491803278688524
3441408,1,+043:+003,France,50_to_100km,zero=6;rare=3;common=4,13,24,0.0,0.0,0.0
3442313,1,+054:+012,Denmark,20_to_50km,zero=0;rare=0;common=29,29,23,0.2641509433962264,0.2692307692307692,0.005079825834542806
3443195,1,+049:+005,Belgium,100_to_200km,zero=0;rare=1;common=4,5,22,0.0,0.0,0.0
3443845,1,+045:+003,France,20_to_50km,zero=0;rare=0;common=19,19,22,0.5365853658536586,0.5365853658536586,0.0
3445078,1,+055:+010,Denmark,20_to_50km,zero=0;rare=0;common=28,28,22,0.5490196078431373,0.56,0.01098039215686275
3445762,1,+046:-001,France,50_to_100km,zero=0;rare=0;common=21,21,26,0.5416666666666666,0.5531914893617021,0.01152482269503552
3449348,1,+046:-001,France,50_to_100km,zero=0;rare=0;common=21,21,27,0.4489795918367347,0.4583333333333333,0.009353741496598622
3452656,1,+043:+006,France,50_to_100km,zero=0;rare=3;common=4,7,28,0.0,0.0,0.0
3453503,1,+046:+023,Romania,100_to_200km,zero=1;rare=6;common=29,36,32,0.17647058823529413,0.17647058823529413,0.0
3457124,1,+045:+000,France,50_to_100km,zero=0;rare=0;common=7,7,26,0.42424242424242425,0.42424242424242425,0.0
3457340,1,+046:+023,Romania,100_to_200km,zero=4;rare=5;common=11,20,27,0.17777777777777778,0.1702127659574468,-0.00756501182033098
3463625,1,+043:+006,France,50_to_100km,zero=0;rare=3;common=10,13,25,0.32432432432432434,0.3157894736842105,-0.008534850640113834
3467640,1,+043:+006,France,20_to_50km,zero=0;rare=0;common=11,11,28,0.32432432432432434,0.358974358974359,0.03465003465003463
3468580,1,+043:+006,France,50_to_100km,zero=0;rare=6;common=10,16,21,0.05555555555555555,0.10810810810810811,0.05255255255255256
3475885,1,+046:+023,Romania,100_to_200km,zero=1;rare=1;common=19,21,29,0.3673469387755102,0.32,-0.04734693877551022
3476291,1,+046:+023,Romania,100_to_200km,zero=1;rare=3;common=20,24,30,0.25925925925925924,0.25925925925925924,0.0
3478549,1,+055:+010,Denmark,20_to_50km,zero=0;rare=0;common=9,9,16,0.5185185185185185,0.56,0.041481481481481564
3483016,1,+037:+012,Italy,20_to_50km,zero=5;rare=10;common=19,34,28,0.36065573770491804,0.3548387096774194,-0.005817028027498672
3485467,1,+055:+010,Denmark,20_to_50km,zero=0;rare=0;common=20,20,21,0.45454545454545453,0.4878048780487805,0.03325942350332595
3485998,1,+046:-001,France,20_to_50km,zero=0;rare=0;common=22,22,22,0.5217391304347826,0.5,-0.021739130434782594
3486929,1,+054:+012,Denmark,20_to_50km,zero=0;rare=0;common=11,11,22,0.12121212121212122,0.12121212121212122,0.0
3488469,1,+045:+000,France,20_to_50km,zero=0;rare=0;common=31,31,26,0.45614035087719296,0.45614035087719296,0.0
3488739,1,+055:+010,Denmark,20_to_50km,zero=0;rare=0;common=15,15,19,0.4,0.4117647058823529,0.0117647058823529
3489240,1,+046:+023,Romania,100_to_200km,zero=0;rare=3;common=6,9,31,0.0,0.0,0.0
3489630,1,+049:+004,France,50_to_100km,zero=0;rare=0;common=22,22,28,0.56,0.56,0.0
3491551,1,+055:+010,Denmark,20_to_50km,zero=0;rare=0;common=23,23,21,0.6086956521739131,0.6363636363636364,0.02766798418972327
3491688,1,+045:+003,France,20_to_50km,zero=0;rare=1;common=26,27,25,0.2641509433962264,0.2692307692307692,0.005079825834542806
3492736,1,+043:+006,France,50_to_100km,zero=1;rare=1;common=7,9,24,0.06060606060606061,0.06060606060606061,0.0
3492902,1,+042:+011,Italy,100_to_200km,zero=0;rare=1;common=8,9,23,0.3225806451612903,0.3125,-0.010080645161290314
3494193,1,+043:+003,France,50_to_100km,zero=0;rare=2;common=0,2,23,0.0,0.0,0.0
3496369,1,+043:+003,France,50_to_100km,zero=1;rare=2;common=0,3,23,0.0,0.0,0.0
3497545,1,+043:+006,France,50_to_100km,zero=1;rare=3;common=2,6,24,0.13333333333333333,0.13333333333333333,0.0
3497616,1,+043:+006,France,50_to_100km,zero=1;rare=3;common=2,6,26,0.06666666666666667,0.0625,-0.004166666666666666
3498869,1,+045:+003,France,20_to_50km,zero=0;rare=0;common=19,19,19,0.717948717948718,0.7368421052631579,0.018893387314439902
3499767,1,+043:+003,France,50_to_100km,zero=3;rare=2;common=0,5,28,0.0,0.0,0.0
3500333,1,+050:+002,France,50_to_100km,zero=0;rare=0;common=14,14,18,0.5882352941176471,0.5,-0.08823529411764708
3500828,1,+049:+005,Belgium,100_to_200km,zero=0;rare=0;common=20,20,22,0.0,0.0,0.0
3502075,1,+049:+005,France,50_to_100km,zero=0;rare=0;common=15,15,24,0.46153846153846156,0.46153846153846156,0.0
3506448,1,+042:+011,Italy,100_to_200km,zero=1;rare=3;common=3,7,23,0.06896551724137931,0.06666666666666667,-0.0022988505747126436
3506470,1,+046:+023,Romania,50_to_100km,zero=2;rare=11;common=52,65,32,0.24742268041237114,0.24742268041237114,0.0
3506919,1,+049:+005,Belgium,100_to_200km,zero=0;rare=0;common=8,8,23,0.0,0.0,0.0
3508708,1,+043:+006,France,50_to_100km,zero=1;rare=5;common=8,14,21,0.1111111111111111,0.11428571428571428,0.003174603174603177
3509640,1,+054:+012,Denmark,20_to_50km,zero=0;rare=0;common=23,23,20,0.2222222222222222,0.23255813953488372,0.010335917312661508
3510982,1,+049:+005,Belgium,100_to_200km,zero=0;rare=0;common=20,20,23,0.27906976744186046,0.27906976744186046,0.0
3512491,1,+046:-001,France,50_to_100km,zero=0;rare=0;common=21,21,24,0.5217391304347826,0.5333333333333333,0.011594202898550732
3514584,1,+054:+012,Denmark,20_to_50km,zero=0;rare=0;common=19,19,22,0.32558139534883723,0.34146341463414637,0.015882019285309135
3517260,1,+043:+006,France,50_to_100km,zero=3;rare=7;common=17,27,26,0.22641509433962265,0.22641509433962265,0.0
3521235,1,+043:+006,France,50_to_100km,zero=0;rare=1;common=4,5,22,0.0,0.0,0.0
3521810,1,+050:+006,Germany,20_to_50km,zero=0;rare=0;common=15,15,25,0.15789473684210525,0.2,0.04210526315789476
3523211,1,+054:+012,Denmark,20_to_50km,zero=0;rare=0;common=29,29,19,0.24489795918367346,0.25,0.005102040816326536
3523911,1,+049:+005,France,50_to_100km,zero=0;rare=0;common=18,18,25,0.18181818181818182,0.18604651162790697,0.004228329809725151
3526608,1,+042:+013,Italy,100_to_200km,zero=1;rare=4;common=19,24,26,0.25,0.24,-0.010000000000000009
3529111,1,+045:+003,France,20_to_50km,zero=0;rare=1;common=8,9,21,0.27586206896551724,0.3333333333333333,0.05747126436781608
3530527,1,+046:+023,Romania,100_to_200km,zero=0;rare=5;common=25,30,30,0.26666666666666666,0.26666666666666666,0.0
3531710,1,+055:+010,Denmark,20_to_50km,zero=0;rare=0;common=15,15,21,0.15789473684210525,0.1111111111111111,-0.04678362573099415
3532254,1,+055:+010,Denmark,20_to_50km,zero=0;rare=0;common=10,10,20,0.375,0.4,0.025000000000000022
3534606,1,+049:+005,Belgium,100_to_200km,zero=0;rare=0;common=17,17,23,0.1,0.1,0.0
3534792,1,+054:+012,Denmark,20_to_50km,zero=0;rare=1;common=22,23,25,0.40816326530612246,0.4166666666666667,0.008503401360544227
3535929,1,+037:+012,Italy,50_to_100km,zero=3;rare=9;common=8,20,25,0.27906976744186046,0.3111111111111111,0.032041343669250655
3538690,1,+042:+011,Italy,100_to_200km,zero=3;rare=1;common=1,5,23,0.0,0.0,0.0
3540051,1,+043:+003,France,50_to_100km,zero=0;rare=8;common=15,23,29,0.3137254901960784,0.3076923076923077,-0.006033182503770718
3543873,1,+049:+004,France,50_to_100km,zero=0;rare=0;common=17,17,22,0.35,0.358974358974359,0.008974358974358998
3543925,1,+045:+003,France,20_to_50km,zero=0;rare=0;common=23,23,27,0.43137254901960786,0.44,0.008627450980392137
3544316,1,+049:+005,Belgium,100_to_200km,zero=0;rare=0;common=10,10,23,0.0,0.0,0.0
3547829,1,+043:+006,France,50_to_100km,zero=3;rare=6;common=18,27,25,0.11764705882352941,0.11538461538461539,-0.002262443438914019
3551066,1,+055:+010,Denmark,20_to_50km,zero=0;rare=0;common=18,18,21,0.5,0.5128205128205128,0.012820512820512775
3551094,1,+047:+005,France,50_to_100km,zero=0;rare=0;common=26,26,21,0.21739130434782608,0.2553191489361702,0.03792784458834411
3551344,1,+054:+012,Denmark,20_to_50km,zero=0;rare=0;common=21,21,23,0.4888888888888889,0.5,0.011111111111111127
3554995,1,+046:+023,Romania,100_to_200km,zero=2;rare=4;common=14,20,25,0.14285714285714285,0.13333333333333333,-0.009523809523809518
3556192,1,+043:+006,France,50_to_100km,zero=3;rare=6;common=12,21,24,0.045454545454545456,0.044444444444444446,-0.0010101010101010097
3556982,1,+049:+005,France,50_to_100km,zero=0;rare=0;common=21,21,19,0.4878048780487805,0.5,0.012195121951219523
3557327,1,+049:+005,France,50_to_100km,zero=0;rare=0;common=28,28,21,0.4230769230769231,0.4489795918367347,0.02590266875981162
3558163,1,+043:+003,France,50_to_100km,zero=0;rare=1;common=0,1,22,0.0,0.0,0.0
3558417,1,+046:+023,Romania,100_to_200km,zero=4;rare=3;common=19,26,28,0.18867924528301888,0.18518518518518517,-0.0034940600978337066
3558461,1,+049:+005,France,20_to_50km,zero=0;rare=0;common=30,30,27,0.5,0.49122807017543857,-0.00877192982456143
3558743,1,+049:+004,France,20_to_50km,zero=0;rare=0;common=26,26,23,0.6153846153846154,0.6122448979591837,-0.0031397174254317317
3559077,1,+043:+003,France,50_to_100km,zero=2;rare=1;common=4,7,21,0.14285714285714285,0.14285714285714285,0.0
3561082,1,+049:+004,France,50_to_100km,zero=0;rare=0;common=18,18,19,0.46153846153846156,0.43243243243243246,-0.029106029106029108
3563749,1,+037:+012,Italy,50_to_100km,zero=3;rare=5;common=8,16,27,0.19047619047619047,0.13953488372093023,-0.050941306755260235
3564267,1,+043:+006,France,50_to_100km,zero=3;rare=11;common=9,23,26,0.0425531914893617,0.12244897959183673,0.07989578810247502
3571274,1,+043:+006,France,50_to_100km,zero=0;rare=7;common=26,33,29,0.22950819672131148,0.22580645161290322,-0.003701745108408261
3575003,1,+043:+006,France,50_to_100km,zero=0;rare=4;common=8,12,24,0.0,0.0,0.0
3575206,1,+054:+012,Denmark,20_to_50km,zero=0;rare=0;common=21,21,23,0.2222222222222222,0.22727272727272727,0.005050505050505055
3576033,1,+043:+006,France,50_to_100km,zero=0;rare=2;common=9,11,24,0.06060606060606061,0.05714285714285714,-0.0034632034632034667
3578447,1,+043:+003,France,50_to_100km,zero=0;rare=0;common=9,9,27,0.3333333333333333,0.3333333333333333,0.0
3580025,1,+045:+003,France,20_to_50km,zero=0;rare=1;common=45,46,19,0.417910447761194,0.36923076923076925,-0.048679678530424764
3580429,1,+043:+003,France,50_to_100km,zero=0;rare=2;common=0,2,23,0.0,0.0,0.0
3581141,1,+043:+006,France,50_to_100km,zero=0;rare=1;common=3,4,22,0.0,0.0,0.0
3582969,1,+046:+023,Romania,100_to_200km,zero=0;rare=2;common=16,18,30,0.20833333333333334,0.20833333333333334,0.0
3586169,1,+055:+010,Denmark,20_to_50km,zero=0;rare=0;common=23,23,20,0.37209302325581395,0.37209302325581395,0.0
3588451,1,+043:+006,France,50_to_100km,zero=0;rare=4;common=10,14,25,0.15789473684210525,0.15384615384615385,-0.0040485829959514
3589165,1,+055:+010,Denmark,20_to_50km,zero=0;rare=0;common=22,22,21,0.5217391304347826,0.5116279069767442,-0.010111223458038388
3589681,1,+043:+003,France,50_to_100km,zero=0;rare=1;common=0,1,27,0.0,0.0,0.0
3590734,1,+045:+003,France,20_to_50km,zero=0;rare=0;common=13,13,23,0.45714285714285713,0.4444444444444444,-0.012698412698412709
3590758,1,+043:+003,France,100_to_200km,zero=1;rare=5;common=19,25,26,0.5098039215686274,0.5098039215686274,0.0
3592909,1,+043:+006,France,50_to_100km,zero=0;rare=11;common=4,15,26,0.04878048780487805,0.04878048780487805,0.0
3593237,1,+046:+023,Romania,100_to_200km,zero=1;rare=2;common=18,21,24,0.1951219512195122,0.2222222222222222,0.027100271002710008
3593322,1,+054:+012,Denmark,20_to_50km,zero=0;rare=0;common=15,15,22,0.2631578947368421,0.21621621621621623,-0.04694167852062586
3593345,1,+046:+023,Romania,100_to_200km,zero=4;rare=5;common=21,30,32,0.1935483870967742,0.1935483870967742,0.0
3594778,1,+046:+023,Romania,100_to_200km,zero=1;rare=1;common=25,27,29,0.32142857142857145,0.35714285714285715,0.0357142857142857
3596133,1,+049:+015,Czech Republic,20_to_50km,zero=0;rare=0;common=37,37,25,0.3,0.2903225806451613,-0.009677419354838679
3597844,1,+043:+006,France,50_to_100km,zero=0;rare=3;common=4,7,21,0.2857142857142857,0.2857142857142857,0.0
3599151,1,+055:+010,Denmark,20_to_50km,zero=0;rare=0;common=23,23,26,0.4897959183673469,0.4897959183673469,0.0
3600135,1,+043:+006,France,50_to_100km,zero=4;rare=3;common=8,15,18,0.0,0.0,0.0
3602278,1,+049:+015,Czech Republic,20_to_50km,zero=0;rare=0;common=11,11,23,0.5,0.47058823529411764,-0.02941176470588236
3602566,1,+047:+005,France,50_to_100km,zero=0;rare=1;common=44,45,27,0.4444444444444444,0.4444444444444444,0.0
3603970,1,+042:+011,Italy,100_to_200km,zero=0;rare=0;common=4,4,23,0.23076923076923078,0.2222222222222222,-0.008547008547008572
3604239,1,+042:+011,Italy,100_to_200km,zero=1;rare=1;common=3,5,23,0.07407407407407407,0.07142857142857142,-0.0026455026455026454
3605251,1,+055:+010,Denmark,20_to_50km,zero=0;rare=0;common=30,30,21,0.4528301886792453,0.43137254901960786,-0.02145763965963743
3605684,1,+049:+005,France,50_to_100km,zero=0;rare=1;common=37,38,25,0.4126984126984127,0.4126984126984127,0.0
3606112,1,+054:+012,Denmark,20_to_50km,zero=0;rare=0;common=23,23,20,0.27906976744186046,0.27906976744186046,0.0
3606376,1,+055:+010,Denmark,20_to_50km,zero=0;rare=0;common=22,22,21,0.4,0.4186046511627907,0.018604651162790697
3607161,1,+046:+023,Romania,100_to_200km,zero=1;rare=1;common=18,20,29,0.20833333333333334,0.24489795918367346,0.03656462585034012
3608439,1,+055:+010,Denmark,20_to_50km,zero=0;rare=0;common=19,19,22,0.37209302325581395,0.3902439024390244,0.018150879183210455
3608610,1,+043:+006,France,20_to_50km,zero=0;rare=1;common=20,21,29,0.375,0.36,-0.015000000000000013
3610242,1,+049:+005,France,50_to_100km,zero=0;rare=0;common=20,20,22,0.43478260869565216,0.42857142857142855,-0.006211180124223614
3610301,1,+055:+010,Denmark,20_to_50km,zero=0;rare=1;common=11,12,24,0.3333333333333333,0.3333333333333333,0.0
3610979,1,+055:+010,Denmark,20_to_50km,zero=0;rare=0;common=18,18,21,0.6,0.6153846153846154,0.015384615384615441
3611515,1,+045:+000,France,20_to_50km,zero=0;rare=0;common=17,17,27,0.3111111111111111,0.3181818181818182,0.007070707070707061
3612682,1,+043:+003,France,50_to_100km,zero=0;rare=2;common=12,14,21,0.2222222222222222,0.22857142857142856,0.006349206349206354
3616647,1,+055:+010,Denmark,20_to_50km,zero=0;rare=0;common=26,26,23,0.36,0.3673469387755102,0.007346938775510237
3620343,1,+046:+023,Romania,100_to_200km,zero=0;rare=4;common=5,9,24,0.0,0.0,0.0
3620772,1,+049:+005,Belgium,100_to_200km,zero=0;rare=0;common=17,17,23,0.20512820512820512,0.2,-0.00512820512820511
3621002,1,+037:+012,Italy,50_to_100km,zero=1;rare=3;common=2,6,29,0.11764705882352941,0.11428571428571428,-0.003361344537815128
3623054,1,+043:+003,France,50_to_100km,zero=0;rare=0;common=20,20,20,0.0975609756097561,0.1,0.0024390243902439046
3626083,1,+037:+012,Italy,50_to_100km,zero=2;rare=7;common=10,19,28,0.2127659574468085,0.2127659574468085,0.0
3628517,1,+046:+023,Romania,100_to_200km,zero=0;rare=2;common=19,21,31,0.2641509433962264,0.2692307692307692,0.005079825834542806
3628552,1,+042:+011,Italy,100_to_200km,zero=6;rare=3;common=2,11,24,0.0,0.0,0.0
3629350,1,+049:+005,France,50_to_100km,zero=0;rare=0;common=23,23,26,0.40816326530612246,0.40816326530612246,0.0
3629553,1,+049:+005,France,50_to_100km,zero=0;rare=0;common=26,26,23,0.44,0.4489795918367347,0.00897959183673469
3636579,1,+049:+004,France,50_to_100km,zero=0;rare=0;common=23,23,18,0.5581395348837209,0.5365853658536586,-0.021554169030062353
3637528,1,+049:+005,France,50_to_100km,zero=0;rare=0;common=23,23,21,0.2978723404255319,0.3181818181818182,0.020309477756286276
3639608,1,+037:+012,Italy,50_to_100km,zero=1;rare=8;common=8,17,27,0.13333333333333333,0.13636363636363635,0.003030303030303022
3639682,1,+045:+003,France,50_to_100km,zero=0;rare=0;common=21,21,19,0.38095238095238093,0.4,0.01904761904761909
3639921,1,+043:+006,France,50_to_100km,zero=2;rare=2;common=7,11,23,0.11764705882352941,0.11764705882352941,0.0
3641190,1,+045:+003,France,20_to_50km,zero=0;rare=0;common=30,30,25,0.39285714285714285,0.4,0.007142857142857173
3641680,1,+055:+010,Denmark,20_to_50km,zero=0;rare=0;common=15,15,21,0.43243243243243246,0.3888888888888889,-0.04354354354354356
3642864,1,+055:+010,Denmark,20_to_50km,zero=0;rare=0;common=17,17,23,0.43902439024390244,0.4,-0.03902439024390242
3645916,1,+043:+006,France,50_to_100km,zero=2;rare=3;common=6,11,24,0.11428571428571428,0.11428571428571428,0.0
3646709,1,+046:+023,Romania,100_to_200km,zero=0;rare=5;common=26,31,24,0.3137254901960784,0.32727272727272727,0.013547237076648844
3647939,1,+049:+004,France,50_to_100km,zero=0;rare=0;common=22,22,19,0.38095238095238093,0.3902439024390244,0.009291521486643473
3649648,1,+055:+010,Denmark,20_to_50km,zero=0;rare=0;common=24,24,21,0.30434782608695654,0.3111111111111111,0.006763285024154575
3650121,1,+043:+003,France,50_to_100km,zero=0;rare=4;common=16,20,23,0.13636363636363635,0.13953488372093023,0.003171247357293877
3650406,1,+043:+006,France,50_to_100km,zero=3;rare=20;common=6,29,27,0.07272727272727272,0.07142857142857142,-0.0012987012987012991
3650831,1,+037:+012,Italy,50_to_100km,zero=2;rare=4;common=9,15,28,0.23255813953488372,0.23255813953488372,0.0
3653162,1,+050:+006,Germany,20_to_50km,zero=1;rare=0;common=18,19,23,0.4,0.42857142857142855,0.028571428571428525
3654019,1,+043:+003,France,100_to_200km,zero=0;rare=4;common=18,22,22,0.391304347826087,0.4090909090909091,0.017786561264822143
3655430,1,+043:+006,France,20_to_50km,zero=0;rare=0;common=38,38,28,0.3076923076923077,0.3333333333333333,0.025641025641025605
3655490,1,+043:+003,France,50_to_100km,zero=1;rare=0;common=9,10,22,0.23529411764705882,0.25,0.01470588235294118
3657496,1,+049:+005,France,50_to_100km,zero=0;rare=0;common=27,27,19,0.25,0.2608695652173913,0.010869565217391297
3658316,1,+043:+006,France,50_to_100km,zero=1;rare=3;common=1,5,25,0.06451612903225806,0.06666666666666667,0.002150537634408603
3659334,1,+055:+010,Denmark,20_to_50km,zero=0;rare=0;common=17,17,26,0.45454545454545453,0.46511627906976744,0.010570824524312905
3659915,1,+045:+003,France,20_to_50km,zero=0;rare=2;common=12,14,22,0.3157894736842105,0.3333333333333333,0.017543859649122806
3659972,1,+043:+006,France,50_to_100km,zero=2;rare=7;common=11,20,27,0.0,0.0,0.0
3660257,1,+045:+003,France,20_to_50km,zero=0;rare=1;common=31,32,24,0.3157894736842105,0.32142857142857145,0.005639097744360944
3661231,1,+043:+003,France,50_to_100km,zero=0;rare=2;common=13,15,22,0.46153846153846156,0.43243243243243246,-0.029106029106029108
3661271,1,+043:+006,France,50_to_100km,zero=3;rare=15;common=10,28,21,0.0,0.0,0.0
3661809,1,+046:+023,Romania,100_to_200km,zero=0;rare=5;common=7,12,24,0.0,0.0,0.0
3662432,1,+043:+006,France,50_to_100km,zero=0;rare=3;common=7,10,27,0.05555555555555555,0.10810810810810811,0.05255255255255256
3665748,1,+043:+003,France,50_to_100km,zero=1;rare=4;common=12,17,24,0.4186046511627907,0.43902439024390244,0.02041973908111172
3671989,1,+043:+006,France,50_to_100km,zero=0;rare=5;common=3,8,25,0.0,0.0,0.0
3673195,1,+049:+005,Belgium,100_to_200km,zero=0;rare=1;common=18,19,24,0.0,0.0,0.0
3674589,1,+043:+006,France,50_to_100km,zero=2;rare=3;common=8,13,24,0.21052631578947367,0.21621621621621623,0.005689900426742556
3675270,1,+055:+010,Denmark,20_to_50km,zero=0;rare=0;common=9,9,17,0.5,0.5384615384615384,0.038461538461538436
3676811,1,+055:+010,Denmark,20_to_50km,zero=0;rare=0;common=25,25,20,0.4888888888888889,0.4888888888888889,0.0
3678724,1,+054:+012,Denmark,20_to_50km,zero=0;rare=2;common=28,30,22,0.3333333333333333,0.3076923076923077,-0.025641025641025605
3678787,1,+055:+010,Denmark,20_to_50km,zero=0;rare=0;common=29,29,22,0.2641509433962264,0.27450980392156865,0.01035886052534224
3679728,1,+047:+005,France,50_to_100km,zero=0;rare=0;common=29,29,24,0.3333333333333333,0.33962264150943394,0.0062893081761006275
3680478,1,+054:+012,Denmark,20_to_50km,zero=0;rare=0;common=23,23,21,0.391304347826087,0.3181818181818182,-0.0731225296442688
3681753,1,+047:+005,France,50_to_100km,zero=0;rare=0;common=22,22,23,0.34782608695652173,0.35555555555555557,0.00772946859903384
3682437,1,+043:+006,France,50_to_100km,zero=1;rare=7;common=7,15,26,0.20512820512820512,0.1951219512195122,-0.01000625390869292
3686641,1,+043:+006,France,50_to_100km,zero=0;rare=5;common=14,19,23,0.14634146341463414,0.14285714285714285,-0.0034843205574912883
3687583,1,+047:+005,France,50_to_100km,zero=0;rare=0;common=18,18,28,0.43478260869565216,0.43478260869565216,0.0
3688143,1,+046:+023,Romania,100_to_200km,zero=0;rare=2;common=17,19,31,0.27450980392156865,0.28,0.005490196078431375
3689223,1,+046:+023,Romania,100_to_200km,zero=1;rare=4;common=13,18,27,0.046511627906976744,0.044444444444444446,-0.0020671834625322974
3689820,1,+054:+012,Denmark,20_to_50km,zero=0;rare=0;common=12,12,18,0.3333333333333333,0.3333333333333333,0.0
3689968,1,+055:+010,Denmark,20_to_50km,zero=0;rare=0;common=9,9,19,0.4827586206896552,0.42857142857142855,-0.054187192118226646
3690484,1,+045:+000,France,20_to_50km,zero=0;rare=0;common=17,17,25,0.6829268292682927,0.7142857142857143,0.03135888501742157
3690520,1,+043:+003,France,50_to_100km,zero=0;rare=5;common=20,25,22,0.2978723404255319,0.2978723404255319,0.0
3692409,1,+046:+023,Romania,100_to_200km,zero=0;rare=5;common=25,30,27,0.25,0.24561403508771928,-0.004385964912280715
3694059,1,+043:+006,France,50_to_100km,zero=1;rare=6;common=14,21,24,0.09302325581395349,0.13333333333333333,0.040310077519379844
3694164,1,+054:+012,Denmark,20_to_50km,zero=0;rare=0;common=19,19,20,0.3902439024390244,0.358974358974359,-0.03126954346466543
3694404,1,+049:+005,France,50_to_100km,zero=1;rare=1;common=29,31,19,0.35294117647058826,0.36,0.0070588235294117285
3696271,1,+055:+010,Denmark,20_to_50km,zero=0;rare=1;common=12,13,19,0.12121212121212122,0.125,0.0037878787878787845
3698283,1,+043:+003,France,50_to_100km,zero=0;rare=1;common=15,16,23,0.5,0.5128205128205128,0.012820512820512775
3699178,1,+046:+023,Romania,100_to_200km,zero=2;rare=2;common=16,20,29,0.20833333333333334,0.20408163265306123,-0.0042517006802721136
3699921,1,+045:+003,France,20_to_50km,zero=0;rare=1;common=31,32,23,0.42857142857142855,0.43636363636363634,0.007792207792207795
3700242,1,+043:+006,France,50_to_100km,zero=0;rare=1;common=12,13,23,0.30303030303030304,0.3333333333333333,0.030303030303030276
3700924,1,+043:+006,France,50_to_100km,zero=2;rare=7;common=20,29,25,0.07547169811320754,0.1111111111111111,0.03563941299790356
3702925,1,+043:+006,France,50_to_100km,zero=2;rare=8;common=10,20,29,0.08333333333333333,0.08163265306122448,-0.0017006802721088454
3703547,1,+043:+006,France,50_to_100km,zero=0;rare=4;common=10,14,23,0.3684210526315789,0.3783783783783784,0.009957325746799472
3704672,1,+055:+010,Denmark,20_to_50km,zero=0;rare=0;common=13,13,22,0.4117647058823529,0.4,-0.0117647058823529
3706468,1,+054:+012,Denmark,20_to_50km,zero=0;rare=1;common=18,19,19,0.2564102564102564,0.2631578947368421,0.006747638326585703
3706711,1,+054:+012,Denmark,20_to_50km,zero=0;rare=0;common=28,28,23,0.3076923076923077,0.3137254901960784,0.006033182503770718
3706804,1,+055:+010,Denmark,20_to_50km,zero=0;rare=0;common=19,19,20,0.2857142857142857,0.3076923076923077,0.02197802197802201
3709917,1,+054:+012,Denmark,20_to_50km,zero=0;rare=0;common=13,13,19,0.30303030303030304,0.25,-0.05303030303030304
3712094,1,+055:+010,Denmark,20_to_50km,zero=0;rare=0;common=10,10,16,0.6428571428571429,0.6153846153846154,-0.027472527472527486
3714588,1,+050:+006,Germany,20_to_50km,zero=0;rare=0;common=11,11,23,0.4375,0.47058823529411764,0.03308823529411764
3714692,1,+043:+006,France,50_to_100km,zero=1;rare=7;common=11,19,26,0.0,0.0,0.0
3715559,1,+045:+003,France,20_to_50km,zero=0;rare=0;common=9,9,21,0.3870967741935484,0.4,0.012903225806451646
3718899,1,+047:+005,France,50_to_100km,zero=0;rare=0;common=22,22,27,0.52,0.5306122448979592,0.0106122448979592
3719055,1,+054:+012,Denmark,20_to_50km,zero=0;rare=0;common=16,16,21,0.42105263157894735,0.43243243243243246,0.011379800853485111
3719687,1,+042:+011,Italy,100_to_200km,zero=0;rare=0;common=5,5,21,0.32,0.3076923076923077,-0.012307692307692297
3720952,1,+055:+010,Denmark,20_to_50km,zero=0;rare=0;common=18,18,21,0.45,0.46153846153846156,0.011538461538461553
3721991,1,+049:+005,France,50_to_100km,zero=0;rare=0;common=27,27,25,0.49056603773584906,0.5,0.009433962264150941
3722062,1,+043:+006,France,50_to_100km,zero=0;rare=3;common=4,7,24,0.20689655172413793,0.1935483870967742,-0.01334816462736374
3722310,1,+043:+006,France,50_to_100km,zero=1;rare=6;common=4,11,24,0.11428571428571428,0.11428571428571428,0.0
3722479,1,+043:+003,France,50_to_100km,zero=0;rare=4;common=19,23,27,0.2857142857142857,0.32,0.03428571428571431
3722636,1,+054:+012,Denmark,20_to_50km,zero=0;rare=0;common=8,8,19,0.2857142857142857,0.2962962962962963,0.010582010582010581
3723271,1,+046:+023,Romania,100_to_200km,zero=0;rare=3;common=12,15,24,0.17142857142857143,0.15384615384615385,-0.017582417582417575
3725697,1,+054:+012,Denmark,20_to_50km,zero=0;rare=0;common=7,7,20,0.2222222222222222,0.2222222222222222,0.0
3727360,1,+045:+003,France,50_to_100km,zero=0;rare=0;common=19,19,23,0.5581395348837209,0.5714285714285714,0.013289036544850474
3729919,1,+043:+003,France,100_to_200km,zero=4;rare=3;common=4,11,23,0.05714285714285714,0.058823529411764705,0.001680672268907564
3732449,1,+037:+012,Italy,20_to_50km,zero=1;rare=1;common=6,8,19,0.14285714285714285,0.14814814814814814,0.005291005291005291
3732663,1,+054:+012,Denmark,20_to_50km,zero=0;rare=0;common=21,21,20,0.34146341463414637,0.34146341463414637,0.0
3733168,1,+046:+023,Romania,100_to_200km,zero=0;rare=1;common=20,21,30,0.3137254901960784,0.3137254901960784,0.0
3733278,1,+046:+023,Romania,100_to_200km,zero=1;rare=4;common=2,7,25,0.06896551724137931,0.0625,-0.006465517241379309
3736631,1,+043:+006,France,50_to_100km,zero=0;rare=3;common=4,7,26,0.06060606060606061,0.06060606060606061,0.0
3744535,1,+043:+006,France,50_to_100km,zero=1;rare=9;common=22,32,25,0.0,0.0,0.0
3747859,1,+049:+004,France,100_to_200km,zero=0;rare=0;common=29,29,20,0.39215686274509803,0.40816326530612246,0.016006402561024424
3748264,1,+037:+012,Italy,50_to_100km,zero=2;rare=10;common=13,25,27,0.2,0.23076923076923078,0.03076923076923077
3749656,1,+037:+012,Italy,50_to_100km,zero=0;rare=1;common=0,1,21,0.0,0.0,0.0
3749661,1,+046:-001,France,20_to_50km,zero=0;rare=0;common=12,12,25,0.46153846153846156,0.4864864864864865,0.02494802494802495
3752741,1,+055:+010,Denmark,20_to_50km,zero=0;rare=0;common=17,17,20,0.358974358974359,0.3783783783783784,0.019404019404019424
3754000,1,+045:+003,France,20_to_50km,zero=0;rare=0;common=25,25,23,0.5714285714285714,0.5833333333333334,0.011904761904761973
3756527,1,+043:+003,France,100_to_200km,zero=0;rare=3;common=14,17,23,0.5853658536585366,0.6,0.014634146341463428
3757848,1,+049:+005,France,50_to_100km,zero=0;rare=0;common=29,29,23,0.22641509433962265,0.23076923076923078,0.004354136429608135
3759134,1,+055:+010,Denmark,20_to_50km,zero=0;rare=0;common=41,41,21,0.46875,0.45161290322580644,-0.01713709677419356
3759493,1,+046:+023,Romania,100_to_200km,zero=1;rare=2;common=21,24,31,0.35714285714285715,0.36363636363636365,0.006493506493506496
3763004,1,+045:+003,France,50_to_100km,zero=0;rare=2;common=32,34,20,0.2962962962962963,0.2962962962962963,0.0
3763390,1,+043:+006,France,50_to_100km,zero=0;rare=8;common=16,24,26,0.12,0.12,0.0
3766073,1,+046:+023,Romania,100_to_200km,zero=1;rare=2;common=12,15,24,0.05714285714285714,0.05128205128205128,-0.005860805860805861
3766833,1,+043:+006,France,50_to_100km,zero=0;rare=4;common=5,9,24,0.06451612903225806,0.06060606060606061,-0.003910068426197455
3768794,1,+046:+023,Romania,100_to_200km,zero=1;rare=2;common=24,27,31,0.4745762711864407,0.4827586206896552,0.008182349503214503
3769353,1,+054:+012,Denmark,20_to_50km,zero=0;rare=0;common=10,10,19,0.5333333333333333,0.5517241379310345,0.01839080459770115
3770771,1,+043:+003,France,50_to_100km,zero=0;rare=1;common=0,1,22,0.0,0.0,0.0
3771050,1,+043:+003,France,50_to_100km,zero=0;rare=0;common=5,5,20,0.0,0.0,0.0
3771873,1,+043:+006,France,50_to_100km,zero=1;rare=4;common=9,14,24,0.15384615384615385,0.15789473684210525,0.0040485829959514
3775279,1,+050:+002,France,20_to_50km,zero=0;rare=0;common=21,21,20,0.5365853658536586,0.5365853658536586,0.0
3775641,1,+043:+006,France,50_to_100km,zero=1;rare=2;common=6,9,21,0.13333333333333333,0.13333333333333333,0.0
3776952,1,+055:+010,Denmark,20_to_50km,zero=0;rare=0;common=19,19,21,0.5238095238095238,0.55,0.02619047619047621
3777491,1,+043:+006,France,50_to_100km,zero=3;rare=9;common=7,19,23,0.0,0.047619047619047616,0.047619047619047616
3778891,1,+043:+006,France,50_to_100km,zero=3;rare=5;common=13,21,27,0.0,0.041666666666666664,0.041666666666666664
3781641,1,+047:+005,France,50_to_100km,zero=0;rare=0;common=16,16,27,0.5581395348837209,0.5581395348837209,0.0
3783057,1,+055:+010,Denmark,20_to_50km,zero=0;rare=0;common=14,14,19,0.35294117647058826,0.30303030303030304,-0.04991087344028522
3784061,1,+049:+004,France,50_to_100km,zero=0;rare=1;common=30,31,28,0.3050847457627119,0.3050847457627119,0.0
3784935,1,+043:+006,France,50_to_100km,zero=3;rare=12;common=10,25,24,0.12244897959183673,0.12244897959183673,0.0
3786885,1,+055:+010,Denmark,20_to_50km,zero=0;rare=1;common=11,12,18,0.3125,0.3333333333333333,0.020833333333333315
3787724,1,+045:+003,France,20_to_50km,zero=0;rare=0;common=14,14,20,0.5142857142857142,0.5294117647058824,0.015126050420168125
3791755,1,+054:+012,Denmark,20_to_50km,zero=0;rare=0;common=15,15,22,0.32432432432432434,0.32432432432432434,0.0
3792359,1,+043:+006,France,50_to_100km,zero=0;rare=3;common=20,23,24,0.5416666666666666,0.5106382978723404,-0.031028368794326244
3795910,1,+043:+003,France,100_to_200km,zero=1;rare=3;common=13,17,22,0.41025641025641024,0.41025641025641024,0.0
3795990,1,+046:-001,France,20_to_50km,zero=0;rare=0;common=29,29,22,0.3137254901960784,0.3137254901960784,0.0
3796386,1,+047:+005,France,50_to_100km,zero=0;rare=0;common=25,25,28,0.6037735849056604,0.6037735849056604,0.0
3797493,1,+043:+010,Italy,100_to_200km,zero=0;rare=3;common=3,6,23,0.0,0.0,0.0
3799373,1,+054:+012,Denmark,20_to_50km,zero=0;rare=0;common=12,12,20,0.4375,0.4375,0.0
3802215,1,+054:+012,Denmark,20_to_50km,zero=0;rare=0;common=14,14,20,0.5882352941176471,0.5882352941176471,0.0
3803793,1,+046:+023,Romania,100_to_200km,zero=1;rare=3;common=19,23,31,0.4,0.4074074074074074,0.007407407407407363
3804561,1,+043:+003,France,50_to_100km,zero=0;rare=1;common=0,1,23,0.0,0.0,0.0
3805772,1,+037:+012,Italy,20_to_50km,zero=7;rare=16;common=13,36,23,0.2413793103448276,0.23728813559322035,-0.004091174751607252
3807079,1,+054:+012,Denmark,20_to_50km,zero=0;rare=0;common=28,28,23,0.11538461538461539,0.11764705882352941,0.002262443438914019
3809828,1,+046:+023,Romania,100_to_200km,zero=0;rare=3;common=2,5,26,0.0,0.0,0.0
3810688,1,+043:+006,France,50_to_100km,zero=0;rare=2;common=8,10,25,0.0,0.0,0.0
3810841,1,+043:+003,France,20_to_50km,zero=0;rare=0;common=13,13,19,0.42424242424242425,0.4375,0.013257575757575746
3810850,1,+055:+010,Denmark,20_to_50km,zero=0;rare=0;common=27,27,22,0.3137254901960784,0.32653061224489793,0.012805122048819506
3810931,1,+043:+006,France,50_to_100km,zero=0;rare=8;common=9,17,23,0.04878048780487805,0.05,0.0012195121951219523
3811333,1,+054:+012,Denmark,20_to_50km,zero=0;rare=0;common=32,32,21,0.25925925925925924,0.22641509433962265,-0.0328441649196366
3813910,1,+043:+003,France,50_to_100km,zero=0;rare=1;common=0,1,22,0.0,0.0,0.0
3815812,1,+042:+011,Italy,100_to_200km,zero=5;rare=2;common=3,10,24,0.0,0.0,0.0
3816498,1,+046:-001,France,20_to_50km,zero=0;rare=0;common=13,13,25,0.42105263157894735,0.42105263157894735,0.0
3817176,1,+045:+003,France,50_to_100km,zero=0;rare=0;common=37,37,23,0.5901639344262295,0.6,0.00983606557377048
3818519,1,+037:+012,Italy,20_to_50km,zero=1;rare=7;common=7,15,24,0.2564102564102564,0.2564102564102564,0.0
3823540,1,+042:+011,Italy,100_to_200km,zero=1;rare=1;common=3,5,21,0.0,0.0,0.0
3828757,1,+043:+003,France,50_to_100km,zero=0;rare=1;common=0,1,27,0.0,0.0,0.0
3829729,1,+046:+023,Romania,100_to_200km,zero=1;rare=4;common=4,9,24,0.0,0.0,0.0
3830871,1,+047:+005,France,50_to_100km,zero=0;rare=0;common=23,23,27,0.5714285714285714,0.56,-0.011428571428571344
3830956,1,+046:+023,Romania,100_to_200km,zero=0;rare=0;common=31,31,31,0.3492063492063492,0.3548387096774194,0.005632360471070186
3831317,1,+043:+006,France,50_to_100km,zero=4;rare=2;common=10,16,26,0.0975609756097561,0.14285714285714285,0.04529616724738675
3832756,1,+043:+006,France,50_to_100km,zero=0;rare=5;common=21,26,26,0.47058823529411764,0.5,0.02941176470588236
3834874,1,+046:+023,Romania,100_to_200km,zero=3;rare=8;common=25,36,32,0.2318840579710145,0.23529411764705882,0.0034100596760443247
3836371,1,+043:+006,France,50_to_100km,zero=1;rare=4;common=9,14,27,0.15,0.14634146341463414,-0.003658536585365857
3840058,1,+049:+005,Belgium,100_to_200km,zero=0;rare=0;common=20,20,22,0.047619047619047616,0.047619047619047616,0.0
3840702,1,+049:+004,France,50_to_100km,zero=0;rare=0;common=24,24,24,0.4489795918367347,0.4583333333333333,0.009353741496598622
3842012,1,+046:+023,Romania,100_to_200km,zero=0;rare=2;common=22,24,30,0.3333333333333333,0.3333333333333333,0.0
3842162,1,+043:+006,France,50_to_100km,zero=0;rare=4;common=9,13,26,0.2702702702702703,0.2564102564102564,-0.013860013860013898
3844711,1,+045:+000,France,20_to_50km,zero=0;rare=0;common=25,25,22,0.5217391304347826,0.5106382978723404,-0.011100832562442209
3845407,1,+043:+006,France,20_to_50km,zero=0;rare=2;common=14,16,25,0.15789473684210525,0.1951219512195122,0.03722721437740695
3850441,1,+055:+010,Denmark,20_to_50km,zero=0;rare=0;common=14,14,19,0.29411764705882354,0.30303030303030304,0.0089126559714795
3852659,1,+046:+023,Romania,100_to_200km,zero=0;rare=1;common=0,1,25,0.0,0.0,0.0
3853302,1,+049:+004,France,50_to_100km,zero=0;rare=0;common=9,9,23,0.42424242424242425,0.4375,0.013257575757575746
3854138,1,+042:+011,Italy,100_to_200km,zero=1;rare=2;common=13,16,23,0.2631578947368421,0.2564102564102564,-0.006747638326585703
3854288,1,+055:+010,Denmark,20_to_50km,zero=0;rare=0;common=10,10,17,0.42857142857142855,0.4444444444444444,0.015873015873015872
3854786,1,+045:+003,France,20_to_50km,zero=0;rare=0;common=40,40,24,0.25,0.25,0.0
3855463,1,+043:+003,France,50_to_100km,zero=0;rare=2;common=0,2,23,0.0,0.0,0.0
3856938,1,+055:+010,Denmark,20_to_50km,zero=0;rare=0;common=17,17,23,0.34146341463414637,0.35,0.00853658536585361
3857510,1,+049:+015,Czech Republic,20_to_50km,zero=0;rare=0;common=29,29,23,0.3673469387755102,0.38461538461538464,0.017268445839874413
3859042,1,+045:+003,France,20_to_50km,zero=0;rare=0;common=20,20,25,0.34782608695652173,0.3111111111111111,-0.03671497584541061
3859626,1,+043:+003,France,50_to_100km,zero=0;rare=1;common=0,1,23,0.0,0.0,0.0
3863181,1,+043:+006,France,50_to_100km,zero=0;rare=3;common=9,12,25,0.16666666666666666,0.16216216216216217,-0.004504504504504486
3864800,1,+049:+005,France,20_to_50km,zero=0;rare=0;common=25,25,24,0.3673469387755102,0.3673469387755102,0.0
3865199,1,+043:+006,France,50_to_100km,zero=0;rare=2;common=3,5,22,0.2222222222222222,0.2222222222222222,0.0
3866187,1,+043:+003,France,50_to_100km,zero=0;rare=6;common=21,27,25,0.1568627450980392,0.19230769230769232,0.035444947209653105
3866882,1,+042:+011,Italy,100_to_200km,zero=3;rare=1;common=2,6,23,0.0,0.0,0.0
3867307,1,+045:+003,France,20_to_50km,zero=1;rare=1;common=25,27,30,0.4,0.42105263157894735,0.021052631578947323
3870497,1,+043:+006,France,50_to_100km,zero=3;rare=12;common=11,26,26,0.0,0.0,0.0
3872029,1,+054:+012,Denmark,20_to_50km,zero=0;rare=1;common=12,13,21,0.30303030303030304,0.29411764705882354,-0.0089126559714795
3874293,1,+043:+010,Italy,100_to_200km,zero=2;rare=1;common=1,4,22,0.07692307692307693,0.07692307692307693,0.0
3874783,1,+043:+006,France,50_to_100km,zero=0;rare=0;common=12,12,21,0.5294117647058824,0.5454545454545454,0.016042780748663055
3878382,1,+042:+011,Italy,100_to_200km,zero=0;rare=1;common=6,7,24,0.25806451612903225,0.25806451612903225,0.0
3880041,1,+045:+003,France,20_to_50km,zero=0;rare=0;common=13,13,20,0.23529411764705882,0.24242424242424243,0.007130124777183611
3880347,1,+047:+005,France,50_to_100km,zero=0;rare=1;common=43,44,26,0.42857142857142855,0.42857142857142855,0.0
3881804,1,+055:+010,Denmark,20_to_50km,zero=0;rare=0;common=20,20,24,0.2857142857142857,0.2727272727272727,-0.012987012987012991
3882322,1,+043:+003,France,50_to_100km,zero=1;rare=2;common=4,7,23,0.06451612903225806,0.06666666666666667,0.002150537634408603
3883525,1,+043:+006,France,50_to_100km,zero=2;rare=5;common=1,8,28,0.0,0.0,0.0
3885441,1,+046:+023,Romania,100_to_200km,zero=3;rare=2;common=17,22,27,0.16666666666666666,0.16326530612244897,-0.003401360544217691
3886041,1,+055:+010,Denmark,20_to_50km,zero=0;rare=0;common=17,17,19,0.3783783783783784,0.3888888888888889,0.010510510510510496
3888629,1,+055:+010,Denmark,20_to_50km,zero=0;rare=0;common=9,9,18,0.07407407407407407,0.07407407407407407,0.0
3888731,1,+043:+003,France,50_to_100km,zero=0;rare=1;common=12,13,26,0.5405405405405406,0.5128205128205128,-0.027720027720027796
3890187,1,+043:+006,France,20_to_50km,zero=0;rare=1;common=10,11,21,0.24242424242424243,0.25,0.007575757575757569
3892339,1,+055:+010,Denmark,20_to_50km,zero=0;rare=0;common=5,5,22,0.13793103448275862,0.07407407407407407,-0.06385696040868455
3893610,1,+043:+006,France,50_to_100km,zero=0;rare=3;common=18,21,25,0.08695652173913043,0.08695652173913043,0.0
3895282,1,+046:+023,Romania,100_to_200km,zero=2;rare=4;common=14,20,24,0.05,0.045454545454545456,-0.004545454545454547
3895608,1,+042:+011,Italy,100_to_200km,zero=1;rare=1;common=2,4,23,0.0,0.0,0.0
3896053,1,+043:+006,France,50_to_100km,zero=1;rare=0;common=4,5,25,0.20689655172413793,0.2,-0.006896551724137917
3896745,1,+042:+011,Italy,100_to_200km,zero=2;rare=3;common=0,5,23,0.0,0.0,0.0
3897365,1,+045:+003,France,50_to_100km,zero=0;rare=0;common=31,31,26,0.5172413793103449,0.5263157894736842,0.00907441016333932
3897810,1,+043:+006,France,20_to_50km,zero=0;rare=2;common=19,21,26,0.4,0.3829787234042553,-0.017021276595744705
3899631,1,+043:+006,France,20_to_50km,zero=0;rare=0;common=30,30,27,0.2807017543859649,0.2807017543859649,0.0
3901333,1,+049:+004,France,50_to_100km,zero=0;rare=0;common=43,43,26,0.5217391304347826,0.5217391304347826,0.0
3901493,1,+043:+003,France,100_to_200km,zero=5;rare=2;common=4,11,28,0.0,0.0,0.0
3902785,1,+046:-001,France,20_to_50km,zero=0;rare=0;common=18,18,24,0.6666666666666666,0.6666666666666666,0.0
3903718,1,+054:+012,Denmark,20_to_50km,zero=0;rare=0;common=39,39,25,0.4307692307692308,0.4375,0.006730769230769207
3904730,1,+043:+006,France,50_to_100km,zero=4;rare=4;common=10,18,22,0.0,0.0,0.0
3908088,1,+042:+011,Italy,100_to_200km,zero=2;rare=1;common=2,5,23,0.0,0.0,0.0
3908880,1,+054:+012,Denmark,20_to_50km,zero=0;rare=1;common=22,23,24,0.3333333333333333,0.3404255319148936,0.007092198581560294
3909136,1,+043:+006,France,50_to_100km,zero=1;rare=5;common=8,14,23,0.0,0.0,0.0
3909529,1,+049:+005,France,50_to_100km,zero=0;rare=1;common=43,44,21,0.23529411764705882,0.24615384615384617,0.010859728506787347
3910506,1,+055:+010,Denmark,20_to_50km,zero=0;rare=0;common=6,6,21,0.06896551724137931,0.07407407407407407,0.005108556832694761
3911315,1,+043:+006,France,50_to_100km,zero=2;rare=0;common=20,22,22,0.3181818181818182,0.3181818181818182,0.0
3912493,1,+045:+003,France,50_to_100km,zero=0;rare=0;common=29,29,24,0.2641509433962264,0.2641509433962264,0.0
3912719,1,+049:+005,France,50_to_100km,zero=0;rare=0;common=20,20,24,0.5333333333333333,0.5454545454545454,0.012121212121212088
3913691,1,+043:+006,France,50_to_100km,zero=1;rare=5;common=13,19,26,0.046511627906976744,0.044444444444444446,-0.0020671834625322974
3914273,1,+043:+003,France,100_to_200km,zero=0;rare=1;common=12,13,25,0.42105263157894735,0.42105263157894735,0.0
3918259,1,+043:+006,France,50_to_100km,zero=1;rare=10;common=16,27,24,0.40816326530612246,0.39215686274509803,-0.016006402561024424
