surveyId,country,spatial_block,matched_v27_f1,v29_f1,delta_f1,true_cardinality,predicted_cardinality
2231,Denmark,+055:+009,0.3333333333333333,0.47619047619047616,0.14285714285714285,8,13
3445,Denmark,+055:+009,0.37209302325581395,0.32432432432432434,-0.047768698931489606,19,18
4308,Denmark,+055:+009,0.36363636363636365,0.5263157894736842,0.16267942583732053,5,14
7421,France,+046:+006,0.3076923076923077,0.37681159420289856,0.06911928651059085,38,31
7917,France,+043:+007,0.3116883116883117,0.18421052631578946,-0.12747778537252222,55,21
9063,Denmark,+055:+009,0.5151515151515151,0.5245901639344263,0.009438648782911119,42,19
9811,France,+044:+006,0.6122448979591837,0.5384615384615384,-0.07378335949764525,26,26
10147,Denmark,+055:+009,0.2631578947368421,0.2857142857142857,0.022556390977443608,15,20
11012,Denmark,+054:+009,0.6470588235294118,0.5142857142857142,-0.13277310924369756,21,14
11051,Denmark,+055:+009,0.2857142857142857,0.2127659574468085,-0.07294832826747719,30,17
15745,Denmark,+055:+009,0.4827586206896552,0.5,0.017241379310344807,10,14
16314,Denmark,+055:+009,0.4,0.35714285714285715,-0.04285714285714287,11,17
16913,Denmark,+055:+009,0.06896551724137931,0.0,-0.06896551724137931,7,22
17995,Denmark,+055:+009,0.21052631578947367,0.3333333333333333,0.12280701754385964,19,17
20332,Denmark,+055:+009,0.5416666666666666,0.4090909090909091,-0.1325757575757575,21,23
22379,Denmark,+055:+009,0.6296296296296297,0.6,-0.029629629629629672,28,22
23286,Denmark,+054:+009,0.4666666666666667,0.5714285714285714,0.10476190476190472,15,13
25572,Denmark,+055:+009,0.38461538461538464,0.36363636363636365,-0.02097902097902099,5,17
27460,Denmark,+055:+009,0.5714285714285714,0.5555555555555556,-0.015873015873015817,28,26
28323,Denmark,+054:+009,0.41025641025641024,0.4878048780487805,0.07754846779237023,22,19
28732,Denmark,+055:+009,0.34285714285714286,0.34285714285714286,0.0,12,23
29596,Denmark,+055:+009,0.32,0.2962962962962963,-0.023703703703703727,8,19
30569,Denmark,+055:+009,0.4,0.631578947368421,0.231578947368421,10,9
31754,Denmark,+055:+009,0.4,0.47619047619047616,0.07619047619047614,21,21
31883,Denmark,+054:+009,0.36363636363636365,0.4444444444444444,0.08080808080808077,6,12
32559,France,+044:+006,0.45714285714285713,0.5128205128205128,0.055677655677655646,15,24
33016,Denmark,+055:+009,0.33962264150943394,0.3137254901960784,-0.025897151313355515,29,22
35559,Denmark,+055:+009,0.32,0.3,-0.020000000000000018,8,12
38116,Denmark,+054:+009,0.5555555555555556,0.5714285714285714,0.015873015873015817,19,16
38241,Denmark,+055:+009,0.38095238095238093,0.3684210526315789,-0.012531328320802004,21,17
38700,Denmark,+055:+009,0.16,0.2222222222222222,0.06222222222222221,7,20
39241,Italy,+042:+015,0.0,0.0,0.0,4,18
43980,Denmark,+054:+009,0.38095238095238093,0.43478260869565216,0.05383022774327123,7,16
46216,Denmark,+055:+009,0.375,0.2978723404255319,-0.0771276595744681,23,24
46681,Denmark,+055:+009,0.4186046511627907,0.55,0.13139534883720932,19,21
47821,France,+044:+006,0.07142857142857142,0.06451612903225806,-0.006912442396313362,8,23
47856,Denmark,+054:+009,0.43478260869565216,0.4166666666666667,-0.018115942028985477,10,14
49713,Denmark,+055:+009,0.4444444444444444,0.5333333333333333,0.0888888888888889,21,24
58312,France,+043:+007,0.1,0.07547169811320754,-0.02452830188679246,13,40
58876,Italy,+042:+015,0.17647058823529413,0.21621621621621623,0.0397456279809221,14,23
59811,Denmark,+055:+009,0.17777777777777778,0.08333333333333333,-0.09444444444444446,25,23
65888,Denmark,+055:+009,0.16216216216216217,0.17647058823529413,0.014308426073131958,17,17
69822,Denmark,+055:+009,0.32,0.47058823529411764,0.15058823529411763,28,23
69877,Denmark,+055:+009,0.35,0.3902439024390244,0.040243902439024426,23,18
70174,Denmark,+055:+009,0.65,0.75,0.09999999999999998,18,22
74668,Denmark,+055:+009,0.3333333333333333,0.6206896551724138,0.2873563218390805,9,20
75043,Denmark,+055:+009,0.32558139534883723,0.3,-0.025581395348837244,22,18
77808,Denmark,+055:+009,0.4,0.3870967741935484,-0.012903225806451646,14,17
77967,Poland,+054:+017,0.44,0.3157894736842105,-0.1242105263157895,26,31
84033,Denmark,+055:+009,0.3829787234042553,0.15,-0.23297872340425532,21,19
84894,Germany,+054:+009,0.24,0.3333333333333333,0.09333333333333332,5,19
87529,France,+044:-001,0.3333333333333333,0.5454545454545454,0.2121212121212121,8,14
90465,Poland,+054:+017,0.5306122448979592,0.41379310344827586,-0.11681914144968336,25,33
90676,Denmark,+054:+009,0.42105263157894735,0.7692307692307693,0.34817813765182193,5,8
91391,Denmark,+055:+009,0.3157894736842105,0.35294117647058826,0.03715170278637775,5,12
92047,Denmark,+055:+009,0.3684210526315789,0.4864864864864865,0.11806543385490759,15,22
95005,France,+044:-001,0.5185185185185185,0.6666666666666666,0.14814814814814814,10,14
95171,Denmark,+055:+009,0.3018867924528302,0.2608695652173913,-0.04101722723543888,36,10
95730,Denmark,+054:+009,0.5263157894736842,0.45161290322580644,-0.07470288624787774,18,13
96525,Denmark,+054:+009,0.5217391304347826,0.6,0.07826086956521738,6,14
100388,France,+042:+000,0.3448275862068966,0.2222222222222222,-0.12260536398467436,8,28
100400,Denmark,+055:+009,0.1935483870967742,0.26666666666666666,0.07311827956989247,13,17
100956,Denmark,+055:+009,0.32432432432432434,0.2926829268292683,-0.03164139749505607,14,27
101919,Denmark,+055:+009,0.5333333333333333,0.5384615384615384,0.00512820512820511,17,9
102615,Denmark,+054:+009,0.5,0.4117647058823529,-0.08823529411764708,15,19
102643,Denmark,+054:+009,0.16,0.125,-0.035,8,24
103064,France,+044:+006,0.3125,0.42424242424242425,0.11174242424242425,10,23
104894,France,+046:+006,0.42105263157894735,0.5277777777777778,0.10672514619883045,32,40
106510,France,+044:+006,0.42105263157894735,0.4878048780487805,0.06675224646983313,16,25
106634,Denmark,+055:+009,0.6938775510204082,0.7142857142857143,0.020408163265306145,23,19
106847,Denmark,+055:+009,0.4444444444444444,0.5263157894736842,0.08187134502923976,14,24
113237,France,+044:+000,0.30303030303030304,0.29411764705882354,-0.0089126559714795,13,21
115088,Denmark,+055:+009,0.4878048780487805,0.30303030303030304,-0.18477457501847744,21,12
116264,Denmark,+055:+009,0.4444444444444444,0.4186046511627907,-0.0258397932816537,17,26
118355,Denmark,+055:+009,0.32558139534883723,0.47619047619047616,0.15060908084163893,20,22
120919,Denmark,+054:+009,0.45454545454545453,0.4,-0.05454545454545451,7,13
125563,Denmark,+055:+009,0.20512820512820512,0.16666666666666666,-0.038461538461538464,16,20
127193,Denmark,+055:+009,0.5128205128205128,0.5641025641025641,0.05128205128205132,16,23
128719,Poland,+051:+016,0.23529411764705882,0.2153846153846154,-0.019909502262443424,25,40
130293,France,+046:+006,0.42857142857142855,0.4528301886792453,0.024258760107816746,71,35
131217,Denmark,+054:+009,0.3333333333333333,0.48,0.14666666666666667,11,14
135245,Denmark,+055:+009,0.34782608695652173,0.32653061224489793,-0.021295474711623796,27,22
136114,France,+043:+007,0.37681159420289856,0.43243243243243246,0.0556208382295339,45,29
139919,Denmark,+055:+009,0.358974358974359,0.45,0.09102564102564104,18,22
142087,Denmark,+054:+009,0.26666666666666666,0.29411764705882354,0.027450980392156876,11,23
143059,Denmark,+055:+009,0.45,0.4,-0.04999999999999999,21,14
144016,Denmark,+054:+009,0.3125,0.5925925925925926,0.28009259259259256,12,15
148506,Denmark,+055:+009,0.2857142857142857,0.45454545454545453,0.16883116883116883,7,15
149046,Denmark,+054:+009,0.5517241379310345,0.6666666666666666,0.11494252873563215,10,14
149316,Denmark,+054:+009,0.4,0.5454545454545454,0.1454545454545454,9,13
151334,Denmark,+055:+009,0.06666666666666667,0.05405405405405406,-0.012612612612612609,7,30
151722,Denmark,+055:+009,0.22857142857142856,0.24242424242424243,0.013852813852813867,12,21
153400,France,+044:+006,0.23255813953488372,0.2553191489361702,0.022761009401286475,23,24
155123,Denmark,+054:+009,0.21428571428571427,0.46153846153846156,0.2472527472527473,9,17
157575,Italy,+042:+015,0.09523809523809523,0.09523809523809523,0.0,3,18
158315,Denmark,+055:+009,0.13636363636363635,0.22727272727272727,0.09090909090909091,21,23
159106,Denmark,+055:+009,0.41025641025641024,0.42105263157894735,0.010796221322537103,20,18
164881,France,+044:+006,0.42105263157894735,0.4383561643835616,0.017303532804614274,33,40
166141,Denmark,+055:+009,0.4444444444444444,0.5238095238095238,0.07936507936507942,25,17
170361,Denmark,+055:+009,0.43902439024390244,0.4888888888888889,0.04986449864498643,20,25
171392,Denmark,+055:+009,0.36363636363636365,0.4,0.036363636363636376,14,16
171527,France,+043:+007,0.3548387096774194,0.4067796610169492,0.051940951339529806,41,18
172148,Denmark,+054:+009,0.47058823529411764,0.4827586206896552,0.012170385395537553,19,10
172564,Denmark,+055:+009,0.4,0.4,0.0,7,13
173650,Denmark,+055:+009,0.42105263157894735,0.3157894736842105,-0.10526315789473684,17,21
177033,France,+042:+000,0.2857142857142857,0.15384615384615385,-0.13186813186813184,7,32
179177,Slovenia,+046:+013,0.0,0.0,0.0,5,15
181175,Denmark,+055:+009,0.21052631578947367,0.3684210526315789,0.15789473684210525,16,22
181913,Denmark,+055:+009,0.16216216216216217,0.26666666666666666,0.10450450450450449,20,10
182000,Denmark,+055:+009,0.21428571428571427,0.18181818181818182,-0.03246753246753245,37,18
185259,France,+046:+006,0.5365853658536586,0.5934065934065934,0.05682122755293484,58,33
187007,Denmark,+055:+009,0.23255813953488372,0.2727272727272727,0.04016913319238899,18,26
188165,France,+043:+000,0.5652173913043478,0.4878048780487805,-0.0774125132555673,27,14
188928,Denmark,+055:+009,0.2608695652173913,0.2222222222222222,-0.03864734299516909,8,10
191238,France,+043:+000,0.6046511627906976,0.717948717948718,0.11329755515802031,18,21
191789,Denmark,+055:+009,0.45161290322580644,0.5,0.04838709677419356,10,18
191870,Italy,+040:+013,0.11764705882352941,0.2222222222222222,0.1045751633986928,18,18
192626,Denmark,+054:+009,0.30303030303030304,0.3225806451612903,0.019550342130987275,9,22
193865,Denmark,+055:+009,0.25925925925925924,0.1,-0.15925925925925924,34,26
194131,Denmark,+055:+009,0.3157894736842105,0.3333333333333333,0.017543859649122806,21,21
196072,Denmark,+054:+009,0.4166666666666667,0.6363636363636364,0.21969696969696967,9,13
196793,Germany,+054:+009,0.2,0.23076923076923078,0.03076923076923077,10,16
197884,Denmark,+055:+009,0.35294117647058826,0.5333333333333333,0.18039215686274507,15,15
198178,Denmark,+055:+009,0.25806451612903225,0.25806451612903225,0.0,11,20
198539,Denmark,+055:+009,0.1875,0.27586206896551724,0.08836206896551724,6,23
199818,Denmark,+055:+009,0.35,0.4,0.050000000000000044,15,25
199939,France,+043:+007,0.1568627450980392,0.17543859649122806,0.018575851393188847,29,28
200091,Denmark,+055:+009,0.3333333333333333,0.25,-0.08333333333333331,12,12
200631,Denmark,+055:+009,0.25806451612903225,0.32,0.061935483870967756,13,12
201616,Denmark,+055:+009,0.2777777777777778,0.24242424242424243,-0.03535353535353536,16,17
203701,Denmark,+055:+009,0.27906976744186046,0.358974358974359,0.07990459153249851,19,20
204188,France,+042:+000,0.044444444444444446,0.08163265306122448,0.03718820861678004,24,25
204867,France,+046:+006,0.5671641791044776,0.6842105263157895,0.11704634721131191,40,36
205501,France,+043:+007,0.43636363636363634,0.43137254901960786,-0.0049910873440284775,27,24
206704,France,+044:+006,0.23255813953488372,0.2033898305084746,-0.029168309026409128,20,39
206913,France,+044:-001,0.5454545454545454,0.7407407407407407,0.19528619528619529,17,10
207905,Denmark,+055:+009,0.43478260869565216,0.4444444444444444,0.009661835748792258,5,13
209818,Denmark,+055:+009,0.4090909090909091,0.35,-0.05909090909090914,21,19
210472,Denmark,+055:+009,0.34782608695652173,0.5882352941176471,0.24040920716112535,7,10
212056,France,+044:+006,0.11764705882352941,0.0,-0.11764705882352941,10,40
212288,France,+043:+007,0.46808510638297873,0.5777777777777777,0.10969267139479899,23,22
212882,Denmark,+055:+009,0.4,0.6153846153846154,0.2153846153846154,11,15
216308,Poland,+054:+017,0.5,0.3333333333333333,-0.16666666666666669,20,34
216326,Denmark,+054:+009,0.06451612903225806,0.0625,-0.0020161290322580627,14,18
219725,Denmark,+055:+009,0.4878048780487805,0.56,0.07219512195121958,19,31
221407,Denmark,+055:+009,0.5161290322580645,0.42857142857142855,-0.08755760368663595,14,14
223536,Denmark,+054:+009,0.45714285714285713,0.38461538461538464,-0.07252747252747249,12,14
223540,Denmark,+055:+009,0.5,0.48,-0.020000000000000018,11,14
223873,France,+044:+006,0.19607843137254902,0.18461538461538463,-0.011463046757164391,28,37
224224,Denmark,+055:+009,0.45,0.5581395348837209,0.10813953488372091,22,21
224976,Denmark,+055:+009,0.358974358974359,0.27906976744186046,-0.07990459153249851,19,24
227268,Denmark,+055:+009,0.2857142857142857,0.5454545454545454,0.2597402597402597,10,12
230330,Denmark,+054:+009,0.47058823529411764,0.45161290322580644,-0.0189753320683112,17,14
231100,Denmark,+055:+009,0.5789473684210527,0.5454545454545454,-0.03349282296650724,15,18
231214,Denmark,+055:+009,0.39285714285714285,0.45614035087719296,0.06328320802005011,32,25
232853,Denmark,+055:+009,0.2,0.3125,0.11249999999999999,10,22
232957,Slovenia,+046:+013,0.06818181818181818,0.24719101123595505,0.17900919305413687,56,33
234886,France,+044:-001,0.5454545454545454,0.75,0.20454545454545459,6,10
235852,France,+043:+007,0.04878048780487805,0.05263157894736842,0.0038510911424903677,18,20
237465,Italy,+042:+015,0.15384615384615385,0.16666666666666666,0.012820512820512803,6,18
238223,Germany,+054:+009,0.5517241379310345,0.6086956521739131,0.05697151424287861,13,10
239285,Denmark,+054:+009,0.4375,0.5714285714285714,0.1339285714285714,17,18
240101,Italy,+042:+015,0.0,0.0,0.0,5,17
245217,Denmark,+055:+009,0.4482758620689655,0.509090909090909,0.060815047021943514,32,23
245262,France,+044:-001,0.34285714285714286,0.35294117647058826,0.010084033613445398,10,24
247279,Denmark,+054:+009,0.2857142857142857,0.4166666666666667,0.130952380952381,12,12
248373,Denmark,+054:+009,0.46153846153846156,0.5,0.038461538461538436,8,20
254704,Denmark,+055:+009,0.18181818181818182,0.3111111111111111,0.1292929292929293,18,27
255241,Denmark,+055:+009,0.17647058823529413,0.4666666666666667,0.2901960784313725,10,20
255771,Denmark,+055:+009,0.0,0.0,0.0,7,21
256107,Italy,+042:+015,0.0,0.0,0.0,2,17
258281,Slovenia,+046:+013,0.24242424242424243,0.125,-0.11742424242424243,14,18
258425,Denmark,+055:+009,0.38095238095238093,0.5,0.11904761904761907,22,26
263776,Denmark,+054:+009,0.5384615384615384,0.7368421052631579,0.19838056680161942,11,8
265633,France,+043:+000,0.5142857142857142,0.5714285714285714,0.05714285714285716,13,22
267493,France,+043:+000,0.3902439024390244,0.425531914893617,0.03528801245459262,21,26
268915,Denmark,+055:+009,0.5106382978723404,0.5714285714285714,0.06079027355623101,19,23
270151,Denmark,+054:+009,0.4,0.18181818181818182,-0.2181818181818182,6,16
271343,Denmark,+055:+009,0.32,0.5555555555555556,0.23555555555555557,8,10
274404,Denmark,+054:+009,0.07407407407407407,0.06451612903225806,-0.009557945041816007,8,23
274489,Denmark,+055:+009,0.37037037037037035,0.3333333333333333,-0.037037037037037035,7,17
277114,Denmark,+055:+009,0.5517241379310345,0.5833333333333334,0.031609195402298895,11,13
281207,Italy,+042:+015,0.21428571428571427,0.25806451612903225,0.04377880184331798,9,22
282257,Denmark,+055:+009,0.5714285714285714,0.5625,-0.008928571428571397,13,19
282942,Denmark,+055:+009,0.2564102564102564,0.41025641025641024,0.15384615384615385,19,20
283883,Denmark,+055:+009,0.19047619047619047,0.2564102564102564,0.06593406593406592,18,21
285522,Slovenia,+046:+013,0.13333333333333333,0.06666666666666667,-0.06666666666666667,11,19
286960,Denmark,+054:+009,0.5454545454545454,0.5,-0.045454545454545414,7,13
287966,Denmark,+055:+009,0.27586206896551724,0.11428571428571428,-0.16157635467980297,7,28
289509,Denmark,+054:+009,0.3076923076923077,0.3902439024390244,0.0825515947467167,19,22
291218,Denmark,+055:+009,0.3333333333333333,0.4727272727272727,0.1393939393939394,33,22
291320,Denmark,+055:+009,0.4,0.35,-0.050000000000000044,25,15
292625,Denmark,+054:+009,0.4,0.6,0.19999999999999996,10,10
302463,Denmark,+054:+009,0.4090909090909091,0.4,-0.009090909090909094,22,18
304567,Denmark,+055:+009,0.4117647058823529,0.30303030303030304,-0.10873440285204988,13,20
304941,France,+043:+000,0.5,0.6122448979591837,0.11224489795918369,22,27
305611,Denmark,+054:+009,0.375,0.24242424242424243,-0.13257575757575757,11,22
308175,Italy,+042:+015,0.23076923076923078,0.4444444444444444,0.21367521367521364,8,19
313795,Denmark,+055:+009,0.46153846153846156,0.42105263157894735,-0.04048582995951422,10,9
316818,Denmark,+055:+009,0.4090909090909091,0.2564102564102564,-0.15268065268065273,22,17
318699,Denmark,+055:+009,0.6086956521739131,0.47619047619047616,-0.13250517598343692,20,22
319112,Denmark,+054:+009,0.35714285714285715,0.5,0.14285714285714285,11,13
320779,Denmark,+055:+009,0.12121212121212122,0.06666666666666667,-0.05454545454545455,16,14
321300,Denmark,+055:+009,0.3404255319148936,0.2926829268292683,-0.047742605085625334,21,20
323316,Denmark,+055:+009,0.47368421052631576,0.4,-0.07368421052631574,15,15
324012,Denmark,+054:+009,0.2777777777777778,0.24242424242424243,-0.03535353535353536,16,17
326291,Denmark,+054:+009,0.2962962962962963,0.4444444444444444,0.14814814814814814,9,18
326442,Denmark,+054:+009,0.38095238095238093,0.45454545454545453,0.0735930735930736,7,15
328000,Denmark,+055:+009,0.35,0.5128205128205128,0.1628205128205128,18,21
329790,Denmark,+055:+009,0.391304347826087,0.36,-0.03130434782608699,24,26
331966,Slovenia,+046:+013,0.21428571428571427,0.2978723404255319,0.08358662613981763,56,38
332925,Denmark,+054:+009,0.3,0.3333333333333333,0.033333333333333326,6,18
333276,Denmark,+055:+009,0.5161290322580645,0.43478260869565216,-0.08134642356241234,12,11
334082,Denmark,+055:+009,0.18181818181818182,0.07407407407407407,-0.10774410774410775,12,15
334406,Denmark,+054:+009,0.43478260869565216,0.48,0.04521739130434782,9,16
336104,Denmark,+054:+009,0.7407407407407407,0.8,0.059259259259259345,11,14
338239,Denmark,+055:+009,0.07142857142857142,0.1935483870967742,0.12211981566820276,10,21
339984,Denmark,+054:+009,0.13793103448275862,0.3333333333333333,0.1954022988505747,10,20
340185,Denmark,+054:+009,0.42424242424242425,0.5625,0.13825757575757575,18,14
340429,France,+044:+000,0.5384615384615384,0.7368421052631579,0.19838056680161942,7,12
341727,Denmark,+055:+009,0.22857142857142856,0.125,-0.10357142857142856,16,16
342164,France,+044:-001,0.6153846153846154,0.9,0.2846153846153846,9,11
343337,Germany,+054:+009,0.42857142857142855,0.48,0.051428571428571435,10,15
344486,France,+043:+000,0.5185185185185185,0.4406779661016949,-0.07784055241682358,32,27
344964,Denmark,+055:+009,0.631578947368421,0.48484848484848486,-0.14673046251993616,18,15
345022,Denmark,+055:+009,0.3333333333333333,0.3,-0.033333333333333326,6,14
345365,Denmark,+055:+009,0.16666666666666666,0.2727272727272727,0.10606060606060605,4,18
346478,Denmark,+055:+009,0.7619047619047619,0.7,-0.06190476190476191,8,12
348937,Denmark,+055:+009,0.4666666666666667,0.5714285714285714,0.10476190476190472,12,16
352368,Slovakia,+048:+018,0.1,0.05194805194805195,-0.048051948051948054,37,40
352990,Denmark,+054:+009,0.38461538461538464,0.36363636363636365,-0.02097902097902099,7,15
354844,Denmark,+055:+009,0.4,0.3548387096774194,-0.04516129032258065,35,27
357252,Denmark,+055:+009,0.3783783783783784,0.36363636363636365,-0.014742014742014753,20,13
358270,France,+043:+000,0.5161290322580645,0.5230769230769231,0.006947890818858604,39,26
359136,Denmark,+055:+009,0.07407407407407407,0.07692307692307693,0.0028490028490028574,7,19
360205,Denmark,+055:+009,0.55,0.6666666666666666,0.11666666666666659,18,21
364854,Denmark,+055:+009,0.4864864864864865,0.5333333333333333,0.04684684684684681,15,15
365576,Denmark,+055:+009,0.16666666666666666,0.2222222222222222,0.05555555555555555,11,25
366587,Denmark,+055:+009,0.4444444444444444,0.42105263157894735,-0.023391812865497075,15,23
366992,Denmark,+055:+009,0.5641025641025641,0.5,-0.0641025641025641,13,27
367366,Denmark,+055:+009,0.27906976744186046,0.5365853658536586,0.2575155984117981,21,20
368332,France,+044:+006,0.22727272727272727,0.1276595744680851,-0.09961315280464217,20,27
368869,Denmark,+055:+009,0.39285714285714285,0.32727272727272727,-0.06558441558441558,38,17
370140,Denmark,+055:+009,0.0,0.1935483870967742,0.1935483870967742,10,21
370171,Denmark,+055:+009,0.44,0.52,0.08000000000000002,26,24
372490,France,+044:-001,0.4166666666666667,0.6666666666666666,0.24999999999999994,9,12
373723,Slovenia,+046:+013,0.17647058823529413,0.13793103448275862,-0.03853955375253551,15,14
373955,Denmark,+055:+009,0.30303030303030304,0.21428571428571427,-0.08874458874458876,9,19
378261,Denmark,+054:+009,0.0625,0.13333333333333333,0.07083333333333333,10,20
379698,Denmark,+055:+009,0.2,0.2222222222222222,0.0222222222222222,8,28
380245,Denmark,+055:+009,0.4,0.2962962962962963,-0.10370370370370374,8,19
381041,Denmark,+055:+009,0.19047619047619047,0.11764705882352941,-0.07282913165266106,4,13
382389,Denmark,+055:+009,0.45,0.5142857142857142,0.06428571428571422,15,20
386649,Denmark,+055:+009,0.5714285714285714,0.4583333333333333,-0.11309523809523808,31,17
386988,Denmark,+055:+009,0.4230769230769231,0.375,-0.04807692307692307,29,19
389169,Denmark,+055:+009,0.3333333333333333,0.30303030303030304,-0.030303030303030276,18,15
389362,Denmark,+054:+009,0.3888888888888889,0.3902439024390244,0.0013550135501355087,18,23
389812,France,+044:+006,0.15789473684210525,0.12244897959183673,-0.03544575725026852,15,34
391249,Denmark,+055:+009,0.43243243243243246,0.5294117647058824,0.0969793322734499,21,13
393942,France,+044:-001,0.64,0.8,0.16000000000000003,10,10
395510,Germany,+054:+009,0.2727272727272727,0.5333333333333333,0.2606060606060606,4,11
395831,Denmark,+055:+009,0.2,0.1935483870967742,-0.006451612903225823,6,25
395975,Denmark,+055:+009,0.4,0.25806451612903225,-0.14193548387096777,9,22
396754,Denmark,+055:+009,0.3157894736842105,0.3333333333333333,0.017543859649122806,23,13
397776,Denmark,+055:+009,0.45714285714285713,0.4444444444444444,-0.012698412698412709,14,22
400234,Denmark,+055:+009,0.46153846153846156,0.5454545454545454,0.08391608391608385,14,19
405853,Denmark,+055:+009,0.29411764705882354,0.5806451612903226,0.2865275142314991,18,13
407698,France,+043:+007,0.17391304347826086,0.16,-0.013913043478260861,48,27
408053,Denmark,+055:+009,0.5365853658536586,0.3888888888888889,-0.14769647696476967,18,18
409492,Denmark,+055:+009,0.2,0.21621621621621623,0.016216216216216217,17,20
410493,Denmark,+055:+009,0.17142857142857143,0.3125,0.14107142857142857,11,21
411466,Denmark,+054:+009,0.4827586206896552,0.3333333333333333,-0.14942528735632188,10,20
411907,France,+046:+006,0.46511627906976744,0.5625,0.09738372093023256,56,40
414490,Denmark,+054:+009,0.6086956521739131,0.6086956521739131,0.0,8,15
417597,France,+043:+007,0.10810810810810811,0.15384615384615385,0.04573804573804574,14,25
418199,Denmark,+055:+009,0.22857142857142856,0.2564102564102564,0.027838827838827823,13,26
421773,Denmark,+055:+009,0.36363636363636365,0.3870967741935484,0.02346041055718473,10,21
422391,Denmark,+055:+009,0.15384615384615385,0.08333333333333333,-0.07051282051282053,11,13
423281,Denmark,+055:+009,0.5833333333333334,0.5416666666666666,-0.04166666666666674,23,25
424104,Denmark,+055:+009,0.07692307692307693,0.22857142857142856,0.15164835164835164,8,27
424403,Denmark,+055:+009,0.30303030303030304,0.2857142857142857,-0.01731601731601734,14,21
425866,Denmark,+055:+009,0.3783783783783784,0.4,0.021621621621621623,14,21
426813,Denmark,+055:+009,0.4827586206896552,0.5454545454545454,0.06269592476489022,10,12
428382,France,+044:-001,0.4,0.5384615384615384,0.1384615384615384,9,17
430736,Denmark,+054:+009,0.2857142857142857,0.4444444444444444,0.15873015873015872,6,12
432642,Denmark,+055:+009,0.5,0.5789473684210527,0.07894736842105265,18,20
433507,France,+044:-001,0.5,0.6666666666666666,0.16666666666666663,7,11
433550,France,+043:+007,0.18867924528301888,0.23076923076923078,0.0420899854862119,33,19
435524,Denmark,+055:+009,0.4,0.45714285714285713,0.057142857142857106,12,23
437152,France,+044:-001,0.4444444444444444,0.5833333333333334,0.13888888888888895,9,15
437166,Denmark,+054:+009,0.25,0.18181818181818182,-0.06818181818181818,18,26
439413,France,+044:+000,0.45,0.5116279069767442,0.061627906976744196,16,27
441226,Denmark,+055:+009,0.5,0.47368421052631576,-0.026315789473684237,20,18
443019,Denmark,+055:+009,0.4827586206896552,0.5217391304347826,0.0389805097451274,14,9
443687,France,+044:-001,0.5,0.5882352941176471,0.08823529411764708,5,12
445348,Denmark,+055:+009,0.22857142857142856,0.3333333333333333,0.10476190476190475,16,20
449034,Denmark,+054:+009,0.4117647058823529,0.4444444444444444,0.0326797385620915,14,13
450994,Denmark,+055:+009,0.4,0.3870967741935484,-0.012903225806451646,7,24
451197,Denmark,+055:+009,0.34285714285714286,0.1875,-0.15535714285714286,11,21
455802,France,+044:-001,0.56,0.8,0.24,9,11
456493,Denmark,+055:+009,0.5714285714285714,0.5238095238095238,-0.04761904761904756,20,22
456741,Denmark,+055:+009,0.5,0.47058823529411764,-0.02941176470588236,14,20
456832,Denmark,+054:+009,0.4,0.45161290322580644,0.05161290322580642,14,17
463710,Italy,+042:+015,0.08333333333333333,0.07692307692307693,-0.006410256410256401,3,23
466426,Denmark,+054:+009,0.25,0.3333333333333333,0.08333333333333331,9,15
466777,Denmark,+055:+009,0.19047619047619047,0.18604651162790697,-0.0044296788482834915,18,25
466958,Denmark,+055:+009,0.46153846153846156,0.5217391304347826,0.06020066889632103,9,14
469395,Denmark,+055:+009,0.5384615384615384,0.46153846153846156,-0.07692307692307687,8,18
471263,Denmark,+055:+009,0.06060606060606061,0.1875,0.1268939393939394,8,24
471755,Denmark,+055:+009,0.34782608695652173,0.2608695652173913,-0.08695652173913043,5,18
472008,Denmark,+055:+009,0.2857142857142857,0.27586206896551724,-0.009852216748768461,10,19
472337,Denmark,+054:+009,0.2962962962962963,0.56,0.2637037037037038,10,15
479182,Italy,+042:+015,0.0,0.0,0.0,2,16
479452,Denmark,+055:+009,0.375,0.4375,0.0625,9,23
480095,Denmark,+054:+009,0.35714285714285715,0.6363636363636364,0.2792207792207792,11,11
480332,Denmark,+054:+009,0.24,0.24,0.0,6,19
480537,France,+043:+000,0.4,0.42424242424242425,0.024242424242424232,12,21
480542,Poland,+051:+016,0.12,0.031746031746031744,-0.08825396825396825,23,40
483899,France,+043:+007,0.07017543859649122,0.1,0.02982456140350878,38,22
483958,Slovenia,+046:+013,0.2153846153846154,0.3333333333333333,0.11794871794871792,37,35
484144,Denmark,+055:+009,0.4666666666666667,0.41379310344827586,-0.05287356321839082,10,19
484325,Italy,+040:+013,0.23529411764705882,0.2777777777777778,0.04248366013071897,16,20
484841,France,+043:+000,0.6285714285714286,0.6190476190476191,-0.00952380952380949,15,27
485612,Denmark,+054:+009,0.35714285714285715,0.4,0.04285714285714287,10,15
485649,Denmark,+055:+009,0.42105263157894735,0.46153846153846156,0.04048582995951422,5,8
485936,Denmark,+055:+009,0.3870967741935484,0.4666666666666667,0.0795698924731183,11,19
486952,Denmark,+055:+009,0.2702702702702703,0.25,-0.020270270270270285,16,24
487208,Denmark,+055:+009,0.3157894736842105,0.3870967741935484,0.07130730050933787,19,12
487371,Denmark,+055:+009,0.43243243243243246,0.45161290322580644,0.019180470793373983,13,18
487537,France,+043:+007,0.0,0.0,0.0,19,19
488209,Denmark,+055:+009,0.47368421052631576,0.4878048780487805,0.014120667522464714,17,24
488305,Denmark,+055:+009,0.38095238095238093,0.2702702702702703,-0.11068211068211065,26,11
488860,Denmark,+055:+009,0.46153846153846156,0.4528301886792453,-0.00870827285921627,32,21
489785,Denmark,+055:+009,0.25806451612903225,0.3076923076923077,0.04962779156327546,7,19
495466,Denmark,+055:+009,0.4878048780487805,0.5,0.012195121951219523,18,22
495564,Denmark,+055:+009,0.2857142857142857,0.29411764705882354,0.00840336134453784,10,24
500225,Denmark,+055:+009,0.3888888888888889,0.4,0.011111111111111127,17,18
501586,Denmark,+055:+009,0.25806451612903225,0.06666666666666667,-0.1913978494623656,11,19
501834,Denmark,+055:+009,0.2,0.10526315789473684,-0.09473684210526317,17,21
502899,Denmark,+054:+009,0.2553191489361702,0.13636363636363635,-0.11895551257253384,27,17
504139,Denmark,+054:+009,0.26666666666666666,0.2962962962962963,0.029629629629629617,6,21
505612,Denmark,+055:+009,0.25,0.34782608695652173,0.09782608695652173,5,18
507712,Denmark,+055:+009,0.1935483870967742,0.2,0.006451612903225823,10,20
508273,Denmark,+055:+009,0.5263157894736842,0.6206896551724138,0.09437386569872963,16,13
508732,Denmark,+055:+009,0.35294117647058826,0.3333333333333333,-0.019607843137254943,10,20
510535,Denmark,+055:+009,0.3448275862068966,0.3225806451612903,-0.02224694104560626,9,22
510598,Denmark,+055:+009,0.3333333333333333,0.5365853658536586,0.20325203252032525,18,23
511668,Denmark,+055:+009,0.2631578947368421,0.42424242424242425,0.16108452950558216,22,11
514559,Denmark,+055:+009,0.358974358974359,0.5,0.14102564102564102,18,22
515983,Italy,+042:+015,0.18604651162790697,0.32558139534883723,0.13953488372093026,24,19
517199,Denmark,+055:+009,0.3448275862068966,0.38461538461538464,0.03978779840848806,7,19
517325,Denmark,+054:+009,0.4888888888888889,0.5853658536585366,0.09647696476964768,23,18
517744,Denmark,+054:+009,0.0,0.05714285714285714,0.05714285714285714,10,25
519503,Poland,+054:+017,0.5,0.17391304347826086,-0.32608695652173914,10,13
520620,Denmark,+054:+009,0.2926829268292683,0.3111111111111111,0.01842818428184284,22,23
521266,Denmark,+055:+009,0.44,0.39215686274509803,-0.04784313725490197,25,26
523933,Denmark,+055:+009,0.18181818181818182,0.23529411764705882,0.053475935828877,4,13
527511,Denmark,+055:+009,0.5161290322580645,0.6285714285714286,0.11244239631336406,16,19
528194,Denmark,+055:+009,0.05,0.0975609756097561,0.0475609756097561,18,23
528926,France,+044:-001,0.36363636363636365,0.5882352941176471,0.22459893048128343,6,11
536068,Denmark,+055:+009,0.2,0.2,0.0,11,19
537167,Denmark,+055:+009,0.3333333333333333,0.45454545454545453,0.12121212121212122,9,13
537398,Denmark,+054:+009,0.5185185185185185,0.6956521739130435,0.17713365539452497,12,11
538507,Denmark,+054:+009,0.5454545454545454,0.6666666666666666,0.12121212121212122,8,10
541747,Denmark,+054:+009,0.16,0.18181818181818182,0.02181818181818182,8,14
543462,Denmark,+055:+009,0.14814814814814814,0.20689655172413793,0.05874840357598979,6,23
545764,France,+046:+006,0.5,0.6285714285714286,0.12857142857142856,33,37
546473,Slovenia,+046:+013,0.2857142857142857,0.3611111111111111,0.0753968253968254,32,40
546525,Switzerland,+046:+006,0.4158415841584158,0.38,-0.03584158415841582,69,31
547638,Denmark,+055:+009,0.3076923076923077,0.42105263157894735,0.11336032388663964,7,12
548733,Denmark,+055:+009,0.2916666666666667,0.23255813953488372,-0.05910852713178297,30,13
550551,Denmark,+055:+009,0.358974358974359,0.43243243243243246,0.07345807345807348,17,20
550810,Germany,+054:+009,0.625,0.6153846153846154,-0.009615384615384581,14,12
552720,Denmark,+055:+009,0.36363636363636365,0.30434782608695654,-0.059288537549407105,25,21
553421,Denmark,+054:+009,0.42424242424242425,0.42424242424242425,0.0,16,17
553648,Denmark,+054:+009,0.23076923076923078,0.23076923076923078,0.0,7,19
554682,Italy,+042:+015,0.13333333333333333,0.13793103448275862,0.004597701149425287,9,20
554936,Denmark,+055:+009,0.42857142857142855,0.35294117647058826,-0.07563025210084029,30,21
557851,Slovenia,+046:+013,0.14285714285714285,0.16,0.017142857142857154,10,40
558027,Denmark,+055:+009,0.36363636363636365,0.45714285714285713,0.09350649350649348,11,24
558271,Denmark,+054:+009,0.29411764705882354,0.3870967741935484,0.09297912713472484,14,17
559115,Denmark,+055:+009,0.6363636363636364,0.625,-0.011363636363636354,8,8
567277,Denmark,+054:+009,0.2857142857142857,0.2777777777777778,-0.007936507936507908,16,20
568214,Italy,+042:+015,0.0,0.0,0.0,4,17
568397,France,+043:+007,0.4489795918367347,0.45901639344262296,0.010036801605888268,26,35
569363,Denmark,+055:+009,0.2857142857142857,0.23529411764705882,-0.05042016806722688,12,22
570288,Denmark,+055:+009,0.4166666666666667,0.5555555555555556,0.1388888888888889,7,11
574082,Denmark,+055:+009,0.2702702702702703,0.2777777777777778,0.007507507507507505,17,19
574117,Denmark,+054:+009,0.5333333333333333,0.3225806451612903,-0.210752688172043,13,18
575372,Poland,+054:+017,0.4897959183673469,0.41509433962264153,-0.0747015787447054,25,28
575715,Denmark,+055:+009,0.42424242424242425,0.3888888888888889,-0.03535353535353536,10,26
577667,Denmark,+054:+009,0.5294117647058824,0.48484848484848486,-0.0445632798573975,14,19
581322,Denmark,+054:+009,0.06896551724137931,0.23529411764705882,0.1663286004056795,9,25
582250,Germany,+054:+009,0.07407407407407407,0.07692307692307693,0.0028490028490028574,5,21
582321,Denmark,+055:+009,0.46808510638297873,0.4166666666666667,-0.05141843971631205,23,25
583745,Italy,+040:+013,0.24,0.17647058823529413,-0.06352941176470586,8,26
583903,Denmark,+054:+009,0.25806451612903225,0.20689655172413793,-0.05116796440489432,11,18
586664,Denmark,+055:+009,0.4,0.3888888888888889,-0.011111111111111127,18,18
587260,Denmark,+055:+009,0.2702702702702703,0.2777777777777778,0.007507507507507505,21,15
587980,France,+044:+006,0.2727272727272727,0.2608695652173913,-0.01185770750988141,21,25
588759,France,+044:-001,0.42105263157894735,0.4444444444444444,0.023391812865497075,4,14
589076,Denmark,+054:+009,0.391304347826087,0.5116279069767442,0.12032355915065723,23,20
591543,Italy,+042:+015,0.0,0.1,0.1,3,17
593238,Denmark,+055:+009,0.24242424242424243,0.2857142857142857,0.04329004329004327,14,28
593441,Denmark,+055:+009,0.5454545454545454,0.45161290322580644,-0.09384164222873898,15,16
593450,Denmark,+055:+009,0.0,0.0,0.0,3,16
593540,Denmark,+054:+009,0.4166666666666667,0.32,-0.09666666666666668,27,23
594344,Denmark,+055:+009,0.45161290322580644,0.631578947368421,0.17996604414261458,10,9
595191,Denmark,+054:+009,0.5454545454545454,0.5,-0.045454545454545414,8,12
599313,Denmark,+054:+009,0.3125,0.6666666666666666,0.35416666666666663,15,12
600516,Denmark,+055:+009,0.2909090909090909,0.43137254901960786,0.14046345811051697,35,16
602019,Italy,+042:+015,0.08695652173913043,0.08333333333333333,-0.0036231884057971037,4,20
603388,Denmark,+055:+009,0.4,0.3870967741935484,-0.012903225806451646,17,14
607557,Denmark,+055:+009,0.25,0.3448275862068966,0.09482758620689657,8,21
607967,Denmark,+055:+009,0.2857142857142857,0.2222222222222222,-0.06349206349206349,25,11
608500,Denmark,+054:+009,0.2,0.36363636363636365,0.16363636363636364,9,24
608720,Denmark,+055:+009,0.2,0.34285714285714286,0.14285714285714285,16,19
610339,France,+044:+006,0.12903225806451613,0.17391304347826086,0.04488078541374474,6,40
610718,Denmark,+055:+009,0.6060606060606061,0.6,-0.0060606060606061,14,16
611309,Denmark,+054:+009,0.2,0.27586206896551724,0.07586206896551723,11,18
613460,Germany,+054:+009,0.45714285714285713,0.5,0.04285714285714287,16,12
617781,France,+043:+007,0.0,0.0,0.0,15,21
621391,Denmark,+055:+009,0.2857142857142857,0.26666666666666666,-0.019047619047619035,11,19
621538,Denmark,+055:+009,0.05128205128205128,0.10810810810810811,0.056826056826056834,23,14
623079,Denmark,+055:+009,0.5,0.46153846153846156,-0.038461538461538436,22,17
627962,Denmark,+054:+009,0.5185185185185185,0.5454545454545454,0.026936026936026924,9,13
627992,France,+043:+000,0.4375,0.5,0.0625,13,27
629714,Denmark,+055:+009,0.1935483870967742,0.35294117647058826,0.15939278937381407,8,26
629892,Denmark,+055:+009,0.42857142857142855,0.36363636363636365,-0.0649350649350649,13,9
629925,Denmark,+055:+009,0.48484848484848486,0.4,-0.08484848484848484,17,13
631223,Denmark,+054:+009,0.27586206896551724,0.5833333333333334,0.30747126436781613,11,13
634715,Denmark,+054:+009,0.16666666666666666,0.14285714285714285,-0.023809523809523808,17,25
635445,Denmark,+054:+009,0.3333333333333333,0.4,0.06666666666666671,10,15
637947,France,+043:+000,0.2711864406779661,0.3333333333333333,0.062146892655367214,39,33
642473,France,+044:+006,0.4,0.46153846153846156,0.06153846153846154,17,22
642640,Denmark,+055:+009,0.46153846153846156,0.5625,0.10096153846153844,21,11
643030,Denmark,+055:+009,0.2962962962962963,0.2962962962962963,0.0,10,17
647233,Denmark,+055:+009,0.5106382978723404,0.5416666666666666,0.031028368794326244,21,27
650114,Denmark,+054:+009,0.3448275862068966,0.56,0.21517241379310348,11,14
651291,Denmark,+055:+009,0.47058823529411764,0.4375,-0.03308823529411764,13,19
656082,Denmark,+055:+009,0.125,0.17142857142857143,0.04642857142857143,10,25
659219,Italy,+040:+013,0.2857142857142857,0.23076923076923078,-0.054945054945054916,3,23
659305,Denmark,+055:+009,0.4444444444444444,0.47058823529411764,0.02614379084967322,15,19
661927,Denmark,+055:+009,0.42857142857142855,0.43478260869565216,0.006211180124223614,15,8
663884,Poland,+054:+017,0.4727272727272727,0.4827586206896552,0.010031347962382475,34,24
663989,Denmark,+055:+009,0.2702702702702703,0.38095238095238093,0.11068211068211065,18,24
665494,Denmark,+055:+009,0.5,0.5294117647058824,0.02941176470588236,13,21
665664,Denmark,+055:+009,0.3684210526315789,0.358974358974359,-0.009446693657219951,19,20
670264,Denmark,+055:+009,0.4666666666666667,0.45161290322580644,-0.015053763440860235,36,26
673531,Italy,+042:+015,0.09523809523809523,0.10526315789473684,0.010025062656641603,3,16
673692,Denmark,+055:+009,0.42857142857142855,0.4444444444444444,0.015873015873015872,19,26
674192,Denmark,+055:+009,0.42857142857142855,0.41025641025641024,-0.018315018315018305,19,20
674609,Denmark,+054:+009,0.5405405405405406,0.3902439024390244,-0.15029663810151617,21,20
676195,Denmark,+055:+009,0.30303030303030304,0.21052631578947367,-0.09250398724082937,13,25
676985,Denmark,+055:+009,0.47619047619047616,0.6285714285714286,0.1523809523809524,18,17
679478,Denmark,+055:+009,0.3076923076923077,0.2727272727272727,-0.034965034965035,6,16
680571,France,+043:+007,0.0,0.09090909090909091,0.09090909090909091,13,31
681420,Denmark,+055:+009,0.42424242424242425,0.5,0.07575757575757575,10,18
681589,Denmark,+055:+009,0.4,0.5306122448979592,0.1306122448979592,32,17
682664,Denmark,+054:+009,0.23076923076923078,0.3333333333333333,0.10256410256410253,8,16
683390,France,+044:+006,0.43478260869565216,0.3466666666666667,-0.08811594202898548,44,31
684446,Denmark,+054:+009,0.25806451612903225,0.23529411764705882,-0.02277039848197343,10,24
685002,Denmark,+055:+009,0.21621621621621623,0.17142857142857143,-0.0447876447876448,12,23
687178,Denmark,+055:+009,0.5161290322580645,0.64,0.12387096774193551,13,12
687251,Poland,+054:+017,0.46511627906976744,0.4,-0.06511627906976741,19,26
688411,France,+046:+000,0.36363636363636365,0.29411764705882354,-0.06951871657754011,10,24
688737,Denmark,+055:+009,0.12903225806451613,0.1111111111111111,-0.01792114695340502,13,23
689242,Germany,+054:+009,0.3157894736842105,0.4444444444444444,0.1286549707602339,15,21
689257,Denmark,+055:+009,0.2857142857142857,0.36363636363636365,0.07792207792207795,23,21
689950,Denmark,+054:+009,0.1875,0.2222222222222222,0.03472222222222221,10,17
690147,Denmark,+055:+009,0.48,0.32,-0.15999999999999998,10,15
693645,Denmark,+055:+009,0.3125,0.30303030303030304,-0.009469696969696961,12,21
694778,Denmark,+055:+009,0.46153846153846156,0.45,-0.011538461538461553,19,21
694913,Denmark,+055:+009,0.375,0.42424242424242425,0.049242424242424254,10,23
695563,Denmark,+054:+009,0.375,0.42857142857142855,0.05357142857142855,10,18
698074,Denmark,+054:+009,0.6428571428571429,0.7272727272727273,0.08441558441558439,13,9
698306,Denmark,+054:+009,0.47368421052631576,0.26666666666666666,-0.2070175438596491,14,16
701440,Denmark,+054:+009,0.48484848484848486,0.6,0.11515151515151512,17,13
701503,Italy,+042:+015,0.09523809523809523,0.19047619047619047,0.09523809523809523,4,17
702440,Denmark,+054:+009,0.2222222222222222,0.5217391304347826,0.2995169082125604,7,16
702920,Denmark,+055:+009,0.2916666666666667,0.38461538461538464,0.09294871794871795,23,29
706783,France,+044:-001,0.43478260869565216,0.34782608695652173,-0.08695652173913043,7,16
710072,France,+044:+006,0.15789473684210525,0.39215686274509803,0.23426212590299278,14,37
711991,Denmark,+055:+009,0.4827586206896552,0.5185185185185185,0.035759897828863296,10,17
715755,Denmark,+054:+009,0.07692307692307693,0.14814814814814814,0.07122507122507121,7,20
717913,Denmark,+055:+009,0.3157894736842105,0.42857142857142855,0.11278195488721804,6,8
717947,Denmark,+055:+009,0.27586206896551724,0.18181818181818182,-0.09404388714733541,14,8
722316,Denmark,+054:+009,0.0,0.0,0.0,15,15
723646,Denmark,+055:+009,0.27906976744186046,0.25,-0.02906976744186046,17,23
724488,Denmark,+055:+009,0.24489795918367346,0.18181818181818182,-0.06307977736549164,25,19
724615,Denmark,+055:+009,0.631578947368421,0.5625,-0.06907894736842102,16,16
728142,Denmark,+055:+009,0.2564102564102564,0.43243243243243246,0.17602217602217607,24,13
728834,Denmark,+055:+009,0.2702702702702703,0.18181818181818182,-0.08845208845208846,21,12
729311,Denmark,+055:+009,0.3783783783783784,0.2857142857142857,-0.0926640926640927,15,13
731436,Denmark,+055:+009,0.24,0.4,0.16000000000000003,10,15
736534,Denmark,+055:+009,0.18181818181818182,0.4444444444444444,0.2626262626262626,22,23
736588,Denmark,+054:+009,0.48484848484848486,0.27586206896551724,-0.20898641588296762,15,14
737916,Italy,+042:+015,0.0,0.0,0.0,1,17
738958,Denmark,+055:+009,0.425531914893617,0.4888888888888889,0.06335697399527185,22,23
739581,Norway,+059:+010,0.18181818181818182,0.1276595744680851,-0.05415860735009673,8,39
739806,Denmark,+055:+009,0.3181818181818182,0.43902439024390244,0.12084257206208426,25,16
740552,Denmark,+055:+009,0.5294117647058824,0.43902439024390244,-0.09038737446197992,13,28
740655,Denmark,+055:+009,0.42857142857142855,0.3829787234042553,-0.04559270516717323,20,27
741332,France,+044:+000,0.34146341463414637,0.42857142857142855,0.08710801393728218,16,26
742377,France,+044:-001,0.3157894736842105,0.4,0.08421052631578951,3,12
742933,Denmark,+055:+009,0.5384615384615384,0.7058823529411765,0.16742081447963808,7,10
743169,Denmark,+055:+009,0.38461538461538464,0.38461538461538464,0.0,31,21
743941,Denmark,+054:+009,0.6153846153846154,0.5,-0.11538461538461542,11,13
746499,Denmark,+055:+009,0.24390243902439024,0.43902439024390244,0.1951219512195122,18,23
748561,Denmark,+054:+009,0.4,0.3333333333333333,-0.06666666666666671,10,20
749583,Germany,+054:+009,0.34782608695652173,0.5555555555555556,0.20772946859903385,5,13
749641,Denmark,+055:+009,0.4117647058823529,0.36363636363636365,-0.048128342245989275,15,18
752539,Denmark,+055:+009,0.35714285714285715,0.42105263157894735,0.0639097744360902,8,11
752948,France,+044:-001,0.5517241379310345,0.7407407407407407,0.18901660280970622,12,15
753779,Denmark,+054:+009,0.29411764705882354,0.3157894736842105,0.02167182662538697,13,25
756206,Denmark,+055:+009,0.5142857142857142,0.5714285714285714,0.05714285714285716,13,15
761408,Denmark,+055:+009,0.3902439024390244,0.43902439024390244,0.04878048780487804,21,20
763541,Denmark,+055:+009,0.25,0.26666666666666666,0.016666666666666663,11,19
764035,Denmark,+055:+009,0.2608695652173913,0.22727272727272727,-0.03359683794466403,23,21
764056,France,+044:+006,0.35294117647058826,0.2553191489361702,-0.09762202753441807,13,34
765972,Denmark,+055:+009,0.5454545454545454,0.47619047619047616,-0.06926406926406925,24,18
767047,Denmark,+055:+009,0.42857142857142855,0.5909090909090909,0.1623376623376624,19,25
768936,France,+043:+007,0.26229508196721313,0.25,-0.012295081967213128,39,25
770375,Denmark,+055:+009,0.25,0.5333333333333333,0.2833333333333333,11,19
774638,Denmark,+055:+009,0.2962962962962963,0.2962962962962963,0.0,8,19
775129,Denmark,+054:+009,0.3076923076923077,0.2777777777777778,-0.02991452991452992,8,28
776277,Germany,+054:+009,0.4444444444444444,0.26666666666666666,-0.17777777777777776,19,11
776603,France,+043:+007,0.2807017543859649,0.36363636363636365,0.08293460925039875,36,30
777997,Denmark,+055:+009,0.4878048780487805,0.36363636363636365,-0.12416851441241683,21,23
779028,Italy,+042:+015,0.0,0.0,0.0,4,16
779269,Denmark,+055:+009,0.12903225806451613,0.21428571428571427,0.08525345622119815,7,21
782894,Denmark,+055:+009,0.2857142857142857,0.14285714285714285,-0.14285714285714285,17,25
783651,Denmark,+055:+009,0.5333333333333333,0.5116279069767442,-0.02170542635658912,22,21
788533,Denmark,+055:+009,0.40816326530612246,0.30434782608695654,-0.10381543921916592,28,18
790058,France,+043:+007,0.4126984126984127,0.37142857142857144,-0.041269841269841234,41,29
791758,France,+046:+000,0.45,0.47368421052631576,0.023684210526315752,19,19
795401,Germany,+054:+009,0.18181818181818182,0.13793103448275862,-0.043887147335423204,13,16
795979,Italy,+042:+015,0.10256410256410256,0.20512820512820512,0.10256410256410256,21,18
796452,France,+046:+000,0.5142857142857142,0.43243243243243246,-0.08185328185328178,14,23
798530,Denmark,+055:+009,0.4166666666666667,0.47619047619047616,0.05952380952380948,10,11
799553,Denmark,+055:+009,0.5238095238095238,0.46153846153846156,-0.06227106227106227,24,15
801874,Denmark,+054:+009,0.5,0.5454545454545454,0.045454545454545414,15,18
805674,Denmark,+055:+009,0.35294117647058826,0.3333333333333333,-0.019607843137254943,18,12
807777,Denmark,+055:+009,0.5490196078431373,0.6415094339622641,0.09248982611912682,29,24
809263,Denmark,+055:+009,0.42424242424242425,0.47058823529411764,0.046345811051693386,13,21
812416,Denmark,+055:+009,0.5263157894736842,0.5384615384615384,0.012145748987854255,14,12
814035,France,+044:-001,0.5454545454545454,0.7777777777777778,0.23232323232323238,7,11
814223,Denmark,+055:+009,0.3076923076923077,0.3888888888888889,0.08119658119658119,16,20
815733,Denmark,+055:+009,0.5161290322580645,0.56,0.04387096774193555,10,15
816640,Denmark,+055:+009,0.45714285714285713,0.4666666666666667,0.009523809523809545,19,11
818441,Denmark,+055:+009,0.23076923076923078,0.32786885245901637,0.09709962168978559,34,27
818554,Denmark,+054:+009,0.5185185185185185,0.7,0.18148148148148147,7,13
818610,France,+044:+006,0.14285714285714285,0.14035087719298245,-0.002506265664160401,18,39
820364,France,+042:+000,0.4230769230769231,0.4262295081967213,0.0031525851197982124,30,31
822923,Denmark,+055:+009,0.45714285714285713,0.34285714285714286,-0.11428571428571427,15,20
823253,Slovakia,+048:+018,0.06666666666666667,0.06666666666666667,0.0,35,25
825104,France,+044:-001,0.46153846153846156,0.631578947368421,0.17004048582995945,9,10
825963,Denmark,+055:+009,0.2857142857142857,0.17647058823529413,-0.10924369747899157,13,21
830350,Italy,+042:+015,0.0,0.08333333333333333,0.08333333333333333,5,19
833003,Denmark,+055:+009,0.358974358974359,0.3684210526315789,0.009446693657219951,15,23
833672,Denmark,+054:+009,0.5454545454545454,0.5555555555555556,0.010101010101010166,8,10
834051,Denmark,+055:+009,0.25806451612903225,0.37037037037037035,0.1123058542413381,12,15
834650,France,+044:-001,0.45454545454545453,0.6666666666666666,0.2121212121212121,6,9
835873,Denmark,+055:+009,0.5,0.34782608695652173,-0.15217391304347827,6,17
835963,Denmark,+055:+009,0.4444444444444444,0.5,0.05555555555555558,14,18
837065,Denmark,+055:+009,0.40816326530612246,0.5,0.09183673469387754,21,31
837838,Denmark,+055:+009,0.5161290322580645,0.5,-0.016129032258064502,14,18
838535,Denmark,+055:+009,0.2857142857142857,0.34782608695652173,0.06211180124223603,6,17
839712,Denmark,+055:+009,0.36363636363636365,0.4583333333333333,0.09469696969696967,23,25
839950,Denmark,+055:+009,0.3684210526315789,0.45161290322580644,0.08319185059422751,13,18
840905,Germany,+054:+009,0.21428571428571427,0.25,0.035714285714285726,8,16
841422,Denmark,+054:+009,0.6086956521739131,0.7777777777777778,0.1690821256038647,9,9
842421,Denmark,+054:+009,0.38095238095238093,0.38095238095238093,0.0,7,14
843860,Denmark,+055:+009,0.2857142857142857,0.43902439024390244,0.15331010452961674,19,22
845827,Denmark,+055:+009,0.5806451612903226,0.6666666666666666,0.08602150537634401,16,11
845986,Denmark,+054:+009,0.1875,0.2564102564102564,0.06891025641025639,12,27
846902,Denmark,+055:+009,0.4666666666666667,0.5161290322580645,0.04946236559139783,10,21
851645,Italy,+042:+015,0.10526315789473684,0.11764705882352941,0.012383900928792574,2,15
851876,Denmark,+054:+009,0.4864864864864865,0.3181818181818182,-0.16830466830466834,15,29
852259,Denmark,+054:+009,0.358974358974359,0.2564102564102564,-0.10256410256410259,17,22
853644,Denmark,+054:+009,0.21428571428571427,0.30303030303030304,0.08874458874458876,9,24
854991,France,+043:+007,0.1568627450980392,0.16129032258064516,0.004427577482605943,22,40
856466,Denmark,+054:+009,0.07692307692307693,0.2727272727272727,0.19580419580419578,4,18
857393,Denmark,+055:+009,0.4090909090909091,0.34782608695652173,-0.06126482213438739,21,25
864564,Denmark,+055:+009,0.16666666666666666,0.43243243243243246,0.2657657657657658,20,17
865010,Denmark,+055:+009,0.6470588235294118,0.625,-0.022058823529411797,14,18
870218,Denmark,+055:+009,0.3157894736842105,0.42105263157894735,0.10526315789473684,16,22
876414,Italy,+042:+015,0.21052631578947367,0.25,0.03947368421052633,18,22
876931,Denmark,+054:+009,0.375,0.4375,0.0625,11,21
880354,Denmark,+054:+009,0.3783783783783784,0.3333333333333333,-0.045045045045045085,13,17
881439,Denmark,+055:+009,0.5,0.5142857142857142,0.014285714285714235,15,20
887319,France,+044:-001,0.5384615384615384,0.64,0.10153846153846158,10,15
887999,Denmark,+055:+009,0.40816326530612246,0.27906976744186046,-0.129093497864262,30,13
890268,Denmark,+055:+009,0.5,0.46153846153846156,-0.038461538461538436,9,17
893427,Germany,+054:+009,0.5217391304347826,0.47619047619047616,-0.04554865424430643,7,14
894130,Denmark,+055:+009,0.5641025641025641,0.47058823529411764,-0.09351432880844646,19,15
897232,Denmark,+055:+009,0.10526315789473684,0.1111111111111111,0.005847953216374269,6,12
898102,Denmark,+055:+009,0.5142857142857142,0.375,-0.13928571428571423,12,20
899000,Denmark,+054:+009,0.0,0.0,0.0,7,17
905482,Denmark,+055:+009,0.3684210526315789,0.35294117647058826,-0.015479876160990669,16,18
906446,France,+046:+006,0.5538461538461539,0.6842105263157895,0.13036437246963561,36,40
908547,Denmark,+054:+009,0.08,0.07142857142857142,-0.008571428571428577,7,21
912844,Denmark,+055:+009,0.38461538461538464,0.4166666666666667,0.03205128205128205,9,15
913002,Denmark,+055:+009,0.4888888888888889,0.5945945945945946,0.10570570570570575,21,16
917564,France,+043:+000,0.4583333333333333,0.46153846153846156,0.0032051282051282493,28,24
919004,Denmark,+055:+009,0.38461538461538464,0.4166666666666667,0.03205128205128205,10,14
919576,Denmark,+055:+009,0.5,0.5714285714285714,0.0714285714285714,13,15
919769,Poland,+052:+019,0.27586206896551724,0.417910447761194,0.14204837879567678,29,38
919976,Denmark,+055:+009,0.5384615384615384,0.5,-0.038461538461538436,26,22
920515,Slovenia,+046:+013,0.23529411764705882,0.14814814814814814,-0.08714596949891068,15,12
921300,Denmark,+055:+009,0.375,0.4827586206896552,0.1077586206896552,8,21
921454,Denmark,+055:+009,0.13793103448275862,0.15384615384615385,0.015915119363395236,11,15
922073,France,+043:+000,0.631578947368421,0.5853658536585366,-0.04621309370988447,16,25
926288,Denmark,+055:+009,0.5625,0.5714285714285714,0.008928571428571397,14,14
930457,Denmark,+054:+009,0.4444444444444444,0.45714285714285713,0.012698412698412709,15,20
931485,Slovenia,+046:+013,0.18604651162790697,0.1568627450980392,-0.02918376652986776,11,40
933299,Denmark,+055:+009,0.07142857142857142,0.15384615384615385,0.08241758241758243,6,20
936192,Denmark,+055:+009,0.7027027027027027,0.6857142857142857,-0.01698841698841702,20,15
937738,Denmark,+055:+009,0.06451612903225806,0.125,0.06048387096774194,8,24
938232,France,+043:+007,0.24615384615384617,0.21052631578947367,-0.035627530364372495,41,35
942315,Denmark,+055:+009,0.3157894736842105,0.41025641025641024,0.09446693657219973,14,25
942962,Denmark,+055:+009,0.3333333333333333,0.36363636363636365,0.03030303030303033,12,21
944385,Denmark,+055:+009,0.3076923076923077,0.25806451612903225,-0.04962779156327546,8,23
950485,Denmark,+054:+009,0.35714285714285715,0.42857142857142855,0.0714285714285714,13,15
952185,Denmark,+054:+009,0.17142857142857143,0.17647058823529413,0.005042016806722699,12,22
952651,Denmark,+055:+009,0.5517241379310345,0.5454545454545454,-0.006269592476489061,11,11
952799,Denmark,+054:+009,0.5625,0.5714285714285714,0.008928571428571397,14,14
953467,Denmark,+055:+009,0.46511627906976744,0.5777777777777777,0.11266149870801029,24,21
955270,Denmark,+055:+009,0.3137254901960784,0.4642857142857143,0.15056022408963587,31,25
955785,Denmark,+055:+009,0.5116279069767442,0.43243243243243246,-0.07919547454431175,22,15
955956,Denmark,+055:+009,0.47058823529411764,0.5714285714285714,0.10084033613445376,4,10
956076,Denmark,+054:+009,0.3333333333333333,0.47619047619047616,0.14285714285714285,7,14
961490,France,+044:+006,0.5333333333333333,0.45614035087719296,-0.07719298245614037,23,34
961606,Denmark,+055:+009,0.4230769230769231,0.3333333333333333,-0.08974358974358976,33,15
963114,Denmark,+055:+009,0.2702702702702703,0.32,0.04972972972972972,15,10
965392,Denmark,+054:+009,0.5263157894736842,0.6153846153846154,0.08906882591093124,5,8
965854,Denmark,+055:+009,0.4230769230769231,0.5,0.07692307692307693,26,22
967935,Denmark,+055:+009,0.34146341463414637,0.3076923076923077,-0.03377110694183866,14,25
968373,Denmark,+055:+009,0.2916666666666667,0.20833333333333334,-0.08333333333333334,24,24
968507,Denmark,+055:+009,0.45,0.34146341463414637,-0.10853658536585364,17,24
969152,Denmark,+055:+009,0.0975609756097561,0.10256410256410256,0.00500312695434646,22,17
969231,Denmark,+055:+009,0.3333333333333333,0.3870967741935484,0.05376344086021506,10,21
971316,Norway,+059:+010,0.125,0.13043478260869565,0.0054347826086956486,7,39
974630,Italy,+042:+015,0.09090909090909091,0.1111111111111111,0.020202020202020193,3,15
976839,Denmark,+055:+009,0.22727272727272727,0.15789473684210525,-0.06937799043062201,21,17
978161,France,+043:+000,0.4864864864864865,0.5128205128205128,0.02633402633402626,13,26
978464,Denmark,+055:+009,0.3783783783783784,0.4,0.021621621621621623,20,10
979560,France,+044:+006,0.35,0.5116279069767442,0.16162790697674423,16,27
983768,Denmark,+054:+009,0.3448275862068966,0.6206896551724138,0.27586206896551724,13,16
984448,Denmark,+054:+009,0.42857142857142855,0.2857142857142857,-0.14285714285714285,12,16
985104,Denmark,+054:+009,0.1935483870967742,0.35714285714285715,0.16359447004608296,12,16
985216,Germany,+054:+009,0.5,0.625,0.125,6,10
985811,Denmark,+055:+009,0.36065573770491804,0.3157894736842105,-0.044866264020707536,39,18
988009,France,+044:-001,0.5833333333333334,0.7777777777777778,0.19444444444444442,8,10
988033,Slovenia,+046:+013,0.0,0.0,0.0,11,40
989958,Denmark,+055:+009,0.26666666666666666,0.27906976744186046,0.012403100775193798,25,18
990856,Denmark,+055:+009,0.375,0.43478260869565216,0.05978260869565216,27,19
991650,Denmark,+055:+009,0.4,0.5,0.09999999999999998,11,25
992678,Denmark,+055:+009,0.3404255319148936,0.34782608695652173,0.007400555041628121,23,23
995186,Denmark,+054:+009,0.3076923076923077,0.3225806451612903,0.014888337468982604,7,24
995473,France,+044:-001,0.42857142857142855,0.4827586206896552,0.054187192118226646,10,19
998559,Denmark,+054:+009,0.5833333333333334,0.631578947368421,0.04824561403508765,9,10
998634,Denmark,+055:+009,0.25,0.2641509433962264,0.014150943396226412,25,28
1003616,Denmark,+055:+009,0.22727272727272727,0.2127659574468085,-0.014506769825918753,21,26
1004565,Denmark,+055:+009,0.35294117647058826,0.375,0.022058823529411742,13,19
1004877,Denmark,+055:+009,0.38461538461538464,0.3333333333333333,-0.05128205128205132,8,10
1008559,France,+044:-001,0.23076923076923078,0.42857142857142855,0.19780219780219777,8,20
1009094,Denmark,+054:+009,0.41379310344827586,0.6666666666666666,0.2528735632183908,11,13
1009185,France,+043:+007,0.4230769230769231,0.39344262295081966,-0.029634300126103408,31,30
1009453,Denmark,+055:+009,0.14285714285714285,0.16666666666666666,0.023809523809523808,11,13
1010695,Denmark,+055:+009,0.25,0.5,0.25,8,12
1015921,Denmark,+055:+009,0.5,0.47619047619047616,-0.023809523809523836,6,15
1018206,France,+044:+006,0.5416666666666666,0.5714285714285714,0.029761904761904767,27,29
1021093,Denmark,+055:+009,0.2777777777777778,0.3870967741935484,0.10931899641577059,8,23
1022594,Denmark,+055:+009,0.38461538461538464,0.45614035087719296,0.07152496626180832,29,28
1023744,Denmark,+055:+009,0.6470588235294118,0.5625,-0.0845588235294118,15,17
1026556,Denmark,+055:+009,0.3333333333333333,0.42857142857142855,0.09523809523809523,4,10
1027133,Denmark,+055:+009,0.21621621621621623,0.24242424242424243,0.026208026208026203,14,19
1028560,France,+043:+000,0.6222222222222222,0.6666666666666666,0.0444444444444444,25,26
1029584,France,+043:+000,0.4878048780487805,0.5306122448979592,0.04280736684917874,22,27
1031477,France,+048:+002,0.3,0.35,0.04999999999999999,17,23
1031849,Denmark,+055:+009,0.20512820512820512,0.4666666666666667,0.26153846153846155,21,9
1032681,France,+043:+007,0.4126984126984127,0.41379310344827586,0.0010946907498631808,44,14
1034566,Denmark,+055:+009,0.3783783783783784,0.3684210526315789,-0.009957325746799472,16,22
1035013,Denmark,+055:+009,0.35714285714285715,0.4166666666666667,0.059523809523809534,12,12
1037614,Poland,+054:+017,0.23076923076923078,0.4,0.16923076923076924,7,13
1037617,France,+044:+000,0.5238095238095238,0.5581395348837209,0.034330011074197087,22,21
1038636,Denmark,+054:+009,0.3157894736842105,0.36363636363636365,0.04784688995215314,15,18
1040216,Denmark,+055:+009,0.3076923076923077,0.38095238095238093,0.07326007326007322,12,9
1040481,Denmark,+055:+009,0.4583333333333333,0.5306122448979592,0.0722789115646259,27,22
1040887,Denmark,+054:+009,0.0,0.08333333333333333,0.08333333333333333,7,17
1041052,Denmark,+055:+009,0.5555555555555556,0.5625,0.00694444444444442,14,18
1042058,Denmark,+055:+009,0.23076923076923078,0.17391304347826086,-0.05685618729096992,9,14
1043439,Denmark,+055:+009,0.5660377358490566,0.6666666666666666,0.10062893081761004,28,26
1043719,Denmark,+055:+009,0.1111111111111111,0.11764705882352941,0.006535947712418305,2,15
1044474,Denmark,+055:+009,0.3125,0.3448275862068966,0.032327586206896575,12,17
1045017,Italy,+042:+015,0.24390243902439024,0.2564102564102564,0.012507817385866149,21,18
1048199,Denmark,+055:+009,0.5714285714285714,0.5714285714285714,0.0,11,17
1048698,Poland,+054:+017,0.5909090909090909,0.6222222222222222,0.03131313131313129,22,23
1049455,Denmark,+055:+009,0.20689655172413793,0.4166666666666667,0.20977011494252876,13,11
1053853,Denmark,+055:+009,0.13333333333333333,0.08,-0.05333333333333333,9,16
1057450,Denmark,+055:+009,0.3783783783783784,0.5405405405405406,0.16216216216216217,16,21
1062436,France,+044:-001,0.14285714285714285,0.2962962962962963,0.15343915343915343,6,21
1063356,Italy,+042:+015,0.2,0.3333333333333333,0.1333333333333333,3,15
1064898,Denmark,+054:+009,0.5833333333333334,0.5555555555555556,-0.02777777777777779,8,10
1066144,Italy,+042:+015,0.10526315789473684,0.1111111111111111,0.005847953216374269,3,15
1069926,Denmark,+055:+009,0.38095238095238093,0.37209302325581395,-0.008859357696566983,20,23
1070846,Denmark,+055:+009,0.47368421052631576,0.6875,0.21381578947368424,16,16
1071587,France,+044:+000,0.45161290322580644,0.48484848484848486,0.03323558162267842,11,22
1072908,Denmark,+055:+009,0.23529411764705882,0.25925925925925924,0.023965141612200425,27,27
1073076,Denmark,+055:+009,0.65,0.6111111111111112,-0.03888888888888886,17,19
1078080,Denmark,+055:+009,0.5263157894736842,0.5945945945945946,0.06827880512091045,14,23
1082238,Poland,+054:+017,0.6,0.5517241379310345,-0.0482758620689655,26,32
1082321,Denmark,+055:+009,0.5769230769230769,0.5333333333333333,-0.043589743589743546,28,17
1082898,Denmark,+054:+009,0.1875,0.25806451612903225,0.07056451612903225,10,21
1083859,Denmark,+054:+009,0.1875,0.3,0.11249999999999999,13,27
1084111,Denmark,+055:+009,0.5945945945945946,0.5294117647058824,-0.06518282988871227,14,20
1084407,Denmark,+055:+009,0.5333333333333333,0.5185185185185185,-0.014814814814814836,14,13
1085372,Denmark,+055:+009,0.4090909090909091,0.36363636363636365,-0.04545454545454547,20,24
1086717,France,+044:+006,0.25,0.32558139534883723,0.07558139534883723,17,26
1086964,Denmark,+054:+009,0.13793103448275862,0.125,-0.012931034482758619,13,19
1087481,Denmark,+054:+009,0.2962962962962963,0.3333333333333333,0.037037037037037035,7,17
1088121,Denmark,+055:+009,0.16216216216216217,0.15789473684210525,-0.004267425320056917,15,23
1092031,Denmark,+055:+009,0.3157894736842105,0.42424242424242425,0.10845295055821375,22,11
1094666,Denmark,+054:+009,0.34285714285714286,0.5454545454545454,0.20259740259740255,19,14
1099833,France,+044:+006,0.3333333333333333,0.4,0.06666666666666671,11,29
1100281,Poland,+054:+017,0.4489795918367347,0.47058823529411764,0.021608643457382948,23,28
1102627,Denmark,+055:+009,0.29411764705882354,0.3333333333333333,0.039215686274509776,12,18
1103066,Italy,+040:+013,0.1875,0.11428571428571428,-0.07321428571428572,12,23
1103198,France,+044:-001,0.24,0.21428571428571427,-0.025714285714285717,8,20
1103530,Denmark,+055:+009,0.5,0.6666666666666666,0.16666666666666663,8,10
1103784,Denmark,+055:+009,0.4444444444444444,0.5128205128205128,0.06837606837606836,15,24
1107318,France,+043:+007,0.34146341463414637,0.3888888888888889,0.04742547425474253,16,20
1110827,Denmark,+055:+009,0.07407407407407407,0.13793103448275862,0.06385696040868455,8,21
1111036,France,+044:-001,0.43478260869565216,0.45454545454545453,0.01976284584980237,7,15
1113697,Denmark,+054:+009,0.46153846153846156,0.6111111111111112,0.1495726495726496,20,16
1116430,Denmark,+055:+009,0.4090909090909091,0.4,-0.009090909090909094,22,18
1117503,Denmark,+055:+009,0.5853658536585366,0.5909090909090909,0.005543237250554389,21,23
1119419,Denmark,+055:+009,0.48,0.7,0.21999999999999997,7,13
1119875,Denmark,+055:+009,0.5882352941176471,0.3829787234042553,-0.20525657071339176,28,19
1122575,Denmark,+055:+009,0.3333333333333333,0.2857142857142857,-0.047619047619047616,9,26
1123172,Denmark,+055:+009,0.6046511627906976,0.6222222222222222,0.017571059431524594,20,25
1123855,Denmark,+055:+009,0.46153846153846156,0.38095238095238093,-0.08058608058608063,13,8
1126601,Denmark,+055:+009,0.48,0.64,0.16000000000000003,9,16
1126905,Denmark,+054:+009,0.20689655172413793,0.48,0.2731034482758621,7,18
1129232,France,+044:+006,0.5581395348837209,0.5652173913043478,0.00707785642062686,20,26
1130009,Denmark,+054:+009,0.13793103448275862,0.22857142857142856,0.09064039408866995,8,27
1131001,France,+046:+006,0.46153846153846156,0.4235294117647059,-0.03800904977375569,48,37
1132239,Denmark,+055:+009,0.32432432432432434,0.3225806451612903,-0.0017436791630340287,9,22
1133088,Denmark,+055:+009,0.22727272727272727,0.4186046511627907,0.19133192389006345,22,21
1133214,Denmark,+054:+009,0.34285714285714286,0.5625,0.21964285714285714,19,13
1135498,Denmark,+055:+009,0.04,0.08,0.04,26,24
1136460,Denmark,+055:+009,0.37037037037037035,0.5454545454545454,0.17508417508417506,12,10
1138536,Denmark,+055:+009,0.20833333333333334,0.37209302325581395,0.1637596899224806,29,14
1140777,Denmark,+054:+009,0.3870967741935484,0.24,-0.14709677419354839,8,17
1140803,Denmark,+054:+009,0.6486486486486487,0.5882352941176471,-0.060413354531001606,21,13
1146917,Denmark,+055:+009,0.5882352941176471,0.4,-0.18823529411764706,16,14
1148619,Denmark,+055:+009,0.27586206896551724,0.32,0.04413793103448277,10,15
1154987,Denmark,+055:+009,0.0,0.06451612903225806,0.06451612903225806,11,20
1156211,Italy,+044:+011,0.4,0.5,0.09999999999999998,39,33
1160655,Denmark,+055:+009,0.37037037037037035,0.6428571428571429,0.27248677248677255,10,18
1161293,Denmark,+055:+009,0.64,0.64,0.0,10,15
1162600,Denmark,+055:+009,0.3333333333333333,0.26666666666666666,-0.06666666666666665,18,12
1163536,Denmark,+055:+009,0.2222222222222222,0.24,0.01777777777777778,4,21
1164630,Denmark,+054:+009,0.4,0.35714285714285715,-0.04285714285714287,10,18
1165386,Denmark,+055:+009,0.28,0.33962264150943394,0.059622641509433916,27,26
1165932,France,+043:+007,0.04081632653061224,0.07692307692307693,0.036106750392464686,23,29
1166224,Denmark,+055:+009,0.3684210526315789,0.42424242424242425,0.05582137161084533,17,16
1167392,Germany,+054:+009,0.43478260869565216,0.5555555555555556,0.12077294685990342,5,13
1168425,Denmark,+055:+009,0.4482758620689655,0.48148148148148145,0.03320561941251593,33,21
1169147,Denmark,+054:+009,0.35294117647058826,0.6666666666666666,0.31372549019607837,17,16
1170952,Denmark,+055:+009,0.5333333333333333,0.43243243243243246,-0.10090090090090087,21,16
1171095,Italy,+042:+015,0.0,0.0,0.0,3,18
1173534,Denmark,+055:+009,0.5142857142857142,0.4666666666666667,-0.04761904761904756,15,15
1177017,Denmark,+055:+009,0.21621621621621623,0.1875,-0.028716216216216228,9,23
1177942,France,+048:+002,0.41025641025641024,0.47619047619047616,0.06593406593406592,17,25
1178125,Denmark,+055:+009,0.27586206896551724,0.26666666666666666,-0.009195402298850575,9,21
1178142,Denmark,+055:+009,0.23809523809523808,0.3225806451612903,0.08448540706605223,19,12
1178324,Denmark,+055:+009,0.23529411764705882,0.34285714285714286,0.10756302521008404,10,25
1180720,Denmark,+055:+009,0.20689655172413793,0.08,-0.12689655172413794,9,16
1186761,Denmark,+055:+009,0.44,0.5,0.06,27,25
1186875,Poland,+051:+016,0.11764705882352941,0.0625,-0.05514705882352941,24,40
1187144,Poland,+054:+017,0.52,0.4406779661016949,-0.07932203389830511,24,35
1191397,Denmark,+055:+009,0.17777777777777778,0.23809523809523808,0.0603174603174603,28,14
1195382,Denmark,+055:+009,0.4666666666666667,0.6666666666666666,0.19999999999999996,14,13
1195968,Denmark,+055:+009,0.49056603773584906,0.5333333333333333,0.04276729559748427,27,18
1195971,Denmark,+055:+009,0.47368421052631576,0.45,-0.023684210526315752,22,18
1198552,France,+043:+007,0.18181818181818182,0.21739130434782608,0.03557312252964426,18,28
1200614,Denmark,+055:+009,0.05714285714285714,0.06666666666666667,0.009523809523809525,14,16
1200906,France,+043:+000,0.3181818181818182,0.3404255319148936,0.022243713733075432,21,26
1201128,France,+042:+000,0.32,0.2916666666666667,-0.02833333333333332,27,21
1201196,Denmark,+055:+009,0.6060606060606061,0.5925925925925926,-0.013468013468013518,13,14
1206797,Poland,+054:+017,0.35714285714285715,0.4,0.04285714285714287,9,16
1212171,Denmark,+055:+009,0.2857142857142857,0.3157894736842105,0.03007518796992481,14,24
1212338,Denmark,+054:+009,0.48,0.6956521739130435,0.21565217391304348,9,14
1214665,Denmark,+055:+009,0.46153846153846156,0.19047619047619047,-0.2710622710622711,9,12
1214822,Denmark,+055:+009,0.29411764705882354,0.3333333333333333,0.039215686274509776,17,13
1215599,Denmark,+055:+009,0.42105263157894735,0.47058823529411764,0.049535603715170295,19,15
1216184,Italy,+044:+011,0.27450980392156865,0.41379310344827586,0.1392832995267072,26,32
1217553,Denmark,+055:+009,0.3870967741935484,0.48484848484848486,0.09775171065493649,14,19
1219921,Italy,+042:+015,0.2702702702702703,0.358974358974359,0.08870408870408869,20,19
1220040,Italy,+042:+015,0.08695652173913043,0.10526315789473684,0.018306636155606404,5,14
1221654,Denmark,+054:+009,0.26666666666666666,0.3125,0.04583333333333334,11,21
1225327,Denmark,+055:+009,0.35294117647058826,0.25806451612903225,-0.09487666034155601,10,21
1225591,Denmark,+055:+009,0.2727272727272727,0.22727272727272727,-0.04545454545454544,28,16
1229319,Denmark,+055:+009,0.4117647058823529,0.3888888888888889,-0.022875816993464027,12,24
1229531,Denmark,+055:+009,0.45614035087719296,0.48148148148148145,0.025341130604288498,32,22
1232249,Denmark,+055:+009,0.3076923076923077,0.26666666666666666,-0.041025641025641046,29,16
1233029,Denmark,+055:+009,0.43243243243243246,0.4864864864864865,0.05405405405405406,12,25
1234422,Denmark,+055:+009,0.42857142857142855,0.4827586206896552,0.054187192118226646,12,17
1234813,Denmark,+055:+009,0.34285714285714286,0.3,-0.04285714285714287,17,23
1234852,Denmark,+055:+009,0.09090909090909091,0.14285714285714285,0.05194805194805194,1,13
1236473,Denmark,+055:+009,0.4864864864864865,0.4,-0.08648648648648649,13,22
1236709,Denmark,+054:+009,0.24,0.16666666666666666,-0.07333333333333333,6,18
1237021,Denmark,+054:+009,0.45161290322580644,0.17647058823529413,-0.27514231499051234,16,18
1237831,France,+044:+006,0.43902439024390244,0.5581395348837209,0.11911514463981848,17,26
1240158,Denmark,+054:+009,0.32,0.24,-0.08000000000000002,8,17
1242551,Denmark,+055:+009,0.47619047619047616,0.5333333333333333,0.05714285714285716,7,8
1245967,Denmark,+055:+009,0.4782608695652174,0.41025641025641024,-0.06800445930880716,29,10
1248755,France,+044:+006,0.15384615384615385,0.34782608695652173,0.19397993311036787,15,31
1249837,Germany,+054:+009,0.48484848484848486,0.5333333333333333,0.048484848484848464,14,16
1249879,Denmark,+055:+009,0.4090909090909091,0.5217391304347826,0.11264822134387348,23,23
1250760,Denmark,+055:+009,0.2857142857142857,0.375,0.0892857142857143,3,13
1253139,Denmark,+055:+009,0.4,0.2962962962962963,-0.10370370370370374,10,17
1257077,Denmark,+055:+009,0.4864864864864865,0.55,0.06351351351351353,20,20
1257508,Denmark,+055:+009,0.08695652173913043,0.1111111111111111,0.024154589371980673,1,17
1260118,Denmark,+055:+009,0.3225806451612903,0.3076923076923077,-0.014888337468982604,15,11
1261571,Italy,+046:+013,0.16216216216216217,0.10810810810810811,-0.05405405405405406,17,20
1262715,Denmark,+055:+009,0.3333333333333333,0.2777777777777778,-0.055555555555555525,14,22
1263428,Germany,+054:+009,0.2222222222222222,0.34782608695652173,0.12560386473429952,7,16
1263697,Denmark,+055:+009,0.4375,0.4444444444444444,0.00694444444444442,11,25
1268540,France,+044:+006,0.3333333333333333,0.39215686274509803,0.05882352941176472,22,29
1270005,Denmark,+055:+009,0.45714285714285713,0.4117647058823529,-0.04537815126050421,14,20
1270842,Denmark,+055:+009,0.3684210526315789,0.5,0.13157894736842107,17,19
1272709,Denmark,+055:+009,0.3870967741935484,0.46153846153846156,0.07444168734491319,13,13
1274062,France,+044:+006,0.06451612903225806,0.0,-0.06451612903225806,10,25
1276014,Denmark,+055:+009,0.5128205128205128,0.3684210526315789,-0.14439946018893385,14,24
1279550,Slovenia,+046:+013,0.1702127659574468,0.10344827586206896,-0.06676449009537784,18,40
1285539,Denmark,+055:+009,0.1875,0.17647058823529413,-0.011029411764705871,15,19
1286522,Denmark,+054:+009,0.14285714285714285,0.20512820512820512,0.06227106227106227,19,20
1288261,Denmark,+055:+009,0.3076923076923077,0.3888888888888889,0.08119658119658119,18,18
1289829,Denmark,+055:+009,0.45454545454545453,0.4090909090909091,-0.045454545454545414,19,25
1290534,Denmark,+055:+009,0.3076923076923077,0.32432432432432434,0.016632016632016633,21,16
1290896,Denmark,+055:+009,0.11764705882352941,0.27586206896551724,0.15821501014198783,14,15
1290950,France,+044:-001,0.5454545454545454,0.5454545454545454,0.0,6,16
1292053,Denmark,+055:+009,0.3684210526315789,0.4864864864864865,0.11806543385490759,13,24
1294214,Denmark,+055:+009,0.125,0.2,0.07500000000000001,10,20
1297722,Slovenia,+046:+013,0.2,0.20689655172413793,0.006896551724137917,11,18
1301951,Denmark,+055:+009,0.24242424242424243,0.3448275862068966,0.10240334378265414,20,9
1304558,Denmark,+055:+009,0.4,0.45714285714285713,0.057142857142857106,13,22
1306239,Denmark,+055:+009,0.5581395348837209,0.5365853658536586,-0.021554169030062353,19,22
1308383,Denmark,+055:+009,0.0,0.0,0.0,16,19
1308984,Denmark,+054:+009,0.06896551724137931,0.16,0.0910344827586207,9,16
1310950,France,+044:-001,0.3333333333333333,0.5217391304347826,0.18840579710144928,6,17
1311141,Denmark,+055:+009,0.5263157894736842,0.35294117647058826,-0.17337461300309592,5,12
1311773,Denmark,+055:+009,0.24242424242424243,0.1935483870967742,-0.04887585532746824,15,16
1312403,Denmark,+055:+009,0.43902439024390244,0.5,0.06097560975609756,21,15
1312547,Denmark,+054:+009,0.48484848484848486,0.8125,0.32765151515151514,14,18
1313316,Denmark,+055:+009,0.3448275862068966,0.36363636363636365,0.018808777429467072,33,22
1314031,Denmark,+055:+009,0.37037037037037035,0.25806451612903225,-0.1123058542413381,7,24
1314098,France,+048:+002,0.24,0.32,0.08000000000000002,5,20
1318992,Denmark,+055:+009,0.25925925925925924,0.3333333333333333,0.07407407407407407,27,21
1321469,Denmark,+055:+009,0.26666666666666666,0.21428571428571427,-0.05238095238095239,8,20
1322024,Denmark,+055:+009,0.4,0.41379310344827586,0.013793103448275834,8,21
1326644,Denmark,+055:+009,0.2,0.25,0.04999999999999999,8,24
1327575,France,+044:+006,0.19607843137254902,0.21428571428571427,0.018207282913165257,32,24
1329015,Denmark,+055:+009,0.3448275862068966,0.45454545454545453,0.10971786833855796,12,10
1329443,Denmark,+055:+009,0.46153846153846156,0.5,0.038461538461538436,12,12
1329444,Denmark,+055:+009,0.4,0.6086956521739131,0.20869565217391306,8,15
1330357,France,+043:+007,0.3,0.21052631578947367,-0.08947368421052632,38,19
1330890,Denmark,+055:+009,0.3137254901960784,0.37037037037037035,0.05664488017429192,28,26
1331031,Italy,+040:+013,0.16666666666666666,0.05714285714285714,-0.10952380952380952,7,28
1331703,Denmark,+055:+009,0.21428571428571427,0.42857142857142855,0.21428571428571427,7,21
1331853,Denmark,+055:+009,0.14285714285714285,0.2857142857142857,0.14285714285714285,9,19
1334744,France,+044:-001,0.38095238095238093,0.5333333333333333,0.1523809523809524,4,11
1334833,Denmark,+055:+009,0.32,0.25,-0.07,6,10
1336199,Denmark,+055:+009,0.42424242424242425,0.48484848484848486,0.06060606060606061,17,16
1336227,Denmark,+055:+009,0.2857142857142857,0.2857142857142857,0.0,13,22
1337039,Denmark,+055:+009,0.5925925925925926,0.5769230769230769,-0.015669515669515688,34,18
1338200,France,+043:+000,0.3684210526315789,0.42105263157894735,0.05263157894736842,14,24
1340370,Denmark,+055:+009,0.30434782608695654,0.3111111111111111,0.006763285024154575,21,24
1340952,Denmark,+054:+009,0.2,0.21428571428571427,0.014285714285714263,9,19
1342075,Denmark,+055:+009,0.4444444444444444,0.38461538461538464,-0.05982905982905978,9,17
1345431,Denmark,+055:+009,0.1875,0.26666666666666666,0.07916666666666666,16,14
1346293,Denmark,+055:+009,0.3125,0.14285714285714285,-0.16964285714285715,10,18
1348734,Denmark,+055:+009,0.26666666666666666,0.2857142857142857,0.019047619047619035,8,20
1349142,Denmark,+054:+009,0.23076923076923078,0.32,0.08923076923076922,9,16
1349774,Denmark,+055:+009,0.56,0.7368421052631579,0.1768421052631578,9,10
1352338,Denmark,+055:+009,0.0,0.21428571428571427,0.21428571428571427,10,18
1354825,Denmark,+055:+009,0.42424242424242425,0.5454545454545454,0.12121212121212116,11,11
1356392,Poland,+054:+017,0.27586206896551724,0.12121212121212122,-0.15464994775339602,9,24
1356653,Denmark,+055:+009,0.13793103448275862,0.26666666666666666,0.12873563218390804,9,21
1357314,Denmark,+055:+009,0.35,0.36363636363636365,0.013636363636363669,20,24
1357510,Denmark,+055:+009,0.4,0.26666666666666666,-0.13333333333333336,12,18
1357971,Denmark,+054:+009,0.5641025641025641,0.717948717948718,0.15384615384615385,17,22
1358445,Denmark,+054:+009,0.25806451612903225,0.3333333333333333,0.07526881720430106,11,25
1358522,Denmark,+055:+009,0.3076923076923077,0.46153846153846156,0.15384615384615385,17,22
1360558,Denmark,+054:+009,0.25,0.16666666666666666,-0.08333333333333334,6,18
1364429,Denmark,+054:+009,0.17647058823529413,0.24242424242424243,0.0659536541889483,11,22
1370612,Denmark,+055:+009,0.3333333333333333,0.26666666666666666,-0.06666666666666665,9,21
1372485,Denmark,+055:+009,0.0625,0.17647058823529413,0.11397058823529413,16,18
1373916,Denmark,+055:+009,0.45161290322580644,0.3870967741935484,-0.06451612903225806,11,20
1375651,France,+046:+000,0.5116279069767442,0.391304347826087,-0.12032355915065723,23,23
1377914,Denmark,+054:+009,0.3076923076923077,0.47619047619047616,0.16849816849816845,10,11
1378595,Denmark,+055:+009,0.6,0.45714285714285713,-0.14285714285714285,22,13
1379394,France,+043:+007,0.4126984126984127,0.3880597014925373,-0.024638711205875352,37,30
1381909,Denmark,+055:+009,0.55,0.41025641025641024,-0.1397435897435898,19,20
1382893,Denmark,+055:+009,0.4166666666666667,0.46153846153846156,0.04487179487179488,7,19
1384855,Denmark,+055:+009,0.4166666666666667,0.7058823529411765,0.28921568627450983,7,10
1384994,Denmark,+055:+009,0.42424242424242425,0.45161290322580644,0.027370478983382185,13,18
1385283,Denmark,+055:+009,0.5454545454545454,0.6274509803921569,0.08199643493761144,31,20
1389672,Denmark,+055:+009,0.2222222222222222,0.25806451612903225,0.03584229390681004,11,20
1389735,Denmark,+055:+009,0.2857142857142857,0.45161290322580644,0.16589861751152074,17,14
1393423,Denmark,+055:+009,0.34146341463414637,0.3333333333333333,-0.008130081300813052,17,25
1394602,Denmark,+055:+009,0.2962962962962963,0.4666666666666667,0.1703703703703704,10,20
1395075,Denmark,+055:+009,0.27906976744186046,0.30434782608695654,0.02527805864509608,25,21
1397125,France,+044:+006,0.38596491228070173,0.3880597014925373,0.0020947892118355904,33,34
1399394,Denmark,+054:+009,0.3870967741935484,0.6666666666666666,0.27956989247311825,12,12
1399563,France,+046:+006,0.5862068965517241,0.6666666666666666,0.08045977011494254,31,35
1399875,Slovenia,+046:+013,0.07692307692307693,0.1,0.023076923076923078,7,13
1403734,Denmark,+055:+009,0.20689655172413793,0.5454545454545454,0.3385579937304075,11,11
1405906,France,+044:+006,0.5454545454545454,0.5365853658536586,-0.008869179600886845,12,29
1407336,France,+046:+006,0.5245901639344263,0.5352112676056338,0.010621103671207499,36,35
1410193,Denmark,+055:+009,0.32,0.27586206896551724,-0.04413793103448277,10,19
1410641,France,+044:-001,0.5217391304347826,0.875,0.3532608695652174,7,9
1412036,Denmark,+055:+009,0.3125,0.25,-0.0625,11,21
1412954,Denmark,+055:+009,0.4666666666666667,0.56,0.09333333333333338,10,15
1413213,Poland,+054:+017,0.0,0.30303030303030304,0.30303030303030304,7,26
1414069,Denmark,+055:+009,0.4186046511627907,0.35,-0.06860465116279074,18,22
1415250,Denmark,+054:+009,0.5185185185185185,0.35714285714285715,-0.16137566137566134,11,17
1416797,Denmark,+055:+009,0.4117647058823529,0.6666666666666666,0.2549019607843137,17,16
1418074,Denmark,+054:+009,0.4166666666666667,0.5454545454545454,0.12878787878787873,8,14
1420929,Austria,+046:+013,0.35294117647058826,0.3076923076923077,-0.04524886877828055,25,40
1421931,France,+044:-001,0.5,0.75,0.25,10,14
1422643,France,+044:-001,0.5,0.6,0.09999999999999998,8,12
1427116,France,+044:-001,0.5217391304347826,0.631578947368421,0.10983981693363842,7,12
1427477,Denmark,+055:+009,0.4,0.47058823529411764,0.07058823529411762,6,11
1427602,Denmark,+054:+009,0.13793103448275862,0.1935483870967742,0.05561735261401557,11,20
1429833,Poland,+054:+017,0.3157894736842105,0.4375,0.12171052631578949,16,16
1430199,Denmark,+055:+009,0.23809523809523808,0.3181818181818182,0.0800865800865801,18,26
1432534,Denmark,+055:+009,0.5853658536585366,0.6486486486486487,0.06328279499011213,17,20
1433674,Denmark,+054:+009,0.38461538461538464,0.3333333333333333,-0.05128205128205132,9,15
1435644,Slovenia,+046:+013,0.08333333333333333,0.0,-0.08333333333333333,5,15
1435684,Denmark,+055:+009,0.42857142857142855,0.5,0.07142857142857145,10,14
1438175,Denmark,+055:+009,0.2,0.41379310344827586,0.21379310344827585,7,22
1439227,Denmark,+055:+009,0.27586206896551724,0.6363636363636364,0.3605015673981191,11,11
1439315,Denmark,+055:+009,0.3448275862068966,0.45454545454545453,0.10971786833855796,13,9
1444733,France,+043:+000,0.5555555555555556,0.5238095238095238,-0.031746031746031744,13,29
1447555,France,+046:+006,0.417910447761194,0.44776119402985076,0.029850746268656747,39,28
1451507,Italy,+042:+015,0.27586206896551724,0.35714285714285715,0.08128078817733991,9,19
1453971,Denmark,+055:+009,0.22641509433962265,0.24489795918367346,0.018482864844050817,29,20
1457661,Denmark,+055:+009,0.26666666666666666,0.2857142857142857,0.019047619047619035,9,19
1460607,Denmark,+055:+009,0.41379310344827586,0.5217391304347826,0.10794602698650674,12,11
1461279,Denmark,+055:+009,0.6111111111111112,0.5625,-0.04861111111111116,15,17
1462091,Denmark,+055:+009,0.5263157894736842,0.5555555555555556,0.0292397660818714,18,18
1463685,Denmark,+055:+009,0.3157894736842105,0.45714285714285713,0.14135338345864662,20,15
1464243,Italy,+042:+015,0.23529411764705882,0.22727272727272727,-0.008021390374331555,30,14
1464597,Denmark,+055:+009,0.2916666666666667,0.27906976744186046,-0.012596899224806224,27,16
1466662,Denmark,+055:+009,0.07407407407407407,0.08,0.005925925925925932,4,21
1466721,Denmark,+055:+009,0.30303030303030304,0.36363636363636365,0.06060606060606061,14,19
1467884,Denmark,+055:+009,0.35294117647058826,0.4,0.047058823529411764,16,14
1469211,France,+044:-001,0.24,0.25,0.010000000000000009,4,20
1472204,Denmark,+055:+009,0.6,0.6,0.0,17,23
1472456,Denmark,+055:+009,0.4411764705882353,0.3,-0.1411764705882353,43,17
1473380,Denmark,+055:+009,0.3125,0.5333333333333333,0.22083333333333333,14,16
1474241,Denmark,+055:+009,0.37037037037037035,0.3,-0.07037037037037036,8,12
1480007,Denmark,+054:+009,0.35294117647058826,0.42105263157894735,0.06811145510835909,15,23
1480787,Denmark,+055:+009,0.5,0.30303030303030304,-0.19696969696969696,19,14
1485429,Denmark,+055:+009,0.29411764705882354,0.43243243243243246,0.13831478537360892,12,25
1487888,Denmark,+054:+009,0.5,0.6923076923076923,0.1923076923076923,13,13
1488348,Denmark,+054:+009,0.37037037037037035,0.4,0.029629629629629672,12,18
1490432,Denmark,+054:+009,0.41379310344827586,0.5833333333333334,0.16954022988505751,12,12
1490645,Denmark,+054:+009,0.4444444444444444,0.3225806451612903,-0.1218637992831541,21,10
1492464,Denmark,+055:+009,0.3076923076923077,0.2857142857142857,-0.02197802197802201,10,11
1499913,Denmark,+054:+009,0.4186046511627907,0.5555555555555556,0.13695090439276486,21,15
1500567,Denmark,+055:+009,0.4166666666666667,0.4166666666666667,0.0,27,21
1503361,Denmark,+054:+009,0.38095238095238093,0.25,-0.13095238095238093,6,10
1503542,Denmark,+055:+009,0.42857142857142855,0.38095238095238093,-0.047619047619047616,12,9
1505521,Denmark,+055:+009,0.2926829268292683,0.3888888888888889,0.09620596205962062,19,17
1507334,Denmark,+055:+009,0.5,0.5161290322580645,0.016129032258064502,15,16
1509705,Denmark,+055:+009,0.3157894736842105,0.2857142857142857,-0.03007518796992481,13,22
1510962,Denmark,+055:+009,0.21052631578947367,0.4,0.18947368421052635,6,9
1511033,Denmark,+055:+009,0.2608695652173913,0.36363636363636365,0.10276679841897235,6,16
1513725,Denmark,+055:+009,0.4186046511627907,0.4878048780487805,0.06920022688598976,22,19
1515669,France,+044:-001,0.6206896551724138,0.72,0.09931034482758616,14,11
1515886,Denmark,+055:+009,0.35555555555555557,0.3902439024390244,0.034688346883468835,25,16
1516905,Denmark,+055:+009,0.38461538461538464,0.36,-0.02461538461538465,28,22
1518567,Denmark,+055:+009,0.3783783783783784,0.46153846153846156,0.08316008316008316,15,24
1522175,Denmark,+054:+009,0.4090909090909091,0.4186046511627907,0.009513742071881603,21,22
1522360,Denmark,+055:+009,0.38461538461538464,0.5384615384615384,0.1538461538461538,11,15
1522420,Denmark,+055:+009,0.4444444444444444,0.5,0.05555555555555558,13,19
1522847,Denmark,+055:+009,0.2962962962962963,0.2,-0.09629629629629627,6,24
1524233,Denmark,+055:+009,0.16216216216216217,0.375,0.21283783783783783,14,18
1527522,Denmark,+055:+009,0.48,0.5833333333333334,0.10333333333333339,9,15
1528884,Denmark,+055:+009,0.3888888888888889,0.3870967741935484,-0.0017921146953405187,13,18
1528902,Italy,+042:+015,0.2857142857142857,0.2857142857142857,0.0,4,17
1530899,Denmark,+055:+009,0.6363636363636364,0.65,0.013636363636363669,21,19
1532091,Denmark,+055:+009,0.22857142857142856,0.3870967741935484,0.1585253456221198,16,15
1533148,Denmark,+055:+009,0.4117647058823529,0.3448275862068966,-0.06693711967545635,11,18
1533235,Italy,+040:+013,0.2631578947368421,0.2777777777777778,0.0146198830409357,21,15
1533443,Denmark,+055:+009,0.5333333333333333,0.34782608695652173,-0.1855072463768116,10,13
1536809,Denmark,+055:+009,0.4782608695652174,0.6153846153846154,0.137123745819398,24,28
1539035,Denmark,+055:+009,0.5,0.5142857142857142,0.014285714285714235,20,15
1543700,Denmark,+055:+009,0.6,0.45454545454545453,-0.14545454545454545,25,19
1546679,Denmark,+054:+009,0.4,0.3125,-0.08750000000000002,11,21
1551438,Denmark,+054:+009,0.2962962962962963,0.36363636363636365,0.06734006734006737,7,15
1552252,Denmark,+055:+009,0.3333333333333333,0.45454545454545453,0.12121212121212122,22,22
1553637,Denmark,+055:+009,0.1951219512195122,0.3157894736842105,0.1206675224646983,26,12
1554515,Germany,+054:+009,0.23809523809523808,0.3888888888888889,0.1507936507936508,19,17
1556834,Denmark,+055:+009,0.37037037037037035,0.47619047619047616,0.10582010582010581,10,11
1559099,Denmark,+055:+009,0.3783783783783784,0.5161290322580645,0.1377506538796861,19,12
1561534,Denmark,+055:+009,0.5625,0.48,-0.08250000000000002,11,14
1561637,Denmark,+054:+009,0.5,0.46153846153846156,-0.038461538461538436,10,16
1562325,Denmark,+055:+009,0.2857142857142857,0.25,-0.0357142857142857,6,18
1563205,Denmark,+055:+009,0.6829268292682927,0.5714285714285714,-0.11149825783972134,21,21
1566846,Denmark,+055:+009,0.5306122448979592,0.5818181818181818,0.05120593692022257,28,27
1567265,Poland,+054:+017,0.3870967741935484,0.1951219512195122,-0.19197482297403617,12,29
1567718,Denmark,+054:+009,0.25,0.2962962962962963,0.04629629629629628,8,19
1568082,Denmark,+055:+009,0.3333333333333333,0.25,-0.08333333333333331,16,24
1569193,Denmark,+055:+009,0.3673469387755102,0.425531914893617,0.0581849761181068,30,17
1569544,Denmark,+055:+009,0.25,0.2608695652173913,0.010869565217391297,6,17
1573881,Denmark,+055:+009,0.25806451612903225,0.29411764705882354,0.03605313092979129,10,24
1574109,Denmark,+055:+009,0.0,0.0,0.0,3,23
1576212,Denmark,+055:+009,0.34285714285714286,0.35714285714285715,0.01428571428571429,18,10
1577002,France,+044:+006,0.3888888888888889,0.3902439024390244,0.0013550135501355087,14,27
1581751,Denmark,+054:+009,0.5384615384615384,0.6086956521739131,0.07023411371237465,12,11
1581872,Denmark,+055:+009,0.2,0.35294117647058826,0.15294117647058825,9,25
1581909,Denmark,+054:+009,0.0625,0.16666666666666666,0.10416666666666666,9,15
1586820,France,+044:+006,0.2909090909090909,0.3548387096774194,0.06392961876832848,32,30
1595063,Denmark,+055:+009,0.4375,0.375,-0.0625,11,21
1598725,Denmark,+055:+009,0.4864864864864865,0.42105263157894735,-0.06543385490753917,14,24
1599717,Denmark,+055:+009,0.5945945945945946,0.6285714285714286,0.03397683397683393,17,18
1599913,Denmark,+055:+009,0.391304347826087,0.375,-0.016304347826086973,24,24
1601800,Denmark,+055:+009,0.34285714285714286,0.3076923076923077,-0.03516483516483515,16,10
1602400,Denmark,+055:+009,0.38095238095238093,0.7058823529411765,0.3249299719887956,7,10
1602656,Denmark,+055:+009,0.45714285714285713,0.5714285714285714,0.11428571428571427,12,16
1603704,Denmark,+055:+009,0.46153846153846156,0.625,0.16346153846153844,16,16
1609312,Denmark,+055:+009,0.6666666666666666,0.6060606060606061,-0.06060606060606055,17,16
1609907,Denmark,+055:+009,0.4888888888888889,0.5,0.011111111111111127,24,24
1610242,Denmark,+055:+009,0.2702702702702703,0.358974358974359,0.08870408870408869,15,24
1611643,Denmark,+055:+009,0.3225806451612903,0.37037037037037035,0.047789725209080036,8,19
1612368,France,+044:-001,0.4,0.47058823529411764,0.07058823529411762,5,12
1613000,Denmark,+054:+009,0.37037037037037035,0.48,0.10962962962962963,7,18
1613999,Denmark,+055:+009,0.3870967741935484,0.56,0.17290322580645168,9,16
1617680,Denmark,+055:+009,0.45714285714285713,0.36363636363636365,-0.09350649350649348,16,17
1618051,Denmark,+054:+009,0.4166666666666667,0.23529411764705882,-0.18137254901960786,7,27
1619054,Italy,+040:+013,0.2,0.20689655172413793,0.006896551724137917,8,21
1629185,Denmark,+055:+009,0.06666666666666667,0.08333333333333333,0.016666666666666663,10,14
1629548,Denmark,+055:+009,0.07407407407407407,0.125,0.05092592592592593,9,23
1630186,Denmark,+054:+009,0.35714285714285715,0.4666666666666667,0.10952380952380952,12,18
1631283,France,+044:+006,0.42857142857142855,0.4067796610169492,-0.02179176755447937,33,26
1635622,Denmark,+055:+009,0.18181818181818182,0.1935483870967742,0.011730205278592365,13,18
1636162,Denmark,+055:+009,0.2857142857142857,0.5161290322580645,0.2304147465437788,11,20
1636613,Denmark,+055:+009,0.37209302325581395,0.42105263157894735,0.0489596083231334,19,19
1639043,Denmark,+055:+009,0.5294117647058824,0.5555555555555556,0.02614379084967322,16,20
1639926,Denmark,+055:+009,0.26666666666666666,0.4666666666666667,0.2,9,21
1640683,Denmark,+055:+009,0.5806451612903226,0.7407407407407407,0.16009557945041808,13,14
1641205,France,+042:+000,0.2564102564102564,0.37209302325581395,0.11568276684555756,13,30
1642849,Denmark,+055:+009,0.5106382978723404,0.21621621621621623,-0.29442208165612416,24,13
1643054,Denmark,+055:+009,0.717948717948718,0.6666666666666666,-0.05128205128205132,20,16
1643579,France,+044:-001,0.6666666666666666,0.8,0.13333333333333341,8,12
1650607,Denmark,+055:+009,0.2222222222222222,0.2564102564102564,0.03418803418803418,14,25
1652071,Denmark,+055:+009,0.0,0.0,0.0,8,17
1653112,Denmark,+054:+009,0.48484848484848486,0.5142857142857142,0.029437229437229373,19,16
1661407,Denmark,+055:+009,0.4897959183673469,0.43902439024390244,-0.05077152812344449,24,17
1661677,Denmark,+055:+009,0.32432432432432434,0.3225806451612903,-0.0017436791630340287,19,12
1665204,Denmark,+055:+009,0.46153846153846156,0.4864864864864865,0.02494802494802495,18,19
1668910,Denmark,+055:+009,0.42857142857142855,0.5714285714285714,0.14285714285714285,7,14
1670385,Poland,+054:+017,0.25,0.45454545454545453,0.20454545454545453,7,15
1671097,Denmark,+054:+009,0.3870967741935484,0.35294117647058826,-0.03415559772296012,13,21
1671868,Denmark,+054:+009,0.42857142857142855,0.6666666666666666,0.23809523809523808,12,12
1673130,Denmark,+055:+009,0.3125,0.24,-0.07250000000000001,12,13
1673682,Denmark,+055:+009,0.5714285714285714,0.56,-0.011428571428571344,11,14
1673713,France,+042:+000,0.23076923076923078,0.24561403508771928,0.014844804318488503,32,25
1674416,Denmark,+054:+009,0.25,0.16666666666666666,-0.08333333333333334,18,18
1675976,Denmark,+055:+009,0.47058823529411764,0.5306122448979592,0.06002400960384158,26,23
1676015,Denmark,+055:+009,0.6206896551724138,0.42857142857142855,-0.19211822660098526,10,18
1676409,Denmark,+054:+009,0.24242424242424243,0.2222222222222222,-0.02020202020202022,13,23
1676932,Denmark,+055:+009,0.4,0.6666666666666666,0.2666666666666666,5,10
1677665,Denmark,+054:+009,0.4,0.5625,0.16249999999999998,18,14
1678203,Denmark,+055:+009,0.5263157894736842,0.4,-0.12631578947368416,16,19
1679973,France,+043:+007,0.21739130434782608,0.044444444444444446,-0.17294685990338163,23,22
1680271,Denmark,+054:+009,0.2,0.27586206896551724,0.07586206896551723,13,16
1681400,Denmark,+055:+009,0.2222222222222222,0.125,-0.09722222222222221,3,13
1682386,France,+043:+000,0.46511627906976744,0.425531914893617,-0.03958436417615041,24,23
1683934,Denmark,+055:+009,0.15789473684210525,0.21621621621621623,0.058321479374110974,19,18
1687394,Denmark,+054:+009,0.23529411764705882,0.2222222222222222,-0.01307189542483661,11,16
1688994,Denmark,+055:+009,0.2631578947368421,0.2564102564102564,-0.006747638326585703,18,21
1691051,Denmark,+054:+009,0.4,0.5714285714285714,0.17142857142857137,13,15
1691152,Germany,+054:+009,0.30303030303030304,0.14285714285714285,-0.1601731601731602,13,15
1692418,Denmark,+054:+009,0.38461538461538464,0.4444444444444444,0.05982905982905978,8,19
1695318,Denmark,+055:+009,0.5853658536585366,0.5641025641025641,-0.021263289555972453,18,21
1695780,Denmark,+054:+009,0.3333333333333333,0.4,0.06666666666666671,20,15
1700636,Denmark,+055:+009,0.06060606060606061,0.0625,0.0018939393939393923,14,18
1703156,France,+043:+000,0.5517241379310345,0.5614035087719298,0.009679370840895318,33,24
1703900,France,+043:+007,0.2571428571428571,0.2857142857142857,0.02857142857142858,49,28
1704013,Denmark,+055:+009,0.5517241379310345,0.4166666666666667,-0.1350574712643678,12,12
1706268,France,+046:+000,0.4864864864864865,0.358974358974359,-0.12751212751212754,19,20
1706552,Denmark,+055:+009,0.43902439024390244,0.5714285714285714,0.13240418118466896,22,20
1709875,Italy,+042:+015,0.09523809523809523,0.1,0.004761904761904773,4,16
1710529,Italy,+046:+013,0.24242424242424243,0.24242424242424243,0.0,11,22
1710982,Denmark,+055:+009,0.3333333333333333,0.3684210526315789,0.03508771929824561,13,25
1712874,Denmark,+055:+009,0.25,0.17142857142857143,-0.07857142857142857,10,25
1713951,Denmark,+055:+009,0.5142857142857142,0.35,-0.16428571428571426,15,25
1715034,Denmark,+055:+009,0.1875,0.35294117647058826,0.16544117647058826,16,18
1715340,France,+044:+006,0.25806451612903225,0.15789473684210525,-0.100169779286927,10,28
1716050,Denmark,+055:+009,0.5333333333333333,0.45,-0.08333333333333331,22,18
1716543,Denmark,+054:+009,0.48484848484848486,0.48,-0.00484848484848488,15,10
1718159,Denmark,+055:+009,0.5625,0.5185185185185185,-0.04398148148148151,17,10
1720552,Denmark,+054:+009,0.34782608695652173,0.43478260869565216,0.08695652173913043,7,16
1721695,Denmark,+055:+009,0.07142857142857142,0.07407407407407407,0.0026455026455026454,7,20
1721828,Denmark,+055:+009,0.3157894736842105,0.42105263157894735,0.10526315789473684,5,14
1724062,Denmark,+054:+009,0.42857142857142855,0.23809523809523808,-0.19047619047619047,25,17
1724319,Denmark,+055:+009,0.4444444444444444,0.4888888888888889,0.04444444444444445,22,23
1724436,Italy,+042:+015,0.09090909090909091,0.10526315789473684,0.014354066985645925,3,16
1727505,Denmark,+055:+009,0.4,0.375,-0.025000000000000022,31,17
1731172,Denmark,+055:+009,0.3902439024390244,0.4,0.009756097560975618,19,16
1731910,Denmark,+054:+009,0.3508771929824561,0.42105263157894735,0.07017543859649122,34,23
1732199,Denmark,+055:+009,0.25806451612903225,0.30303030303030304,0.04496578690127079,9,24
1735037,Denmark,+055:+009,0.25806451612903225,0.2962962962962963,0.03823178016726403,9,18
1736039,Denmark,+054:+009,0.48,0.4,-0.07999999999999996,11,14
1736362,France,+043:+000,0.5614035087719298,0.6229508196721312,0.06154731090020138,37,24
1736900,Denmark,+055:+009,0.32558139534883723,0.45454545454545453,0.1289640591966173,25,19
1742624,France,+044:-001,0.6153846153846154,0.72,0.10461538461538455,11,14
1745263,Denmark,+055:+009,0.25806451612903225,0.2702702702702703,0.012205754141238034,9,28
1753167,Denmark,+054:+009,0.425531914893617,0.391304347826087,-0.03422756706753005,24,22
1754409,Poland,+054:+017,0.06451612903225806,0.05714285714285714,-0.007373271889400922,6,29
1755291,Denmark,+055:+009,0.2608695652173913,0.2692307692307692,0.00836120401337792,29,23
1756184,Denmark,+055:+009,0.20689655172413793,0.5217391304347826,0.3148425787106447,13,10
1756643,Denmark,+055:+009,0.5,0.3333333333333333,-0.16666666666666669,22,20
1757774,Denmark,+055:+009,0.45454545454545453,0.6666666666666666,0.2121212121212121,5,10
1757936,France,+044:-001,0.2,0.2,0.0,3,17
1758158,Austria,+046:+013,0.4827586206896552,0.3835616438356164,-0.09919697685403878,33,40
1758377,Denmark,+054:+009,0.3333333333333333,0.3333333333333333,0.0,7,17
1762247,Denmark,+054:+009,0.38461538461538464,0.6,0.21538461538461534,7,13
1767132,Denmark,+055:+009,0.2702702702702703,0.35,0.07972972972972969,15,25
1770969,France,+043:+007,0.27450980392156865,0.3333333333333333,0.05882352941176466,28,20
1771541,Denmark,+055:+009,0.32432432432432434,0.41025641025641024,0.0859320859320859,16,23
1774327,Denmark,+055:+009,0.5333333333333333,0.5185185185185185,-0.014814814814814836,11,16
1775625,Denmark,+054:+009,0.15384615384615385,0.14285714285714285,-0.010989010989011005,8,20
1777661,Italy,+046:+013,0.09523809523809523,0.14545454545454545,0.050216450216450215,15,40
1777892,Denmark,+055:+009,0.41379310344827586,0.4,-0.013793103448275834,11,19
1778163,Denmark,+055:+009,0.5454545454545454,0.5882352941176471,0.042780748663101664,13,21
1778623,Denmark,+054:+009,0.2926829268292683,0.3333333333333333,0.04065040650406504,22,20
1779393,Denmark,+055:+009,0.37209302325581395,0.358974358974359,-0.013118664281454973,23,16
1779463,Denmark,+055:+009,0.0,0.0625,0.0625,9,23
1779499,Denmark,+055:+009,0.5217391304347826,0.5882352941176471,0.06649616368286448,9,8
1787835,Denmark,+055:+009,0.30303030303030304,0.2857142857142857,-0.01731601731601734,14,21
1789300,Denmark,+055:+009,0.4864864864864865,0.4864864864864865,0.0,13,24
1790086,Denmark,+055:+009,0.35294117647058826,0.3333333333333333,-0.019607843137254943,16,14
1791064,Denmark,+055:+009,0.4,0.4,0.0,22,18
1795932,Denmark,+055:+009,0.4,0.2962962962962963,-0.10370370370370374,12,15
1798013,Denmark,+055:+009,0.2702702702702703,0.0625,-0.20777027027027029,14,18
1798637,Denmark,+054:+009,0.07142857142857142,0.0,-0.07142857142857142,9,21
1799557,Denmark,+055:+009,0.3333333333333333,0.48,0.14666666666666667,10,15
1799696,Denmark,+055:+009,0.5769230769230769,0.43902439024390244,-0.13789868667917443,29,12
1801949,Denmark,+054:+009,0.3157894736842105,0.5714285714285714,0.2556390977443609,6,8
1802984,Denmark,+055:+009,0.36363636363636365,0.5714285714285714,0.20779220779220775,12,16
1803303,Germany,+054:+009,0.2,0.25,0.04999999999999999,2,14
1807445,Slovakia,+048:+018,0.23333333333333334,0.1891891891891892,-0.04414414414414414,34,40
1810117,France,+042:+000,0.5116279069767442,0.4074074074074074,-0.10422049956933682,23,31
1810430,Denmark,+055:+009,0.3333333333333333,0.20512820512820512,-0.1282051282051282,17,22
1813708,Denmark,+055:+009,0.5517241379310345,0.5925925925925926,0.040868454661558085,12,15
1815487,Denmark,+055:+009,0.3783783783783784,0.2962962962962963,-0.08208208208208212,17,10
1816025,Denmark,+054:+009,0.2962962962962963,0.24,-0.05629629629629629,10,15
1820095,Denmark,+054:+009,0.20689655172413793,0.3225806451612903,0.11568409343715239,12,19
1822932,Denmark,+055:+009,0.34285714285714286,0.34285714285714286,0.0,11,24
1824788,Denmark,+055:+009,0.13333333333333333,0.16216216216216217,0.02882882882882884,14,23
1825114,Denmark,+054:+009,0.2,0.1935483870967742,-0.006451612903225823,16,15
1825572,Italy,+042:+015,0.1,0.125,0.024999999999999994,1,15
1826383,Denmark,+055:+009,0.15384615384615385,0.08,-0.07384615384615385,3,22
1826412,Denmark,+055:+009,0.4117647058823529,0.45714285714285713,0.04537815126050421,12,23
1839966,Denmark,+054:+009,0.5,0.5714285714285714,0.0714285714285714,17,18
1840485,Denmark,+055:+009,0.375,0.42857142857142855,0.05357142857142855,13,15
1840679,France,+043:+007,0.1568627450980392,0.28,0.12313725490196081,30,20
1843354,Denmark,+055:+009,0.26666666666666666,0.3870967741935484,0.12043010752688171,12,19
1843384,Italy,+042:+015,0.18181818181818182,0.18181818181818182,0.0,4,18
1843840,Denmark,+054:+009,0.36363636363636365,0.5217391304347826,0.15810276679841895,8,15
1845166,Germany,+054:+009,0.3333333333333333,0.35714285714285715,0.023809523809523836,9,19
1845756,Denmark,+055:+009,0.25,0.3684210526315789,0.11842105263157893,8,30
1845920,Denmark,+054:+009,0.3333333333333333,0.4375,0.10416666666666669,15,17
1846721,Denmark,+055:+009,0.7407407407407407,0.5714285714285714,-0.1693121693121693,12,16
1847516,Denmark,+055:+009,0.25806451612903225,0.35294117647058826,0.09487666034155601,16,18
1848644,Denmark,+055:+009,0.3333333333333333,0.42105263157894735,0.08771929824561403,13,25
1849456,Denmark,+055:+009,0.35294117647058826,0.375,0.022058823529411742,17,15
1852003,Denmark,+055:+009,0.6046511627906976,0.7368421052631579,0.13219094247246022,17,21
1853426,Denmark,+055:+009,0.12244897959183673,0.2127659574468085,0.09031697785497178,25,22
1853994,Denmark,+055:+009,0.5116279069767442,0.5652173913043478,0.053589484327603576,23,23
1854055,Denmark,+055:+009,0.45161290322580644,0.47058823529411764,0.0189753320683112,8,26
1862239,Denmark,+055:+009,0.4117647058823529,0.3870967741935484,-0.024667931688804545,11,20
1863796,Poland,+054:+017,0.5333333333333333,0.48148148148148145,-0.05185185185185187,21,33
1864619,France,+044:+000,0.4,0.3404255319148936,-0.05957446808510641,15,32
1868557,Denmark,+055:+009,0.5238095238095238,0.4782608695652174,-0.04554865424430643,22,24
1869260,Denmark,+055:+009,0.3333333333333333,0.2857142857142857,-0.047619047619047616,25,24
1872362,Denmark,+055:+009,0.41379310344827586,0.72,0.3062068965517241,14,11
1873508,Denmark,+055:+009,0.25,0.23809523809523808,-0.011904761904761918,23,19
1879608,Denmark,+055:+009,0.32,0.4166666666666667,0.09666666666666668,9,15
1880069,Denmark,+055:+009,0.4444444444444444,0.375,-0.06944444444444442,16,16
1880924,Italy,+044:+011,0.25,0.4666666666666667,0.21666666666666667,32,28
1882996,Denmark,+055:+009,0.5581395348837209,0.6111111111111112,0.05297157622739024,19,17
1884164,Denmark,+055:+009,0.17647058823529413,0.17142857142857143,-0.005042016806722699,13,22
1887839,Denmark,+054:+009,0.42424242424242425,0.6451612903225806,0.22091886608015637,14,17
1889096,Italy,+042:+015,0.13333333333333333,0.1875,0.05416666666666667,13,19
1891643,France,+044:-001,0.21052631578947367,0.46153846153846156,0.2510121457489879,4,9
1893751,France,+044:-001,0.5185185185185185,0.6666666666666666,0.14814814814814814,10,11
1895263,France,+043:+007,0.28,0.20689655172413793,-0.0731034482758621,30,28
1898906,Denmark,+055:+009,0.25,0.27586206896551724,0.025862068965517238,8,21
1900560,Denmark,+055:+009,0.5294117647058824,0.5161290322580645,-0.013282732447817858,10,21
1902457,Denmark,+055:+009,0.20512820512820512,0.3888888888888889,0.18376068376068377,15,21
1902887,Italy,+042:+015,0.2,0.09090909090909091,-0.1090909090909091,3,19
1904977,Denmark,+055:+009,0.4642857142857143,0.2962962962962963,-0.16798941798941802,34,20
1909495,Poland,+054:+017,0.5238095238095238,0.4528301886792453,-0.07097933513027854,20,33
1918187,Italy,+042:+015,0.0,0.0,0.0,4,14
1918481,Denmark,+055:+009,0.5490196078431373,0.5106382978723404,-0.03838130997079692,27,20
1925145,Denmark,+055:+009,0.3225806451612903,0.3076923076923077,-0.014888337468982604,10,16
1925464,Denmark,+055:+009,0.45,0.5,0.04999999999999999,21,19
1925863,Denmark,+055:+009,0.3870967741935484,0.45161290322580644,0.06451612903225806,14,17
1926251,France,+044:+000,0.5,0.47368421052631576,-0.026315789473684237,12,26
1926286,Italy,+046:+013,0.20512820512820512,0.2222222222222222,0.01709401709401709,18,27
1927108,Denmark,+055:+009,0.22857142857142856,0.17647058823529413,-0.052100840336134435,14,20
1927685,Denmark,+055:+009,0.38095238095238093,0.3157894736842105,-0.06516290726817042,7,12
1930886,Denmark,+055:+009,0.5294117647058824,0.5806451612903226,0.05123339658444026,13,18
1932881,France,+044:-001,0.6153846153846154,0.6666666666666666,0.05128205128205121,10,14
1933787,Denmark,+055:+009,0.16,0.2608695652173913,0.1008695652173913,8,15
1935030,France,+044:+006,0.5405405405405406,0.46511627906976744,-0.07542426147077314,14,29
1936646,Italy,+042:+015,0.18181818181818182,0.2222222222222222,0.04040404040404039,4,14
1937349,Denmark,+055:+009,0.45454545454545453,0.45454545454545453,0.0,19,25
1937981,Denmark,+055:+009,0.3888888888888889,0.42105263157894735,0.03216374269005845,18,20
1938860,Denmark,+055:+009,0.4,0.47619047619047616,0.07619047619047614,7,14
1944619,Denmark,+055:+009,0.5777777777777777,0.6666666666666666,0.0888888888888889,23,22
1945537,Denmark,+054:+009,0.45161290322580644,0.4827586206896552,0.031145717463848754,9,20
1946469,Denmark,+055:+009,0.29411764705882354,0.4,0.10588235294117648,12,23
1947211,Denmark,+055:+009,0.19607843137254902,0.2608695652173913,0.06479113384484228,28,18
1947358,Denmark,+055:+009,0.41379310344827586,0.46153846153846156,0.04774535809018571,7,19
1948400,Slovenia,+046:+013,0.09090909090909091,0.0,-0.09090909090909091,3,15
1951608,France,+044:-001,0.5714285714285714,0.6,0.02857142857142858,6,14
1951628,Denmark,+055:+009,0.2962962962962963,0.1875,-0.10879629629629628,10,22
1954449,Denmark,+055:+009,0.2631578947368421,0.4,0.13684210526315793,18,17
1956569,Denmark,+055:+009,0.3939393939393939,0.4,0.0060606060606061,43,22
1958303,Germany,+054:+009,0.34782608695652173,0.4444444444444444,0.09661835748792269,4,14
1960677,Germany,+054:+009,0.4444444444444444,0.5,0.05555555555555558,9,11
1964248,Denmark,+055:+009,0.20689655172413793,0.3448275862068966,0.13793103448275865,7,22
1964544,France,+043:+007,0.18604651162790697,0.13636363636363635,-0.04968287526427062,21,23
1968347,Denmark,+054:+009,0.0,0.0,0.0,13,22
1968399,France,+044:-001,0.3,0.3,0.0,3,17
1970266,Denmark,+055:+009,0.24242424242424243,0.2702702702702703,0.027846027846027854,12,25
1971230,France,+046:+006,0.2727272727272727,0.24,-0.032727272727272716,20,30
1974580,Poland,+054:+017,0.625,0.5185185185185185,-0.10648148148148151,24,30
1978047,France,+044:+000,0.43902439024390244,0.5,0.06097560975609756,18,26
1983474,Denmark,+055:+009,0.2926829268292683,0.3684210526315789,0.07573812580231065,20,18
1983643,Denmark,+055:+009,0.5161290322580645,0.5161290322580645,0.0,15,16
1985541,Denmark,+055:+009,0.45714285714285713,0.5185185185185185,0.06137566137566136,13,14
1986545,Denmark,+055:+009,0.4,0.3333333333333333,-0.06666666666666671,14,22
1987026,Denmark,+055:+009,0.2564102564102564,0.2857142857142857,0.02930402930402931,22,20
1988310,Denmark,+054:+009,0.3870967741935484,0.7692307692307693,0.3821339950372209,14,12
1990110,Denmark,+055:+009,0.5217391304347826,0.5555555555555556,0.033816425120772986,8,10
1994060,Denmark,+054:+009,0.1875,0.32,0.1325,9,16
1994979,Denmark,+054:+009,0.3333333333333333,0.375,0.041666666666666685,11,21
1995674,Denmark,+055:+009,0.2857142857142857,0.38095238095238093,0.09523809523809523,16,26
1996676,Italy,+040:+013,0.08695652173913043,0.10810810810810811,0.021151586368977682,6,31
1997078,Poland,+054:+017,0.6274509803921569,0.4727272727272727,-0.15472370766488414,28,27
1997309,Denmark,+055:+009,0.20689655172413793,0.2962962962962963,0.08939974457215835,11,16
1997641,France,+044:+000,0.3181818181818182,0.391304347826087,0.0731225296442688,21,25
2004434,Denmark,+055:+009,0.5416666666666666,0.5238095238095238,-0.017857142857142794,24,18
2004724,Denmark,+055:+009,0.5,0.7272727272727273,0.2272727272727273,18,15
2005491,France,+044:+006,0.15384615384615385,0.20408163265306123,0.050235478806907374,17,32
2006836,Denmark,+055:+009,0.5,0.46511627906976744,-0.034883720930232565,18,25
2007487,Poland,+054:+017,0.5833333333333334,0.34375,-0.23958333333333337,24,40
2011051,Poland,+054:+017,0.7272727272727273,0.6530612244897959,-0.07421150278293143,23,26
2013932,France,+044:-001,0.5,0.7777777777777778,0.2777777777777778,8,10
2016152,Denmark,+055:+009,0.34285714285714286,0.3684210526315789,0.025563909774436067,13,25
2016609,Poland,+054:+017,0.5306122448979592,0.46153846153846156,-0.06907378335949765,22,30
2019429,France,+044:+006,0.29213483146067415,0.30303030303030304,0.01089547156962889,63,36
2021945,Denmark,+054:+009,0.4375,0.4375,0.0,15,17
2024591,Denmark,+054:+009,0.21052631578947367,0.17391304347826086,-0.03661327231121281,5,18
2024724,Slovakia,+048:+018,0.20833333333333334,0.09230769230769231,-0.11602564102564103,25,40
2026956,Denmark,+055:+009,0.16,0.4,0.24000000000000002,7,13
2032504,Denmark,+054:+009,0.46808510638297873,0.4878048780487805,0.019719771665801744,23,18
2032769,Denmark,+055:+009,0.4444444444444444,0.42857142857142855,-0.015873015873015872,5,9
2032908,Denmark,+054:+009,0.3888888888888889,0.42857142857142855,0.03968253968253965,13,15
2037330,France,+044:+006,0.47368421052631576,0.46511627906976744,-0.008567931456548328,17,26
2040348,Denmark,+055:+009,0.24242424242424243,0.30303030303030304,0.06060606060606061,10,23
2044901,France,+044:+000,0.4444444444444444,0.4444444444444444,0.0,8,28
2046024,Denmark,+055:+009,0.25,0.42105263157894735,0.17105263157894735,11,27
2046861,Denmark,+054:+009,0.2857142857142857,0.24242424242424243,-0.04329004329004327,8,25
2047874,Denmark,+054:+009,0.0,0.0,0.0,2,16
2047960,Denmark,+055:+009,0.16666666666666666,0.2631578947368421,0.09649122807017543,13,25
2048111,France,+044:-001,0.35714285714285715,0.35714285714285715,0.0,10,18
2051063,France,+044:+006,0.11428571428571428,0.0,-0.11428571428571428,11,19
2051315,Denmark,+055:+009,0.3076923076923077,0.3333333333333333,0.025641025641025605,9,15
2052072,Denmark,+055:+009,0.17647058823529413,0.1875,0.011029411764705871,18,14
2054681,Denmark,+055:+009,0.5882352941176471,0.48484848484848486,-0.10338680926916222,14,19
2056943,Denmark,+055:+009,0.14285714285714285,0.125,-0.01785714285714285,9,23
2057035,France,+043:+000,0.6363636363636364,0.6956521739130435,0.059288537549407105,20,26
2059266,Poland,+054:+017,0.5,0.4482758620689655,-0.051724137931034475,31,27
2064258,Denmark,+055:+009,0.5384615384615384,0.42857142857142855,-0.10989010989010989,10,18
2065553,Denmark,+054:+009,0.32653061224489793,0.5531914893617021,0.22666087711680422,26,21
2068217,Denmark,+055:+009,0.3333333333333333,0.5333333333333333,0.2,12,18
2070918,Denmark,+055:+009,0.4,0.3684210526315789,-0.031578947368421095,17,21
2072160,Denmark,+054:+009,0.0,0.0,0.0,9,20
2072734,Denmark,+055:+009,0.46511627906976744,0.4444444444444444,-0.020671834625323016,25,20
2072981,Italy,+040:+013,0.43243243243243246,0.2777777777777778,-0.15465465465465467,19,17
2073163,Norway,+059:+010,0.15384615384615385,0.045454545454545456,-0.1083916083916084,4,40
2076201,Denmark,+055:+009,0.5128205128205128,0.47058823529411764,-0.042232277526395134,19,15
2077589,Denmark,+055:+009,0.32432432432432434,0.2857142857142857,-0.038610038610038644,16,26
2078043,Denmark,+054:+009,0.1702127659574468,0.3076923076923077,0.1374795417348609,26,26
2078577,Denmark,+054:+009,0.5,0.4827586206896552,-0.017241379310344807,11,18
2083524,Denmark,+054:+009,0.46153846153846156,0.3076923076923077,-0.15384615384615385,10,16
2083659,Denmark,+055:+009,0.3333333333333333,0.45454545454545453,0.12121212121212122,8,14
2084035,Denmark,+054:+009,0.045454545454545456,0.05263157894736842,0.007177033492822962,24,14
2086613,Denmark,+055:+009,0.5,0.43243243243243246,-0.06756756756756754,16,21
2086616,France,+044:+006,0.2777777777777778,0.38095238095238093,0.10317460317460314,13,29
2087024,Denmark,+055:+009,0.42857142857142855,0.5925925925925926,0.164021164021164,13,14
2090500,Denmark,+055:+009,0.4444444444444444,0.5161290322580645,0.07168458781362008,15,16
2091166,Denmark,+055:+009,0.56,0.6666666666666666,0.10666666666666658,10,11
2091994,Denmark,+055:+009,0.36363636363636365,0.5555555555555556,0.19191919191919193,16,20
2092733,Denmark,+055:+009,0.6956521739130435,0.72,0.024347826086956514,11,14
2099360,Denmark,+055:+009,0.46153846153846156,0.47619047619047616,0.0146520146520146,17,25
2101101,France,+043:+007,0.21052631578947367,0.1509433962264151,-0.059582919563058584,30,23
2101291,Denmark,+055:+009,0.2727272727272727,0.2727272727272727,0.0,6,16
2105452,France,+048:+002,0.6086956521739131,0.5365853658536586,-0.07211028632025451,20,21
2106373,Denmark,+054:+009,0.20512820512820512,0.22857142857142856,0.023443223443223443,15,20
2110264,Denmark,+055:+009,0.625,0.5714285714285714,-0.0535714285714286,12,16
2110880,Denmark,+055:+009,0.6037735849056604,0.6086956521739131,0.004922067268252728,25,21
2113845,Denmark,+054:+009,0.42857142857142855,0.4,-0.028571428571428525,12,18
2118904,Denmark,+055:+009,0.4444444444444444,0.46153846153846156,0.017094017094017144,16,23
2120226,Denmark,+054:+009,0.2962962962962963,0.11764705882352941,-0.17864923747276687,9,25
2122255,Denmark,+054:+009,0.41379310344827586,0.631578947368421,0.21778584392014516,9,10
2123216,Denmark,+054:+009,0.13793103448275862,0.21621621621621623,0.07828518173345761,9,28
2125064,France,+048:+002,0.3333333333333333,0.3157894736842105,-0.017543859649122806,13,25
2125236,Denmark,+055:+009,0.5454545454545454,0.47058823529411764,-0.07486631016042777,10,24
2127949,Denmark,+055:+009,0.35294117647058826,0.35294117647058826,0.0,13,21
2127979,Denmark,+055:+009,0.2857142857142857,0.3333333333333333,0.047619047619047616,10,20
2128867,France,+044:-001,0.48,0.6666666666666666,0.18666666666666665,8,13
2130620,Denmark,+055:+009,0.09523809523809523,0.26666666666666666,0.17142857142857143,2,13
2137452,Denmark,+054:+009,0.3333333333333333,0.25,-0.08333333333333331,11,21
2137610,Denmark,+055:+009,0.36363636363636365,0.25,-0.11363636363636365,11,21
2138371,France,+048:+002,0.38095238095238093,0.46511627906976744,0.0841638981173865,17,26
2138432,France,+043:+007,0.49056603773584906,0.39285714285714285,-0.09770889487870621,33,23
2141616,Poland,+054:+017,0.07692307692307693,0.21428571428571427,0.13736263736263735,4,24
2142067,Denmark,+055:+009,0.4444444444444444,0.5,0.05555555555555558,16,20
2144967,Denmark,+055:+009,0.15789473684210525,0.21052631578947367,0.05263157894736842,15,23
2145974,France,+046:+006,0.6,0.5882352941176471,-0.0117647058823529,33,35
2146490,France,+043:+007,0.40625,0.4126984126984127,0.0064484126984126755,43,20
2147117,Denmark,+055:+009,0.4,0.38461538461538464,-0.015384615384615385,12,14
2149424,Denmark,+055:+009,0.5,0.6086956521739131,0.10869565217391308,11,12
2150052,Denmark,+055:+009,0.24242424242424243,0.35,0.10757575757575755,14,26
2150577,Denmark,+055:+009,0.5714285714285714,0.4827586206896552,-0.0886699507389162,10,19
2154513,Denmark,+055:+009,0.5490196078431373,0.4888888888888889,-0.06013071895424843,26,19
2166017,Denmark,+055:+009,0.42424242424242425,0.5517241379310345,0.12748171368861022,11,18
2167072,France,+046:+006,0.3728813559322034,0.36923076923076925,-0.003650586701434144,33,32
2177271,France,+044:-001,0.5454545454545454,0.6666666666666666,0.12121212121212122,6,12
2178715,Denmark,+055:+009,0.16666666666666666,0.18181818181818182,0.015151515151515166,12,21
2179027,Denmark,+054:+009,0.2222222222222222,0.26666666666666666,0.04444444444444445,27,18
2181635,Denmark,+055:+009,0.4878048780487805,0.4878048780487805,0.0,18,23
2183833,Denmark,+055:+009,0.14285714285714285,0.34782608695652173,0.20496894409937888,7,16
2185275,Denmark,+055:+009,0.2,0.4,0.2,10,20
2186595,France,+044:-001,0.5,0.6206896551724138,0.12068965517241381,13,16
2187327,Norway,+059:+010,0.0,0.0,0.0,14,23
2187713,Denmark,+055:+009,0.30303030303030304,0.27586206896551724,-0.0271682340647858,14,15
2188362,Denmark,+055:+009,0.16216216216216217,0.1935483870967742,0.03138622493461202,11,20
2192414,Denmark,+055:+009,0.391304347826087,0.5365853658536586,0.1452810180275716,22,19
2194147,Denmark,+055:+009,0.20689655172413793,0.23529411764705882,0.028397565922920892,10,24
2194974,Denmark,+055:+009,0.41509433962264153,0.44,0.024905660377358474,29,21
2195149,France,+044:+006,0.3389830508474576,0.4594594594594595,0.12047640861200187,34,40
2199254,Denmark,+055:+009,0.375,0.41379310344827586,0.038793103448275856,10,19
2202125,Poland,+054:+017,0.42857142857142855,0.5454545454545454,0.11688311688311687,9,13
2202345,France,+044:+006,0.4878048780487805,0.43478260869565216,-0.053022269353128315,18,28
2205843,Denmark,+054:+009,0.23076923076923078,0.45454545454545453,0.22377622377622375,9,13
2208740,Denmark,+055:+009,0.21428571428571427,0.08333333333333333,-0.13095238095238093,3,21
2209107,France,+044:-001,0.43478260869565216,0.5263157894736842,0.09153318077803202,7,12
2209138,Denmark,+055:+009,0.22857142857142856,0.2702702702702703,0.04169884169884172,13,24
2211057,Denmark,+055:+009,0.09090909090909091,0.10526315789473684,0.014354066985645925,6,13
2211428,Denmark,+054:+009,0.3870967741935484,0.3333333333333333,-0.05376344086021506,14,16
2213405,Denmark,+054:+009,0.4,0.4,0.0,12,18
2213468,Denmark,+055:+009,0.5,0.4878048780487805,-0.012195121951219523,22,19
2214833,Denmark,+055:+009,0.36363636363636365,0.3870967741935484,0.02346041055718473,17,14
2215251,Denmark,+055:+009,0.15789473684210525,0.30303030303030304,0.14513556618819778,17,16
2216075,Denmark,+055:+009,0.375,0.391304347826087,0.016304347826086973,26,20
2216160,Poland,+054:+017,0.4230769230769231,0.3333333333333333,-0.08974358974358976,27,39
2216208,Denmark,+055:+009,0.3333333333333333,0.27906976744186046,-0.054263565891472854,18,25
2218066,Denmark,+055:+009,0.5098039215686274,0.43478260869565216,-0.07502131287297525,28,18
2219537,France,+048:+002,0.32558139534883723,0.3684210526315789,0.042839657282741694,18,20
2224880,Denmark,+055:+009,0.5,0.4444444444444444,-0.05555555555555558,7,11
2225909,Denmark,+055:+009,0.38095238095238093,0.45454545454545453,0.0735930735930736,6,16
2227070,Denmark,+054:+009,0.06060606060606061,0.06666666666666667,0.006060606060606058,11,19
2227866,Denmark,+055:+009,0.5,0.5,0.0,16,16
2228259,Denmark,+055:+009,0.36363636363636365,0.36363636363636365,0.0,10,23
2235148,Denmark,+054:+009,0.4375,0.5185185185185185,0.08101851851851849,11,16
2236835,France,+042:+000,0.3673469387755102,0.3333333333333333,-0.03401360544217691,29,37
2238319,Denmark,+055:+009,0.2857142857142857,0.26666666666666666,-0.019047619047619035,10,20
2243272,Denmark,+055:+009,0.6181818181818182,0.6153846153846154,-0.002797202797202747,29,23
2248753,Denmark,+054:+009,0.18181818181818182,0.1568627450980392,-0.02495543672014261,16,35
2250431,Denmark,+055:+009,0.4864864864864865,0.5294117647058824,0.042925278219395846,17,17
2250539,France,+043:+000,0.4186046511627907,0.32,-0.09860465116279071,23,27
2250652,Denmark,+055:+009,0.35,0.42105263157894735,0.07105263157894737,17,21
2252697,Denmark,+055:+009,0.47368421052631576,0.3870967741935484,-0.08658743633276739,20,11
2253309,Denmark,+055:+009,0.43902439024390244,0.41025641025641024,-0.028767979987492198,16,23
2255958,France,+044:+006,0.358974358974359,0.3137254901960784,-0.04524886877828055,19,32
2256122,Denmark,+055:+009,0.3333333333333333,0.43243243243243246,0.09909909909909914,14,23
2257369,Denmark,+055:+009,0.2926829268292683,0.16666666666666666,-0.12601626016260162,20,16
2259084,Denmark,+055:+009,0.4090909090909091,0.5581395348837209,0.1490486257928118,20,23
2259757,Denmark,+054:+009,0.3333333333333333,0.38095238095238093,0.047619047619047616,9,12
2261387,Italy,+042:+015,0.09090909090909091,0.11764705882352941,0.0267379679144385,2,15
2263087,Denmark,+055:+009,0.3333333333333333,0.36363636363636365,0.03030303030303033,17,16
2263857,France,+044:-001,0.42857142857142855,0.5517241379310345,0.12315270935960593,9,20
2265822,Italy,+040:+013,0.2564102564102564,0.35555555555555557,0.09914529914529918,22,23
2266020,Denmark,+055:+009,0.5,0.5217391304347826,0.021739130434782594,10,13
2266286,Denmark,+055:+009,0.14814814814814814,0.36363636363636365,0.2154882154882155,5,17
2266884,Poland,+052:+019,0.2857142857142857,0.3611111111111111,0.0753968253968254,34,38
2267797,Denmark,+054:+009,0.21428571428571427,0.2962962962962963,0.082010582010582,10,17
2270082,Denmark,+055:+009,0.06060606060606061,0.07142857142857142,0.010822510822510817,10,18
2270132,France,+048:+002,0.16666666666666666,0.18181818181818182,0.015151515151515166,4,18
2271919,Denmark,+055:+009,0.4166666666666667,0.36363636363636365,-0.05303030303030304,27,17
2273361,Denmark,+055:+009,0.07407407407407407,0.27586206896551724,0.20178799489144317,7,22
2273416,Denmark,+055:+009,0.5405405405405406,0.47058823529411764,-0.06995230524642293,19,15
2273906,Denmark,+055:+009,0.3333333333333333,0.42424242424242425,0.09090909090909094,14,19
2274385,Denmark,+055:+009,0.21428571428571427,0.4166666666666667,0.2023809523809524,11,13
2279788,Denmark,+055:+009,0.6060606060606061,0.5714285714285714,-0.03463203463203468,14,14
2279842,Denmark,+055:+009,0.27586206896551724,0.21428571428571427,-0.061576354679802964,7,21
2280394,Denmark,+055:+009,0.43243243243243246,0.4,-0.032432432432432434,17,18
2280962,Denmark,+055:+009,0.3333333333333333,0.3870967741935484,0.05376344086021506,14,17
2286558,Denmark,+054:+009,0.38461538461538464,0.6363636363636364,0.2517482517482517,8,14
2289950,Denmark,+055:+009,0.3125,0.4,0.08750000000000002,11,24
2291727,Denmark,+055:+009,0.2608695652173913,0.3333333333333333,0.07246376811594202,8,10
2291983,Denmark,+055:+009,0.19047619047619047,0.21052631578947367,0.020050125313283207,20,18
2297824,Italy,+042:+015,0.17391304347826086,0.32,0.14608695652173914,6,19
2299686,Denmark,+055:+009,0.11428571428571428,0.2222222222222222,0.10793650793650793,17,19
2301298,France,+044:+000,0.21428571428571427,0.24242424242424243,0.028138528138528157,9,24
2304079,Denmark,+055:+009,0.23809523809523808,0.21621621621621623,-0.021879021879021854,18,19
2304607,France,+044:+006,0.2978723404255319,0.3492063492063492,0.051334008780817286,23,40
2307210,Denmark,+055:+009,0.7222222222222222,0.5806451612903226,-0.1415770609318996,16,15
2308915,Denmark,+055:+009,0.40816326530612246,0.375,-0.03316326530612246,33,15
2310737,Denmark,+055:+009,0.3333333333333333,0.43478260869565216,0.10144927536231885,22,24
2310791,Denmark,+054:+009,0.36,0.4,0.040000000000000036,29,26
2310915,Denmark,+055:+009,0.32432432432432434,0.34285714285714286,0.018532818532818518,12,23
2312463,Denmark,+055:+009,0.4666666666666667,0.6666666666666666,0.19999999999999996,9,12
2313102,Denmark,+055:+009,0.25,0.5,0.25,13,11
2313974,Denmark,+055:+009,0.12121212121212122,0.125,0.0037878787878787845,13,19
2316122,Denmark,+055:+009,0.43243243243243246,0.4444444444444444,0.012012012012011963,14,22
2316440,Denmark,+055:+009,0.13333333333333333,0.18181818181818182,0.04848484848484849,9,24
2316709,Denmark,+055:+009,0.45714285714285713,0.3157894736842105,-0.14135338345864662,13,25
2316943,Slovenia,+046:+013,0.25,0.16,-0.09,13,12
2316955,Denmark,+055:+009,0.46153846153846156,0.5142857142857142,0.05274725274725267,20,15
2317607,Denmark,+055:+009,0.25,0.25,0.0,12,28
2317674,Denmark,+054:+009,0.34782608695652173,0.6666666666666666,0.3188405797101449,4,8
2319819,Denmark,+055:+009,0.21052631578947367,0.2702702702702703,0.05974395448079661,18,19
2321822,Denmark,+055:+009,0.3783783783783784,0.5128205128205128,0.13444213444213438,23,16
2323171,France,+043:+000,0.4642857142857143,0.4067796610169492,-0.05750605326876512,31,28
2323456,Denmark,+055:+009,0.43243243243243246,0.43243243243243246,0.0,15,22
2324242,Denmark,+055:+009,0.4,0.4,0.0,14,21
2326003,Denmark,+054:+009,0.2857142857142857,0.3157894736842105,0.03007518796992481,5,14
2329859,Denmark,+054:+009,0.20689655172413793,0.36363636363636365,0.15673981191222572,10,12
2330073,Denmark,+055:+009,0.35294117647058826,0.2222222222222222,-0.13071895424836605,17,19
2332775,France,+046:+000,0.45,0.47368421052631576,0.023684210526315752,19,19
2335581,France,+046:+000,0.2962962962962963,0.5,0.20370370370370372,10,18
2338021,Denmark,+054:+009,0.5833333333333334,0.6666666666666666,0.08333333333333326,10,11
2338910,Denmark,+055:+009,0.5333333333333333,0.5853658536585366,0.052032520325203224,22,19
2340562,Denmark,+055:+009,0.125,0.17142857142857143,0.04642857142857143,15,20
2340619,Denmark,+055:+009,0.2857142857142857,0.375,0.0892857142857143,12,20
2343129,Denmark,+055:+009,0.0625,0.25,0.1875,15,17
2344044,France,+044:-001,0.5,0.6666666666666666,0.16666666666666663,9,12
2344437,Denmark,+055:+009,0.4864864864864865,0.48484848484848486,-0.0016380016380016515,14,19
2345434,Denmark,+055:+009,0.2631578947368421,0.29411764705882354,0.03095975232198145,15,19
2346781,Denmark,+054:+009,0.3125,0.48,0.16749999999999998,10,15
2349317,Denmark,+055:+009,0.5454545454545454,0.5517241379310345,0.006269592476489061,13,16
2350194,Denmark,+055:+009,0.3684210526315789,0.3783783783783784,0.009957325746799472,13,24
2354212,Denmark,+054:+009,0.24,0.23076923076923078,-0.009230769230769209,10,16
2354673,Denmark,+054:+009,0.3157894736842105,0.4,0.08421052631578951,3,12
2355333,Italy,+042:+015,0.0,0.0,0.0,3,13
2357216,Denmark,+054:+009,0.42424242424242425,0.4666666666666667,0.04242424242424242,11,19
2362015,Denmark,+055:+009,0.23529411764705882,0.3333333333333333,0.0980392156862745,14,22
2362297,France,+043:+007,0.13636363636363635,0.3181818181818182,0.18181818181818182,25,19
2362353,Denmark,+055:+009,0.47368421052631576,0.4,-0.07368421052631574,15,25
2363029,Denmark,+055:+009,0.46511627906976744,0.5,0.034883720930232565,15,21
2364767,Denmark,+055:+009,0.3684210526315789,0.45,0.08157894736842108,15,25
2365703,Denmark,+055:+009,0.391304347826087,0.47619047619047616,0.08488612836438919,19,23
2367227,Denmark,+055:+009,0.38095238095238093,0.36363636363636365,-0.017316017316017285,18,26
2368285,Denmark,+055:+009,0.12244897959183673,0.12244897959183673,0.0,25,24
2369503,Denmark,+055:+009,0.3684210526315789,0.5454545454545454,0.1770334928229665,17,27
2375965,Italy,+046:+013,0.3157894736842105,0.2978723404255319,-0.017917133258678608,14,33
2376246,Denmark,+054:+009,0.34782608695652173,0.4074074074074074,0.059581320450885655,27,27
2379224,Denmark,+055:+009,0.4864864864864865,0.4,-0.08648648648648649,19,16
2380244,Denmark,+055:+009,0.34782608695652173,0.4,0.05217391304347829,8,12
2380649,Denmark,+054:+009,0.35714285714285715,0.41379310344827586,0.056650246305418706,10,19
2382165,France,+044:+006,0.2,0.40816326530612246,0.20816326530612245,16,33
2384541,France,+044:-001,0.3333333333333333,0.3,-0.033333333333333326,7,13
2385481,Denmark,+055:+009,0.2857142857142857,0.25,-0.0357142857142857,10,14
2385765,France,+044:+000,0.19047619047619047,0.375,0.18452380952380953,4,12
2393292,Denmark,+055:+009,0.2,0.17777777777777778,-0.022222222222222227,18,27
2393672,Denmark,+055:+009,0.46153846153846156,0.42105263157894735,-0.04048582995951422,18,20
2395706,Denmark,+055:+009,0.34285714285714286,0.2962962962962963,-0.04656084656084658,13,14
2399762,Denmark,+055:+009,0.41379310344827586,0.37037037037037035,-0.043422733077905507,7,20
2402570,Denmark,+055:+009,0.38095238095238093,0.5714285714285714,0.19047619047619047,5,9
2402667,Denmark,+055:+009,0.37209302325581395,0.2926829268292683,-0.07941009642654567,18,23
2403812,Denmark,+055:+009,0.6666666666666666,0.5882352941176471,-0.07843137254901955,8,9
2403820,Denmark,+054:+009,0.3076923076923077,0.19047619047619047,-0.11721611721611724,8,13
2406309,France,+043:+007,0.038461538461538464,0.06557377049180328,0.02711223203026482,29,32
2406677,Denmark,+054:+009,0.14814814814814814,0.6363636363636364,0.4882154882154882,9,13
2408689,Denmark,+055:+009,0.3076923076923077,0.2727272727272727,-0.034965034965035,13,9
2409523,Denmark,+054:+009,0.13793103448275862,0.30303030303030304,0.16509926854754442,10,23
2410620,Denmark,+054:+009,0.17647058823529413,0.38461538461538464,0.2081447963800905,8,18
2411343,Austria,+047:+011,0.3,0.36363636363636365,0.06363636363636366,48,40
2412663,Denmark,+055:+009,0.3225806451612903,0.5384615384615384,0.21588089330024812,10,16
2412918,France,+044:+006,0.06451612903225806,0.09090909090909091,0.02639296187683285,9,35
2412929,Denmark,+055:+009,0.44,0.34782608695652173,-0.09217391304347827,25,21
2414073,Denmark,+055:+009,0.45714285714285713,0.4666666666666667,0.009523809523809545,11,19
2415536,Denmark,+055:+009,0.3157894736842105,0.3783783783783784,0.06258890469416789,14,23
2418731,Denmark,+055:+009,0.5142857142857142,0.5128205128205128,-0.00146520146520146,14,25
2425703,Denmark,+055:+009,0.2608695652173913,0.47058823529411764,0.20971867007672634,6,11
2427294,Denmark,+055:+009,0.41379310344827586,0.43478260869565216,0.020989505247376306,12,11
2428890,Denmark,+055:+009,0.2777777777777778,0.3225806451612903,0.044802867383512524,10,21
2429072,Denmark,+054:+009,0.3684210526315789,0.6857142857142857,0.3172932330827068,18,17
2429444,Denmark,+055:+009,0.1702127659574468,0.16666666666666666,-0.003546099290780147,27,21
2430180,Denmark,+055:+009,0.5625,0.6153846153846154,0.05288461538461542,11,15
2431881,Denmark,+055:+009,0.6190476190476191,0.6341463414634146,0.015098722415795574,19,22
2433775,Denmark,+055:+009,0.24,0.3076923076923077,0.06769230769230772,8,18
2435676,France,+044:+000,0.4782608695652174,0.3829787234042553,-0.09528214616096209,25,22
2435735,France,+043:+000,0.5853658536585366,0.6521739130434783,0.06680805938494172,18,28
2438236,France,+044:+006,0.2926829268292683,0.3508771929824561,0.058194266153187846,17,40
2439342,Denmark,+055:+009,0.26666666666666666,0.375,0.10833333333333334,9,23
2442286,France,+043:+007,0.4,0.5106382978723404,0.11063829787234036,25,22
2442622,Denmark,+054:+009,0.2857142857142857,0.35294117647058826,0.06722689075630256,3,14
2442965,Denmark,+055:+009,0.08,0.14814814814814814,0.06814814814814814,5,22
2444779,Denmark,+055:+009,0.43902439024390244,0.46511627906976744,0.026091888825864995,17,26
2444934,Denmark,+054:+009,0.24,0.35714285714285715,0.11714285714285716,7,21
2445059,Denmark,+055:+009,0.42424242424242425,0.5384615384615384,0.11421911421911418,11,15
2445409,Denmark,+055:+009,0.3783783783783784,0.42105263157894735,0.042674253200568946,16,22
2446919,Italy,+042:+015,0.1951219512195122,0.2702702702702703,0.07514831905075808,22,15
2447610,Germany,+054:+009,0.5185185185185185,0.5714285714285714,0.05291005291005291,10,11
2449046,Poland,+054:+017,0.6363636363636364,0.5,-0.13636363636363635,23,29
2449155,Denmark,+055:+009,0.4,0.41379310344827586,0.013793103448275834,13,16
2449484,Denmark,+055:+009,0.25,0.32,0.07,9,16
2449504,Denmark,+055:+009,0.15,0.32432432432432434,0.17432432432432435,23,14
2450076,France,+044:+000,0.32558139534883723,0.36363636363636365,0.038054968287526414,20,24
2451849,Denmark,+055:+009,0.17647058823529413,0.17647058823529413,0.0,11,23
2452703,Denmark,+054:+009,0.4,0.5714285714285714,0.17142857142857137,10,11
2453119,Denmark,+054:+009,0.0851063829787234,0.3902439024390244,0.305137519460301,24,17
2455637,Denmark,+054:+009,0.2,0.2222222222222222,0.0222222222222222,17,19
2456927,Italy,+037:+013,0.2857142857142857,0.0,-0.2857142857142857,5,15
2457407,Denmark,+055:+009,0.45161290322580644,0.4827586206896552,0.031145717463848754,13,16
2457556,France,+043:+007,0.0,0.0,0.0,6,37
2458415,Denmark,+055:+009,0.17647058823529413,0.18181818181818182,0.005347593582887694,14,19
2458987,Denmark,+055:+009,0.42105263157894735,0.4,-0.021052631578947323,5,10
2459029,Denmark,+055:+009,0.4666666666666667,0.5806451612903226,0.11397849462365595,15,16
2459942,Denmark,+055:+009,0.2857142857142857,0.4,0.11428571428571432,22,18
2461244,Denmark,+055:+009,0.3157894736842105,0.26666666666666666,-0.049122807017543846,16,14
2461374,Slovenia,+046:+013,0.047619047619047616,0.08333333333333333,0.03571428571428571,11,37
2469216,Denmark,+055:+009,0.27906976744186046,0.3111111111111111,0.032041343669250655,21,24
2471307,Denmark,+054:+009,0.06451612903225806,0.06060606060606061,-0.003910068426197455,10,23
2473678,Denmark,+055:+009,0.3582089552238806,0.3333333333333333,-0.02487562189054726,48,18
2474376,Denmark,+054:+009,0.2222222222222222,0.2222222222222222,0.0,13,23
2474778,Denmark,+055:+009,0.4444444444444444,0.42424242424242425,-0.020202020202020166,17,16
2475609,Denmark,+055:+009,0.48,0.5833333333333334,0.10333333333333339,8,16
2479268,Denmark,+054:+009,0.3157894736842105,0.37681159420289856,0.06102212051868805,33,36
2479593,Denmark,+054:+009,0.4166666666666667,0.34782608695652173,-0.06884057971014496,8,15
2482587,France,+044:+006,0.2857142857142857,0.30434782608695654,0.018633540372670843,19,27
2486032,Denmark,+054:+009,0.5263157894736842,0.8,0.27368421052631586,7,8
2491224,Denmark,+055:+009,0.2222222222222222,0.15,-0.07222222222222222,21,19
2491455,Denmark,+055:+009,0.3902439024390244,0.3783783783783784,-0.011865524060646004,15,22
2495117,France,+043:+000,0.6046511627906976,0.4878048780487805,-0.11684628474191716,18,23
2497672,Denmark,+055:+009,0.5531914893617021,0.6122448979591837,0.05905340859748154,25,24
2497890,France,+044:+006,0.1111111111111111,0.1,-0.0111111111111111,12,28
2500314,Denmark,+055:+009,0.3157894736842105,0.375,0.05921052631578949,22,10
2501107,France,+043:+007,0.5,0.36363636363636365,-0.13636363636363635,33,22
2501146,Denmark,+055:+009,0.5882352941176471,0.6428571428571429,0.054621848739495826,14,14
2502304,Denmark,+055:+009,0.4090909090909091,0.4090909090909091,0.0,22,22
2502830,Italy,+042:+015,0.16666666666666666,0.2222222222222222,0.05555555555555555,4,14
2502846,France,+042:+000,0.16666666666666666,0.15,-0.016666666666666663,3,37
2503404,Denmark,+055:+009,0.43478260869565216,0.46808510638297873,0.03330249768732657,23,24
2505392,Denmark,+055:+009,0.35,0.43902439024390244,0.08902439024390246,19,22
2505467,France,+044:+006,0.39344262295081966,0.2857142857142857,-0.10772833723653397,39,24
2508850,Denmark,+055:+009,0.3157894736842105,0.3076923076923077,-0.0080971659919028,19,20
2512509,Denmark,+055:+009,0.21428571428571427,0.2857142857142857,0.07142857142857142,13,8
2514984,Denmark,+055:+009,0.425531914893617,0.5116279069767442,0.08609599208312718,21,22
2515352,Denmark,+055:+009,0.5454545454545454,0.5652173913043478,0.01976284584980237,21,25
2515742,Italy,+040:+013,0.05263157894736842,0.11764705882352941,0.06501547987616099,19,32
2517556,Denmark,+054:+009,0.2222222222222222,0.23809523809523808,0.015873015873015872,19,23
2518066,Denmark,+055:+009,0.358974358974359,0.3888888888888889,0.02991452991452992,20,16
2518812,France,+044:+006,0.18181818181818182,0.17857142857142858,-0.003246753246753248,20,36
2518828,Denmark,+054:+009,0.4,0.5,0.09999999999999998,21,11
2519083,Denmark,+055:+009,0.3404255319148936,0.46153846153846156,0.12111292962356796,22,17
2519372,Denmark,+055:+009,0.21428571428571427,0.17391304347826086,-0.04037267080745341,5,18
2522552,Denmark,+054:+009,0.5945945945945946,0.6060606060606061,0.01146601146601145,18,15
2525056,Denmark,+054:+009,0.3870967741935484,0.5625,0.17540322580645162,15,17
2525582,Denmark,+055:+009,0.2857142857142857,0.2857142857142857,0.0,20,22
2526382,Denmark,+055:+009,0.5,0.5714285714285714,0.0714285714285714,30,19
2532826,Denmark,+055:+009,0.34146341463414637,0.45,0.10853658536585364,15,25
2533166,Slovenia,+046:+013,0.125,0.17543859649122806,0.05043859649122806,17,40
2534086,Denmark,+055:+009,0.2857142857142857,0.2608695652173913,-0.0248447204968944,11,12
2534216,Denmark,+054:+009,0.47058823529411764,0.5,0.02941176470588236,14,26
2535720,Denmark,+054:+009,0.18181818181818182,0.1935483870967742,0.011730205278592365,9,22
2539963,Denmark,+054:+009,0.47619047619047616,0.3076923076923077,-0.16849816849816845,6,20
2547511,Denmark,+055:+009,0.17142857142857143,0.375,0.20357142857142857,15,17
2547711,Denmark,+055:+009,0.45,0.34285714285714286,-0.10714285714285715,21,14
2547932,Denmark,+054:+009,0.5,0.41025641025641024,-0.08974358974358976,25,14
2548680,France,+044:-001,0.6153846153846154,0.7619047619047619,0.14652014652014644,11,10
2548815,France,+046:+006,0.4672897196261682,0.5982905982905983,0.13100087866443005,77,40
2550165,Denmark,+055:+009,0.0,0.0,0.0,7,18
2550194,Denmark,+055:+009,0.42424242424242425,0.4117647058823529,-0.012477718360071333,13,21
2555982,France,+044:+006,0.3181818181818182,0.4074074074074074,0.08922558922558921,20,34
2557557,Denmark,+055:+009,0.5714285714285714,0.65,0.07857142857142863,17,23
2558243,Denmark,+054:+009,0.24390243902439024,0.14285714285714285,-0.10104529616724739,22,20
2559246,France,+044:+006,0.18181818181818182,0.1276595744680851,-0.05415860735009673,7,40
2561252,Denmark,+054:+009,0.38461538461538464,0.38095238095238093,-0.0036630036630037055,10,11
2561564,Denmark,+055:+009,0.3902439024390244,0.3111111111111111,-0.07913279132791329,19,26
2566537,France,+043:+007,0.37209302325581395,0.4888888888888889,0.11679586563307492,17,28
2566701,Denmark,+055:+009,0.32558139534883723,0.36363636363636365,0.038054968287526414,22,22
2568555,Denmark,+054:+009,0.4827586206896552,0.6956521739130435,0.21289355322338827,10,13
2569288,Denmark,+055:+009,0.37037037037037035,0.36363636363636365,-0.006734006734006703,10,23
2570120,Denmark,+054:+009,0.5,0.4117647058823529,-0.08823529411764708,17,17
2570339,France,+042:+000,0.2926829268292683,0.27906976744186046,-0.013613159387407814,20,23
2570472,Denmark,+055:+009,0.2777777777777778,0.32432432432432434,0.04654654654654655,19,18
2571782,Denmark,+055:+009,0.5581395348837209,0.6829268292682927,0.12478729438457181,20,21
2572352,Denmark,+055:+009,0.5555555555555556,0.47058823529411764,-0.08496732026143794,15,19
2573724,Denmark,+055:+009,0.2978723404255319,0.5128205128205128,0.21494817239498087,21,18
2573727,Denmark,+054:+009,0.5,0.5,0.0,9,19
2578360,Denmark,+055:+009,0.5,0.6,0.09999999999999998,17,23
2580375,Germany,+054:+009,0.4375,0.45161290322580644,0.014112903225806439,14,17
2581944,Denmark,+054:+009,0.34146341463414637,0.34146341463414637,0.0,25,16
2583320,Denmark,+055:+009,0.2857142857142857,0.35555555555555557,0.06984126984126987,32,13
2587591,Denmark,+055:+009,0.6153846153846154,0.5,-0.11538461538461542,9,15
2592959,Denmark,+054:+009,0.5185185185185185,0.5925925925925926,0.07407407407407407,13,14
2593425,Denmark,+055:+009,0.6,0.56,-0.039999999999999925,11,14
2593933,Denmark,+055:+009,0.3076923076923077,0.38095238095238093,0.07326007326007322,9,12
2594420,Denmark,+055:+009,0.42105263157894735,0.3333333333333333,-0.08771929824561403,19,17
2598205,Denmark,+054:+009,0.25,0.24,-0.010000000000000009,4,21
2599556,Denmark,+055:+009,0.3157894736842105,0.3333333333333333,0.017543859649122806,15,27
2599978,Denmark,+055:+009,0.5263157894736842,0.47368421052631576,-0.05263157894736842,15,23
2602436,Denmark,+055:+009,0.4888888888888889,0.5128205128205128,0.023931623931623902,17,22
2603312,Denmark,+054:+009,0.07142857142857142,0.2962962962962963,0.22486772486772486,9,18
2604640,Denmark,+054:+009,0.47619047619047616,0.4444444444444444,-0.031746031746031744,7,11
2605637,Denmark,+054:+009,0.21428571428571427,0.18181818181818182,-0.03246753246753245,13,20
2606170,Denmark,+054:+009,0.3111111111111111,0.4,0.0888888888888889,23,22
2606195,Denmark,+055:+009,0.25,0.41379310344827586,0.16379310344827586,12,17
2608242,Denmark,+055:+009,0.4827586206896552,0.358974358974359,-0.12378426171529622,10,29
2614439,France,+046:+006,0.21212121212121213,0.2972972972972973,0.08517608517608519,34,40
2614807,Denmark,+055:+009,0.3888888888888889,0.43243243243243246,0.04354354354354356,16,21
2616698,Denmark,+055:+009,0.5641025641025641,0.5263157894736842,-0.037786774628879916,21,17
2617003,Denmark,+055:+009,0.24390243902439024,0.13636363636363635,-0.10753880266075388,23,21
2620397,Italy,+042:+015,0.0,0.0,0.0,1,17
2620639,Denmark,+055:+009,0.32,0.23529411764705882,-0.08470588235294119,27,24
2620841,Denmark,+054:+009,0.16666666666666666,0.29411764705882354,0.12745098039215688,16,18
2620944,Denmark,+055:+009,0.17391304347826086,0.13793103448275862,-0.035982008995502246,3,26
2621619,Denmark,+055:+009,0.6428571428571429,0.52,-0.12285714285714289,33,17
2621850,France,+044:+006,0.21428571428571427,0.2777777777777778,0.06349206349206352,32,40
2622561,Denmark,+055:+009,0.3870967741935484,0.5,0.11290322580645162,11,17
2623931,Denmark,+054:+009,0.3157894736842105,0.5,0.1842105263157895,5,11
2624723,Denmark,+055:+009,0.43478260869565216,0.45,0.01521739130434785,23,17
2625533,France,+044:-001,0.4,0.42857142857142855,0.028571428571428525,19,23
2627633,France,+044:+006,0.2222222222222222,0.1951219512195122,-0.027100271002710008,12,29
2629251,France,+043:+000,0.5882352941176471,0.3783783783783784,-0.20985691573926868,11,26
2629716,Denmark,+055:+009,0.5777777777777777,0.4,-0.1777777777777777,21,19
2630170,France,+044:-001,0.16666666666666666,0.32,0.15333333333333335,7,18
2630590,Italy,+037:+013,0.0,0.0,0.0,4,15
2630932,Denmark,+055:+009,0.5357142857142857,0.5384615384615384,0.0027472527472527375,32,20
2633489,Denmark,+055:+009,0.3157894736842105,0.41025641025641024,0.09446693657219973,21,18
2634813,Denmark,+055:+009,0.4583333333333333,0.3,-0.15833333333333333,25,15
2634881,France,+043:+007,0.3333333333333333,0.6190476190476191,0.28571428571428575,19,23
2638003,Denmark,+055:+009,0.5142857142857142,0.7428571428571429,0.22857142857142865,19,16
2638240,Denmark,+055:+009,0.5555555555555556,0.5454545454545454,-0.010101010101010166,13,20
2638825,Austria,+046:+013,0.4358974358974359,0.4835164835164835,0.047619047619047616,51,40
2640969,France,+042:+000,0.3448275862068966,0.41379310344827586,0.06896551724137928,9,20
2642412,Denmark,+055:+009,0.34146341463414637,0.35,0.00853658536585361,18,22
2642894,Denmark,+054:+009,0.14814814814814814,0.12903225806451613,-0.019115890083632014,7,24
2643835,Denmark,+055:+009,0.46511627906976744,0.43243243243243246,-0.03268384663733498,15,22
2644144,Denmark,+055:+009,0.5531914893617021,0.391304347826087,-0.16188714153561518,23,23
2644179,Denmark,+055:+009,0.21621621621621623,0.5517241379310345,0.33550792171481825,14,15
2645060,Denmark,+054:+009,0.56,0.47619047619047616,-0.08380952380952389,11,10
2645737,France,+044:-001,0.4166666666666667,0.5454545454545454,0.12878787878787873,8,14
2647518,Denmark,+054:+009,0.18181818181818182,0.22857142857142856,0.04675324675324674,12,23
2648275,Denmark,+055:+009,0.11428571428571428,0.1111111111111111,-0.003174603174603177,13,23
2652622,France,+048:+002,0.3333333333333333,0.4375,0.10416666666666669,16,16
2653569,Denmark,+054:+009,0.4,0.5,0.09999999999999998,4,12
2655510,Denmark,+055:+009,0.17391304347826086,0.16666666666666666,-0.007246376811594207,3,9
2657839,Denmark,+055:+009,0.23529411764705882,0.41379310344827586,0.17849898580121704,15,14
2657985,Denmark,+055:+009,0.4864864864864865,0.5333333333333333,0.04684684684684681,17,13
2660284,Denmark,+055:+009,0.45714285714285713,0.2857142857142857,-0.17142857142857143,16,19
2660497,Denmark,+054:+009,0.4,0.5,0.09999999999999998,6,14
2662007,Denmark,+055:+009,0.2222222222222222,0.2222222222222222,0.0,6,21
2662562,France,+043:+007,0.23076923076923078,0.2716049382716049,0.04083570750237414,57,24
2662884,Denmark,+055:+009,0.6857142857142857,0.5333333333333333,-0.1523809523809524,19,11
2663908,Denmark,+055:+009,0.41379310344827586,0.3870967741935484,-0.02669632925472748,10,21
2664874,Denmark,+055:+009,0.6206896551724138,0.6956521739130435,0.07496251874062965,11,12
2664994,Denmark,+054:+009,0.36363636363636365,0.3157894736842105,-0.04784688995215314,8,11
2666712,France,+044:+006,0.10810810810810811,0.08333333333333333,-0.024774774774774785,12,36
2667299,Poland,+054:+017,0.13333333333333333,0.12121212121212122,-0.012121212121212116,9,24
2667516,Italy,+042:+015,0.0,0.0,0.0,3,17
2670073,Denmark,+055:+009,0.3125,0.37037037037037035,0.05787037037037035,10,17
2670444,Denmark,+054:+009,0.35294117647058826,0.30303030303030304,-0.04991087344028522,12,21
2673938,France,+046:+006,0.6129032258064516,0.7777777777777778,0.16487455197132617,32,40
2674792,Poland,+054:+017,0.3225806451612903,0.1875,-0.1350806451612903,14,18
2677384,Denmark,+055:+009,0.41025641025641024,0.5,0.08974358974358976,12,20
2678611,Denmark,+055:+009,0.13953488372093023,0.13043478260869565,-0.009100101112234582,23,23
2682038,France,+044:+006,0.25,0.14814814814814814,-0.10185185185185186,25,29
2684062,Denmark,+055:+009,0.5283018867924528,0.6122448979591837,0.08394301116673086,27,22
2686477,Denmark,+054:+009,0.3333333333333333,0.27586206896551724,-0.05747126436781608,10,19
2687451,France,+044:+006,0.53125,0.6153846153846154,0.08413461538461542,37,28
2690003,Italy,+042:+015,0.26666666666666666,0.3333333333333333,0.06666666666666665,11,19
2690681,Denmark,+055:+009,0.6060606060606061,0.5,-0.10606060606060608,15,13
2695068,Denmark,+054:+009,0.13333333333333333,0.09523809523809523,-0.0380952380952381,22,20
2698130,France,+046:+006,0.47058823529411764,0.5357142857142857,0.06512605042016806,24,32
2701796,France,+044:-001,0.4166666666666667,0.631578947368421,0.21491228070175433,6,13
2702221,Denmark,+055:+009,0.4507042253521127,0.40625,-0.044454225352112686,45,19
2703395,Italy,+042:+015,0.21052631578947367,0.21052631578947367,0.0,18,20
2707310,Denmark,+055:+009,0.46511627906976744,0.5294117647058824,0.06429548563611492,24,10
2708343,Poland,+054:+017,0.23529411764705882,0.5,0.2647058823529412,13,11
2710546,Denmark,+055:+009,0.3684210526315789,0.32432432432432434,-0.044096728307254585,25,12
2713581,Denmark,+055:+009,0.5714285714285714,0.7058823529411765,0.13445378151260512,7,10
2715995,Denmark,+055:+009,0.48484848484848486,0.3076923076923077,-0.17715617715617715,17,9
2718210,Denmark,+054:+009,0.4,0.3076923076923077,-0.09230769230769231,31,8
2720401,Denmark,+055:+009,0.3111111111111111,0.4186046511627907,0.1074935400516796,21,22
2720422,Denmark,+054:+009,0.08,0.09523809523809523,0.015238095238095231,3,18
2721999,Denmark,+054:+009,0.3684210526315789,0.5,0.13157894736842107,14,18
2722007,Poland,+054:+017,0.4186046511627907,0.22641509433962265,-0.19218955682316807,20,33
2722494,Italy,+044:+011,0.21212121212121213,0.4166666666666667,0.20454545454545456,41,31
2723861,Denmark,+055:+009,0.5,0.6666666666666666,0.16666666666666663,7,8
2724418,France,+044:-001,0.5,0.6666666666666666,0.16666666666666663,7,14
2724819,Slovenia,+046:+013,0.41025641025641024,0.25,-0.16025641025641024,17,15
2726294,France,+044:+006,0.24615384615384617,0.2028985507246377,-0.043255295429208473,43,26
2731034,Denmark,+054:+009,0.46153846153846156,0.48,0.018461538461538418,7,18
2731727,Denmark,+055:+009,0.4444444444444444,0.6,0.15555555555555556,12,8
2732523,France,+046:+006,0.4675324675324675,0.6363636363636364,0.16883116883116883,52,36
2734618,Denmark,+055:+009,0.6666666666666666,0.631578947368421,-0.03508771929824561,10,9
2736065,Denmark,+054:+009,0.3448275862068966,0.35714285714285715,0.012315270935960576,11,17
2736614,France,+044:-001,0.56,0.72,0.15999999999999992,10,15
2738074,Denmark,+055:+009,0.38095238095238093,0.3111111111111111,-0.06984126984126982,22,23
2740323,Denmark,+055:+009,0.24242424242424243,0.30303030303030304,0.06060606060606061,16,17
2741862,Denmark,+055:+009,0.46153846153846156,0.3333333333333333,-0.12820512820512825,12,12
2743700,Denmark,+055:+009,0.47058823529411764,0.4,-0.07058823529411762,13,22
2744393,France,+044:+006,0.32727272727272727,0.39436619718309857,0.0670934699103713,32,39
2749031,Italy,+042:+015,0.07142857142857142,0.07142857142857142,0.0,9,19
2754206,Denmark,+055:+009,0.3333333333333333,0.46153846153846156,0.12820512820512825,21,18
2755542,Denmark,+055:+009,0.38095238095238093,0.5116279069767442,0.13067552602436328,19,24
2756336,Denmark,+054:+009,0.4375,0.30303030303030304,-0.13446969696969696,11,22
2757432,Denmark,+054:+009,0.5333333333333333,0.5384615384615384,0.00512820512820511,13,13
2758812,Denmark,+055:+009,0.3333333333333333,0.3783783783783784,0.045045045045045085,13,24
2760464,Denmark,+055:+009,0.45714285714285713,0.5161290322580645,0.05898617511520737,14,17
2760968,Denmark,+055:+009,0.4878048780487805,0.43243243243243246,-0.05537244561634802,24,13
2762972,Denmark,+055:+009,0.4,0.3076923076923077,-0.09230769230769231,18,21
2764053,Denmark,+055:+009,0.16666666666666666,0.375,0.20833333333333334,8,8
2764311,France,+044:-001,0.4,0.5882352941176471,0.18823529411764706,5,12
2765352,France,+042:+000,0.4166666666666667,0.37037037037037035,-0.046296296296296335,28,26
2765989,Denmark,+055:+009,0.36363636363636365,0.3333333333333333,-0.03030303030303033,16,14
2767906,Denmark,+055:+009,0.12903225806451613,0.32,0.19096774193548388,9,16
2768509,Denmark,+055:+009,0.4782608695652174,0.3157894736842105,-0.1624713958810069,22,16
2769878,Denmark,+055:+009,0.45161290322580644,0.5714285714285714,0.11981566820276496,12,16
2770065,Denmark,+054:+009,0.2857142857142857,0.44,0.1542857142857143,27,23
2770306,Italy,+042:+015,0.17647058823529413,0.30303030303030304,0.1265597147950089,15,18
2771366,France,+043:+007,0.18181818181818182,0.13953488372093023,-0.04228329809725159,14,29
2771675,Denmark,+054:+009,0.3,0.23529411764705882,-0.06470588235294117,6,11
2772151,Denmark,+054:+009,0.3125,0.3333333333333333,0.020833333333333315,14,22
2772365,Denmark,+055:+009,0.36363636363636365,0.17777777777777778,-0.18585858585858586,30,15
2772513,Denmark,+055:+009,0.5454545454545454,0.782608695652174,0.23715415019762853,12,11
2772693,Denmark,+055:+009,0.17647058823529413,0.23076923076923078,0.05429864253393665,13,13
2774116,Denmark,+055:+009,0.45161290322580644,0.5,0.04838709677419356,12,20
2775981,Denmark,+055:+009,0.45454545454545453,0.37209302325581395,-0.08245243128964058,24,19
2776061,Denmark,+054:+009,0.0,0.2,0.2,9,21
2779172,Denmark,+055:+009,0.125,0.24242424242424243,0.11742424242424243,15,18
2779549,France,+044:+000,0.34285714285714286,0.2702702702702703,-0.07258687258687258,9,28
2780986,Denmark,+055:+009,0.2727272727272727,0.47619047619047616,0.20346320346320346,21,21
2782315,France,+044:+006,0.0975609756097561,0.0,-0.0975609756097561,11,35
2787611,Denmark,+054:+009,0.35714285714285715,0.46153846153846156,0.10439560439560441,9,17
2787839,Denmark,+055:+009,0.0,0.0,0.0,5,25
2788414,Denmark,+055:+009,0.1875,0.2,0.012500000000000011,14,16
2788455,Denmark,+055:+009,0.391304347826087,0.36,-0.03130434782608699,25,25
2789303,Denmark,+055:+009,0.35294117647058826,0.18181818181818182,-0.17112299465240643,26,18
2793801,Denmark,+054:+009,0.2857142857142857,0.32,0.03428571428571431,13,12
2795972,Denmark,+055:+009,0.5098039215686274,0.5306122448979592,0.0208083233293318,29,20
2797166,Denmark,+055:+009,0.25,0.26666666666666666,0.016666666666666663,2,13
2801327,Denmark,+055:+009,0.6190476190476191,0.5945945945945946,-0.02445302445302444,21,16
2804796,France,+044:+006,0.3076923076923077,0.26666666666666666,-0.041025641025641046,17,28
2807966,Denmark,+055:+009,0.3181818181818182,0.4090909090909091,0.09090909090909094,25,19
2808903,Denmark,+055:+009,0.35294117647058826,0.35294117647058826,0.0,29,22
2810286,Denmark,+055:+009,0.42857142857142855,0.5833333333333334,0.15476190476190482,9,15
2813098,France,+044:-001,0.6153846153846154,0.7272727272727273,0.11188811188811187,11,11
2813684,Denmark,+055:+009,0.34615384615384615,0.4,0.05384615384615388,30,20
2814806,Italy,+040:+013,0.5806451612903226,0.45161290322580644,-0.12903225806451618,14,17
2816932,Denmark,+055:+009,0.4782608695652174,0.4782608695652174,0.0,24,22
2818857,Denmark,+054:+009,0.43243243243243246,0.4444444444444444,0.012012012012011963,15,21
2819293,Denmark,+055:+009,0.2127659574468085,0.16666666666666666,-0.046099290780141855,24,24
2820287,Greece,+035:+024,0.3181818181818182,0.4,0.08181818181818185,24,11
2823493,Denmark,+055:+009,0.4,0.15789473684210525,-0.24210526315789477,19,19
2824890,Denmark,+055:+009,0.23255813953488372,0.19047619047619047,-0.04208194905869325,19,23
2826142,Italy,+042:+015,0.0,0.0,0.0,4,12
2829206,France,+046:+000,0.3333333333333333,0.4,0.06666666666666671,17,23
2831167,France,+044:+000,0.5714285714285714,0.6666666666666666,0.09523809523809523,16,23
2832333,Denmark,+055:+009,0.6666666666666666,0.6451612903225806,-0.021505376344086002,18,13
2833089,France,+042:+000,0.3829787234042553,0.37037037037037035,-0.012608353033884967,24,30
2833359,Denmark,+055:+009,0.6440677966101694,0.6101694915254238,-0.03389830508474567,34,25
2833743,Denmark,+055:+009,0.3548387096774194,0.31746031746031744,-0.03737839221710193,40,23
2833996,Italy,+042:+015,0.0,0.32,0.32,6,19
2836680,Denmark,+055:+009,0.38095238095238093,0.2727272727272727,-0.10822510822510822,19,25
2836849,Denmark,+055:+009,0.35294117647058826,0.23529411764705882,-0.11764705882352944,16,18
2846356,Slovenia,+046:+013,0.32967032967032966,0.3838383838383838,0.05416805416805415,59,40
2849814,Denmark,+055:+009,0.35294117647058826,0.2857142857142857,-0.06722689075630256,11,10
2850567,France,+044:-001,0.56,0.7368421052631579,0.1768421052631578,8,11
2851278,Denmark,+054:+009,0.6086956521739131,0.6363636363636364,0.02766798418972327,8,14
2855221,Denmark,+054:+009,0.0,0.0,0.0,3,28
2855873,Denmark,+055:+009,0.29411764705882354,0.36363636363636365,0.06951871657754011,12,21
2861705,Denmark,+055:+009,0.0,0.0,0.0,9,21
2864177,Denmark,+054:+009,0.2857142857142857,0.24,-0.04571428571428571,5,20
2866438,Denmark,+055:+009,0.4,0.48148148148148145,0.08148148148148143,35,19
2870168,Denmark,+055:+009,0.5128205128205128,0.6285714285714286,0.11575091575091578,21,14
2871206,France,+044:+006,0.14814814814814814,0.3188405797101449,0.17069243156199676,29,40
2873464,Denmark,+054:+009,0.2564102564102564,0.23809523809523808,-0.018315018315018305,19,23
2874850,France,+044:-001,0.5217391304347826,0.631578947368421,0.10983981693363842,6,13
2876309,Denmark,+054:+009,0.3333333333333333,0.36363636363636365,0.03030303030303033,9,13
2876655,Denmark,+054:+009,0.5185185185185185,0.48484848484848486,-0.03367003367003363,9,24
2880894,Denmark,+055:+009,0.24242424242424243,0.26666666666666666,0.024242424242424232,12,18
2882818,Denmark,+055:+009,0.5945945945945946,0.5714285714285714,-0.02316602316602323,20,15
2883503,Denmark,+054:+009,0.41379310344827586,0.5,0.08620689655172414,9,19
2893911,Denmark,+054:+009,0.2,0.20408163265306123,0.004081632653061218,20,29
2895096,Italy,+042:+015,0.3225806451612903,0.3870967741935484,0.06451612903225806,12,19
2897922,Denmark,+055:+009,0.42857142857142855,0.75,0.32142857142857145,12,12
2901444,Denmark,+055:+009,0.2857142857142857,0.3448275862068966,0.059113300492610876,7,22
2902350,Denmark,+055:+009,0.5,0.43478260869565216,-0.06521739130434784,18,28
2904560,Denmark,+055:+009,0.5,0.4444444444444444,-0.05555555555555558,16,20
2905030,Denmark,+054:+009,0.6842105263157895,0.7027027027027027,0.01849217638691325,19,18
2909429,Denmark,+055:+009,0.2926829268292683,0.23809523809523808,-0.05458768873403019,21,21
2910266,Denmark,+055:+009,0.5,0.6086956521739131,0.10869565217391308,23,23
2910847,Denmark,+055:+009,0.32653061224489793,0.3829787234042553,0.056448111159357384,25,22
2917123,France,+044:+006,0.16666666666666666,0.21621621621621623,0.04954954954954957,15,22
2921753,Denmark,+055:+009,0.32432432432432434,0.5128205128205128,0.18849618849618843,14,25
2926558,Denmark,+055:+009,0.35714285714285715,0.3076923076923077,-0.04945054945054944,12,14
2930951,Denmark,+054:+009,0.0,0.4166666666666667,0.4166666666666667,5,19
2931073,Italy,+042:+015,0.0,0.08695652173913043,0.08695652173913043,6,17
2934412,Poland,+054:+017,0.17391304347826086,0.17391304347826086,0.0,6,17
2934959,Denmark,+055:+009,0.2926829268292683,0.4878048780487805,0.1951219512195122,18,23
2935930,Denmark,+055:+009,0.25,0.2702702702702703,0.020270270270270285,17,20
2936643,Denmark,+055:+009,0.47619047619047616,0.4444444444444444,-0.031746031746031744,14,22
2942173,Denmark,+055:+009,0.12903225806451613,0.2962962962962963,0.16726403823178015,13,14
2943571,France,+046:+006,0.3541666666666667,0.31683168316831684,-0.03733498349834985,68,33
2944839,Denmark,+054:+009,0.48,0.56,0.08000000000000007,9,16
2948191,Denmark,+054:+009,0.36363636363636365,0.32,-0.04363636363636364,6,19
2949269,Denmark,+055:+009,0.3111111111111111,0.3673469387755102,0.05623582766439911,22,27
2951884,Denmark,+055:+009,0.4,0.34285714285714286,-0.05714285714285716,18,17
2952037,Denmark,+055:+009,0.45714285714285713,0.3870967741935484,-0.07004608294930875,17,14
2952155,Denmark,+054:+009,0.27586206896551724,0.21428571428571427,-0.061576354679802964,15,13
2952541,Denmark,+055:+009,0.36363636363636365,0.34285714285714286,-0.020779220779220786,12,23
2952587,Denmark,+055:+009,0.2702702702702703,0.2631578947368421,-0.007112375533428195,18,20
2954171,France,+043:+007,0.13636363636363635,0.12,-0.016363636363636358,24,26
2954849,Germany,+054:+009,0.4444444444444444,0.43478260869565216,-0.009661835748792258,8,15
2959296,Denmark,+055:+009,0.42105263157894735,0.4666666666666667,0.04561403508771933,18,12
2960719,Denmark,+055:+009,0.3076923076923077,0.19607843137254902,-0.11161387631975869,29,22
2960967,Denmark,+055:+009,0.32,0.34782608695652173,0.027826086956521723,5,18
2961147,Denmark,+055:+009,0.3181818181818182,0.34146341463414637,0.02328159645232819,20,21
2964547,Denmark,+054:+009,0.4,0.7272727272727273,0.32727272727272727,11,11
2965258,Denmark,+055:+009,0.4,0.56,0.16000000000000003,17,8
2966374,Denmark,+055:+009,0.16216216216216217,0.10256410256410256,-0.05959805959805961,13,26
2967828,Denmark,+055:+009,0.08695652173913043,0.1,0.013043478260869573,2,18
2968223,Denmark,+055:+009,0.2727272727272727,0.32558139534883723,0.052854122621564525,24,19
2974778,Denmark,+055:+009,0.2702702702702703,0.3076923076923077,0.037422037422037424,15,24
2976821,Denmark,+055:+009,0.34146341463414637,0.3076923076923077,-0.03377110694183866,19,20
2979081,Denmark,+055:+009,0.38596491228070173,0.3137254901960784,-0.0722394220846233,34,17
2981048,Denmark,+055:+009,0.36363636363636365,0.4878048780487805,0.12416851441241683,22,19
2986213,France,+044:-001,0.43478260869565216,0.47619047619047616,0.041407867494824,7,14
2987852,France,+044:-001,0.5833333333333334,0.7368421052631579,0.15350877192982448,8,11
2987992,Denmark,+055:+009,0.14545454545454545,0.18181818181818182,0.036363636363636376,35,20
2989400,France,+044:+006,0.13793103448275862,0.1951219512195122,0.05719091673675358,8,33
2991711,Denmark,+055:+009,0.25806451612903225,0.5423728813559322,0.28430836522689995,35,24
2992481,Denmark,+054:+009,0.6,0.5925925925925926,-0.007407407407407418,16,11
2993841,Italy,+044:+011,0.3181818181818182,0.48,0.1618181818181818,22,28
2995845,Denmark,+055:+009,0.2608695652173913,0.48,0.21913043478260869,26,24
2999079,Denmark,+054:+009,0.4,0.5217391304347826,0.12173913043478257,9,14
3000448,Poland,+054:+017,0.36363636363636365,0.5454545454545454,0.18181818181818177,9,13
3003160,Slovenia,+046:+013,0.36363636363636365,0.32,-0.04363636363636364,12,13
3003700,France,+048:+002,0.48,0.5490196078431373,0.06901960784313732,29,22
3005102,Denmark,+055:+009,0.6451612903225806,0.6470588235294118,0.00189753320683117,13,21
3005235,Denmark,+055:+009,0.35294117647058826,0.4375,0.08455882352941174,18,14
3005653,Denmark,+054:+009,0.0,0.06666666666666667,0.06666666666666667,9,21
3006465,Denmark,+055:+009,0.5357142857142857,0.52,-0.01571428571428568,32,18
3007664,Poland,+054:+017,0.3111111111111111,0.25,-0.061111111111111116,22,34
3010261,Denmark,+055:+009,0.10810810810810811,0.2564102564102564,0.14830214830214827,18,21
3014110,France,+046:+000,0.25,0.4444444444444444,0.19444444444444442,12,24
3014881,France,+042:+000,0.5106382978723404,0.4782608695652174,-0.03237742830712298,25,21
3016649,Denmark,+055:+009,0.5945945945945946,0.45714285714285713,-0.1374517374517375,15,20
3018101,Denmark,+055:+009,0.3225806451612903,0.20689655172413793,-0.11568409343715239,12,17
3018368,Denmark,+055:+009,0.5454545454545454,0.7142857142857143,0.1688311688311689,13,15
3020706,Denmark,+055:+009,0.46808510638297873,0.4782608695652174,0.010175763182238673,27,19
3021498,Denmark,+055:+009,0.4,0.4666666666666667,0.06666666666666665,17,13
3025895,France,+043:+007,0.34782608695652173,0.35555555555555557,0.00772946859903384,26,19
3026446,France,+044:+006,0.37209302325581395,0.3225806451612903,-0.049512378094523635,22,40
3029217,Denmark,+054:+009,0.3225806451612903,0.4444444444444444,0.1218637992831541,8,19
3030059,Denmark,+055:+009,0.5294117647058824,0.6428571428571429,0.11344537815126055,14,14
3031163,Denmark,+055:+009,0.2631578947368421,0.2777777777777778,0.0146198830409357,21,15
3031889,Denmark,+055:+009,0.3225806451612903,0.29411764705882354,-0.028462998102466774,10,24
3034013,Denmark,+055:+009,0.4444444444444444,0.36363636363636365,-0.08080808080808077,8,14
3036272,Denmark,+054:+009,0.21052631578947367,0.375,0.16447368421052633,13,19
3039293,France,+043:+007,0.4745762711864407,0.47058823529411764,-0.00398803589232305,37,31
3041710,Denmark,+054:+009,0.14814814814814814,0.3076923076923077,0.15954415954415957,8,18
3042161,Denmark,+055:+009,0.2777777777777778,0.3684210526315789,0.09064327485380114,12,26
3043671,Denmark,+055:+009,0.4444444444444444,0.6923076923076923,0.24786324786324787,12,14
3046016,Denmark,+054:+009,0.19047619047619047,0.17391304347826086,-0.0165631469979296,5,18
3051377,Denmark,+055:+009,0.23529411764705882,0.22857142857142856,-0.006722689075630256,12,23
3053034,France,+044:-001,0.27586206896551724,0.2962962962962963,0.020434227330779042,5,22
3053857,Denmark,+055:+009,0.4117647058823529,0.45161290322580644,0.03984819734345352,10,21
3055988,France,+044:-001,0.375,0.5,0.125,15,17
3060893,Denmark,+055:+009,0.2962962962962963,0.23076923076923078,-0.0655270655270655,5,21
3062542,Denmark,+055:+009,0.1875,0.375,0.1875,12,20
3063167,Denmark,+055:+009,0.4864864864864865,0.5405405405405406,0.05405405405405406,13,24
3065083,Denmark,+055:+009,0.35,0.3902439024390244,0.040243902439024426,17,24
3065603,France,+043:+007,0.32727272727272727,0.4074074074074074,0.08013468013468011,33,21
3067053,Denmark,+055:+009,0.42857142857142855,0.5925925925925926,0.164021164021164,8,19
3067174,France,+044:+006,0.42424242424242425,0.48484848484848486,0.06060606060606061,11,22
3067396,Denmark,+055:+009,0.24242424242424243,0.3225806451612903,0.08015640273704788,14,17
3067611,Denmark,+055:+009,0.48,0.4,-0.07999999999999996,28,22
3071223,Denmark,+055:+009,0.3404255319148936,0.4186046511627907,0.07817911924789711,22,21
3074090,Poland,+054:+017,0.5957446808510638,0.56,-0.03574468085106375,23,27
3075566,Denmark,+055:+009,0.5555555555555556,0.47058823529411764,-0.08496732026143794,13,21
3077552,Denmark,+055:+009,0.25806451612903225,0.3448275862068966,0.08676307007786432,15,14
3078411,Denmark,+055:+009,0.5,0.5806451612903226,0.08064516129032262,12,19
3079081,Italy,+042:+015,0.0,0.0,0.0,1,14
3079379,Denmark,+055:+009,0.2702702702702703,0.42857142857142855,0.15830115830115826,19,23
3080959,Denmark,+055:+009,0.3225806451612903,0.4,0.07741935483870971,11,19
3081464,Denmark,+055:+009,0.2857142857142857,0.21052631578947367,-0.07518796992481203,26,12
3082090,Denmark,+055:+009,0.5294117647058824,0.42857142857142855,-0.10084033613445381,17,11
3085186,Denmark,+055:+009,0.21621621621621623,0.5365853658536586,0.32036914963744234,17,24
3085699,Denmark,+055:+009,0.5405405405405406,0.4,-0.14054054054054055,20,15
3086287,Italy,+042:+015,0.09090909090909091,0.09523809523809523,0.004329004329004321,4,17
3086648,France,+044:+006,0.24,0.2903225806451613,0.05032258064516132,22,40
3086664,Denmark,+055:+009,0.3076923076923077,0.43478260869565216,0.12709030100334445,10,13
3091529,France,+044:-001,0.5833333333333334,0.6363636363636364,0.05303030303030298,9,13
3092317,France,+046:+006,0.5301204819277109,0.6736842105263158,0.1435637285986049,55,40
3092891,Denmark,+055:+009,0.4444444444444444,0.47368421052631576,0.029239766081871343,16,22
3094362,France,+044:-001,0.6206896551724138,0.7407407407407407,0.12005108556832689,13,14
3094799,Denmark,+055:+009,0.42857142857142855,0.4,-0.028571428571428525,26,9
3095738,Denmark,+055:+009,0.24,0.2727272727272727,0.032727272727272716,5,17
3097501,Denmark,+055:+009,0.35294117647058826,0.375,0.022058823529411742,18,14
3099666,France,+044:+006,0.1875,0.20833333333333334,0.020833333333333343,10,38
3099873,Denmark,+055:+009,0.3888888888888889,0.3448275862068966,-0.04406130268199232,16,13
3100000,France,+044:+000,0.5098039215686274,0.6792452830188679,0.16944136145024047,28,25
3102475,Denmark,+055:+009,0.3829787234042553,0.2,-0.1829787234042553,27,13
3102559,Denmark,+055:+009,0.3902439024390244,0.42105263157894735,0.03080872913992294,19,19
3102674,Denmark,+054:+009,0.5161290322580645,0.47058823529411764,-0.04554079696394686,15,19
3103595,Denmark,+054:+009,0.48,0.5217391304347826,0.04173913043478261,10,13
3103991,Denmark,+055:+009,0.4864864864864865,0.4444444444444444,-0.042042042042042094,14,22
3105633,Denmark,+055:+009,0.5185185185185185,0.7272727272727273,0.2087542087542088,11,11
3106591,Poland,+052:+019,0.3508771929824561,0.37681159420289856,0.025934401220442438,29,40
3106824,Denmark,+055:+009,0.4444444444444444,0.2777777777777778,-0.16666666666666663,14,22
3107340,Denmark,+055:+009,0.48,0.6,0.12,7,13
3107397,Denmark,+054:+009,0.5405405405405406,0.47368421052631576,-0.06685633001422481,18,20
3107775,France,+043:+007,0.044444444444444446,0.09836065573770492,0.05391621129326047,24,37
3108368,Denmark,+055:+009,0.41379310344827586,0.46153846153846156,0.04774535809018571,13,13
3116558,Denmark,+055:+009,0.45714285714285713,0.4666666666666667,0.009523809523809545,9,21
3120676,Denmark,+055:+009,0.35,0.47368421052631576,0.12368421052631579,18,20
3125919,Denmark,+055:+009,0.32558139534883723,0.4583333333333333,0.13275193798449608,21,27
3126075,Denmark,+055:+009,0.45454545454545453,0.5,0.04545454545454547,23,21
3126337,France,+044:+000,0.30303030303030304,0.5,0.19696969696969696,14,22
3129195,Denmark,+055:+009,0.42424242424242425,0.42424242424242425,0.0,11,22
3132583,France,+046:+006,0.40476190476190477,0.5777777777777777,0.17301587301587296,57,33
3132847,Denmark,+055:+009,0.3684210526315789,0.3333333333333333,-0.03508771929824561,16,20
3133242,Denmark,+055:+009,0.5714285714285714,0.64,0.06857142857142862,11,14
3134880,Austria,+046:+013,0.38596491228070173,0.5,0.11403508771929827,24,40
3135780,Denmark,+055:+009,0.4444444444444444,0.3870967741935484,-0.05734767025089604,14,17
3136067,Denmark,+055:+009,0.26666666666666666,0.15384615384615385,-0.11282051282051281,8,18
3136185,Denmark,+054:+009,0.29411764705882354,0.18181818181818182,-0.11229946524064172,14,19
3139636,Denmark,+055:+009,0.3684210526315789,0.3684210526315789,0.0,14,24
3142701,Denmark,+055:+009,0.5777777777777777,0.6222222222222222,0.04444444444444451,19,26
3144382,Denmark,+055:+009,0.15,0.36363636363636365,0.21363636363636365,19,25
3146448,Czech Republic,+049:+017,0.3,0.2823529411764706,-0.017647058823529405,56,29
3147597,Denmark,+055:+009,0.058823529411764705,0.1875,0.12867647058823528,13,19
3151006,Denmark,+055:+009,0.4,0.43902439024390244,0.03902439024390242,19,22
3152422,France,+043:+007,0.05,0.09523809523809523,0.04523809523809523,18,24
3152527,Denmark,+054:+009,0.3,0.2222222222222222,-0.07777777777777778,17,19
3157787,Denmark,+055:+009,0.48,0.3870967741935484,-0.0929032258064516,9,22
3158783,Denmark,+054:+009,0.46511627906976744,0.4090909090909091,-0.05602536997885832,21,23
3160375,Poland,+054:+017,0.6,0.5098039215686274,-0.09019607843137256,20,31
3161137,Denmark,+054:+009,0.26666666666666666,0.2,-0.06666666666666665,10,30
3163659,Italy,+042:+015,0.0,0.0,0.0,6,20
3167434,Denmark,+055:+009,0.3870967741935484,0.375,-0.012096774193548376,13,19
3171535,Denmark,+054:+009,0.12121212121212122,0.2,0.0787878787878788,11,19
3172182,Denmark,+055:+009,0.3125,0.56,0.24750000000000005,10,15
3172317,Denmark,+055:+009,0.5517241379310345,0.7272727272727273,0.17554858934169282,14,8
3172395,Denmark,+055:+009,0.3333333333333333,0.2926829268292683,-0.04065040650406504,17,24
3172654,Denmark,+054:+009,0.12903225806451613,0.38461538461538464,0.2555831265508685,7,19
3173607,Denmark,+055:+009,0.2857142857142857,0.4444444444444444,0.15873015873015872,5,13
3175542,Denmark,+055:+009,0.2222222222222222,0.27586206896551724,0.05363984674329503,12,17
3177667,France,+046:+006,0.2857142857142857,0.3655913978494624,0.07987711213517668,55,38
3179002,Germany,+054:+009,0.5384615384615384,0.38095238095238093,-0.1575091575091575,8,13
3182176,Denmark,+055:+009,0.4166666666666667,0.2857142857142857,-0.130952380952381,6,15
3185743,Denmark,+055:+009,0.08695652173913043,0.16,0.07304347826086957,2,23
3186273,Denmark,+055:+009,0.2033898305084746,0.2711864406779661,0.06779661016949151,36,23
3194061,Slovenia,+046:+013,0.08333333333333333,0.08695652173913043,0.0036231884057971037,5,18
3194285,Denmark,+055:+009,0.5128205128205128,0.5882352941176471,0.0754147812971343,19,15
3196078,France,+048:+002,0.45454545454545453,0.43243243243243246,-0.022113022113022074,21,16
3196895,Denmark,+055:+009,0.5454545454545454,0.3870967741935484,-0.15835777126099704,19,12
3198427,Denmark,+055:+009,0.26666666666666666,0.3448275862068966,0.07816091954022991,11,18
3198730,Denmark,+055:+009,0.45,0.3902439024390244,-0.05975609756097561,19,22
3200155,Italy,+042:+015,0.08695652173913043,0.08333333333333333,-0.0036231884057971037,5,19
3200442,Switzerland,+046:+006,0.547945205479452,0.6666666666666666,0.1187214611872146,41,37
3200812,France,+044:-001,0.6153846153846154,0.8333333333333334,0.21794871794871795,10,14
3204185,Denmark,+055:+009,0.2857142857142857,0.4166666666666667,0.130952380952381,10,14
3204721,Denmark,+055:+009,0.3137254901960784,0.3137254901960784,0.0,27,24
3205951,Denmark,+055:+009,0.32,0.42105263157894735,0.10105263157894734,8,11
3213139,Denmark,+055:+009,0.35714285714285715,0.20689655172413793,-0.15024630541871922,8,21
3214470,Denmark,+055:+009,0.35294117647058826,0.3157894736842105,-0.03715170278637775,11,27
3216027,Denmark,+055:+009,0.358974358974359,0.42105263157894735,0.06207827260458837,17,21
3217156,France,+044:-001,0.38461538461538464,0.4444444444444444,0.05982905982905978,8,19
3218531,Denmark,+055:+009,0.47058823529411764,0.45161290322580644,-0.0189753320683112,9,22
3220976,Denmark,+054:+009,0.13793103448275862,0.4827586206896552,0.3448275862068966,12,17
3221447,Denmark,+055:+009,0.2857142857142857,0.3076923076923077,0.02197802197802201,26,13
3230306,France,+044:-001,0.2222222222222222,0.35714285714285715,0.13492063492063494,11,17
3232944,France,+043:+000,0.5882352941176471,0.6792452830188679,0.0910099889012208,31,22
3235516,Denmark,+055:+009,0.36363636363636365,0.45161290322580644,0.08797653958944279,11,20
3240511,Denmark,+055:+009,0.38095238095238093,0.5882352941176471,0.20728291316526615,5,12
3244869,France,+043:+007,0.3333333333333333,0.2631578947368421,-0.07017543859649122,23,15
3245654,Denmark,+055:+009,0.42857142857142855,0.46153846153846156,0.032967032967033016,21,18
3246150,Denmark,+055:+009,0.37209302325581395,0.55,0.1779069767441861,21,19
3246825,Denmark,+054:+009,0.5,0.42857142857142855,-0.07142857142857145,15,13
3250146,France,+043:+000,0.6341463414634146,0.6521739130434783,0.018027571580063628,23,23
3250623,France,+044:+000,0.5531914893617021,0.6037735849056604,0.050582095543958205,26,27
3250670,Denmark,+054:+009,0.2962962962962963,0.64,0.34370370370370373,12,13
3253673,Denmark,+054:+009,0.21052631578947367,0.25,0.03947368421052633,13,19
3254713,France,+048:+002,0.4864864864864865,0.4827586206896552,-0.00372786579683132,15,14
3257838,France,+043:+000,0.6222222222222222,0.5306122448979592,-0.09160997732426301,23,26
3258216,Denmark,+054:+009,0.14814814814814814,0.25,0.10185185185185186,12,20
3259809,Denmark,+055:+009,0.4117647058823529,0.4444444444444444,0.0326797385620915,14,13
3260421,Denmark,+055:+009,0.3157894736842105,0.29411764705882354,-0.02167182662538697,14,20
3261025,Poland,+054:+017,0.5531914893617021,0.5416666666666666,-0.01152482269503552,23,25
3263101,France,+044:+006,0.2909090909090909,0.36363636363636365,0.07272727272727275,27,39
3265084,Denmark,+055:+009,0.48484848484848486,0.4827586206896552,-0.0020898641588296685,12,17
3267471,Denmark,+055:+009,0.5555555555555556,0.6,0.0444444444444444,13,17
3271638,Denmark,+055:+009,0.2777777777777778,0.36363636363636365,0.08585858585858586,11,22
3273508,France,+042:+000,0.2777777777777778,0.3018867924528302,0.024109014675052387,13,40
3274298,Denmark,+055:+009,0.20512820512820512,0.15789473684210525,-0.04723346828609987,20,18
3276957,France,+043:+007,0.1509433962264151,0.14705882352941177,-0.003884572697003319,31,37
3280222,Denmark,+055:+009,0.23529411764705882,0.24242424242424243,0.007130124777183611,9,24
3281948,Denmark,+055:+009,0.18181818181818182,0.14035087719298245,-0.041467304625199375,33,24
3283239,Denmark,+054:+009,0.17142857142857143,0.2702702702702703,0.09884169884169886,14,23
3283790,Denmark,+054:+009,0.2978723404255319,0.375,0.0771276595744681,28,20
3285921,Denmark,+055:+009,0.2222222222222222,0.4,0.1777777777777778,8,17
3287534,Denmark,+055:+009,0.17647058823529413,0.23529411764705882,0.05882352941176469,11,23
3289101,Denmark,+055:+009,0.25806451612903225,0.36363636363636365,0.1055718475073314,11,22
3289502,Denmark,+055:+009,0.6666666666666666,0.5714285714285714,-0.09523809523809523,12,9
3290777,Slovenia,+046:+013,0.2857142857142857,0.24,-0.04571428571428571,8,17
3292272,Germany,+054:+009,0.5806451612903226,0.56,-0.020645161290322567,13,12
3296659,Denmark,+055:+009,0.42424242424242425,0.41379310344827586,-0.010449320794148398,12,17
3302497,Denmark,+055:+009,0.20512820512820512,0.17142857142857143,-0.03369963369963369,20,15
3304594,Denmark,+054:+009,0.25,0.3870967741935484,0.13709677419354838,10,21
3305853,Denmark,+055:+009,0.3684210526315789,0.35294117647058826,-0.015479876160990669,15,19
3305900,Denmark,+055:+009,0.13636363636363635,0.21052631578947367,0.07416267942583732,16,22
3306508,France,+043:+007,0.2857142857142857,0.3333333333333333,0.047619047619047616,18,24
3308820,Denmark,+055:+009,0.42857142857142855,0.5925925925925926,0.164021164021164,12,15
3309086,Denmark,+055:+009,0.46511627906976744,0.5,0.034883720930232565,21,19
3309158,Denmark,+055:+009,0.20512820512820512,0.36363636363636365,0.15850815850815853,17,27
3310090,France,+048:+002,0.375,0.4666666666666667,0.09166666666666667,13,17
3311472,Denmark,+055:+009,0.4,0.2962962962962963,-0.10370370370370374,8,19
3311762,France,+044:-001,0.38095238095238093,0.5882352941176471,0.20728291316526615,6,11
3313797,France,+043:+007,0.36363636363636365,0.4666666666666667,0.10303030303030303,33,27
3314436,France,+044:-001,0.5625,0.7692307692307693,0.20673076923076927,11,15
3318463,France,+044:+000,0.2857142857142857,0.3333333333333333,0.047619047619047616,18,24
3319295,Denmark,+054:+009,0.34782608695652173,0.32,-0.027826086956521723,9,16
3321760,Denmark,+054:+009,0.3125,0.4,0.08750000000000002,15,25
3322536,Denmark,+055:+009,0.34782608695652173,0.47058823529411764,0.12276214833759591,8,9
3323222,Denmark,+055:+009,0.4666666666666667,0.42857142857142855,-0.038095238095238126,16,12
3330437,France,+044:+006,0.3,0.375,0.07500000000000001,19,29
3330479,Denmark,+055:+009,0.2702702702702703,0.19047619047619047,-0.07979407979407982,14,28
3330866,Norway,+059:+010,0.16666666666666666,0.09302325581395349,-0.07364341085271317,3,40
3332643,France,+044:-001,0.47619047619047616,0.625,0.14880952380952384,5,11
3335399,Denmark,+055:+009,0.17647058823529413,0.24390243902439024,0.06743185078909611,14,27
3337928,France,+043:+000,0.3125,0.358974358974359,0.046474358974358976,12,27
3343310,Poland,+052:+019,0.18518518518518517,0.31746031746031744,0.13227513227513227,30,33
3345460,France,+044:-001,0.4166666666666667,0.6666666666666666,0.24999999999999994,9,12
3346812,Italy,+042:+015,0.1,0.17391304347826086,0.07391304347826086,3,20
3349344,Italy,+040:+013,0.36363636363636365,0.4,0.036363636363636376,13,22
3349371,Denmark,+055:+009,0.24,0.3,0.06,9,11
3350803,Denmark,+055:+009,0.06896551724137931,0.07407407407407407,0.005108556832694761,8,19
3357141,France,+044:+006,0.3508771929824561,0.2903225806451613,-0.06055461233729481,36,26
3358629,Austria,+046:+013,0.42424242424242425,0.3333333333333333,-0.09090909090909094,32,40
3358878,Denmark,+055:+009,0.2608695652173913,0.42105263157894735,0.16018306636155605,5,14
3363472,Denmark,+055:+009,0.2857142857142857,0.2727272727272727,-0.012987012987012991,8,14
3363587,Denmark,+054:+009,0.5,0.7407407407407407,0.2407407407407407,11,16
3363614,Denmark,+054:+009,0.4166666666666667,0.34782608695652173,-0.06884057971014496,8,15
3367015,Denmark,+055:+009,0.5263157894736842,0.5263157894736842,0.0,14,24
3367277,Denmark,+055:+009,0.7777777777777778,0.6470588235294118,-0.130718954248366,18,16
3369480,Denmark,+055:+009,0.25806451612903225,0.0625,-0.19556451612903225,9,23
3370339,Denmark,+054:+009,0.4444444444444444,0.5217391304347826,0.07729468599033817,12,11
3371827,Denmark,+055:+009,0.34285714285714286,0.358974358974359,0.016117216117216115,13,26
3372331,Italy,+042:+015,0.0,0.0,0.0,3,16
3372557,Germany,+054:+009,0.6666666666666666,0.6086956521739131,-0.05797101449275355,9,14
3373263,France,+044:-001,0.5217391304347826,0.5454545454545454,0.02371541501976282,6,16
3374673,France,+044:+006,0.45161290322580644,0.3783783783783784,-0.07323452484742804,10,27
3374825,Denmark,+054:+009,0.56,0.5384615384615384,-0.021538461538461617,9,17
3377136,France,+043:+007,0.07692307692307693,0.12903225806451613,0.0521091811414392,27,35
3378071,Denmark,+054:+009,0.3181818181818182,0.4090909090909091,0.09090909090909094,27,17
3378188,France,+044:-001,0.43478260869565216,0.6,0.16521739130434782,7,13
3379400,France,+046:+000,0.5,0.5,0.0,23,21
3379770,Poland,+054:+017,0.4897959183673469,0.2909090909090909,-0.19888682745825603,25,30
3380619,Denmark,+055:+009,0.5,0.5263157894736842,0.02631578947368418,20,18
3381877,France,+044:+006,0.125,0.1111111111111111,-0.013888888888888895,8,28
3383927,Denmark,+055:+009,0.18181818181818182,0.23529411764705882,0.053475935828877,9,25
3385159,Denmark,+055:+009,0.2777777777777778,0.29411764705882354,0.01633986928104575,17,17
3387717,France,+044:+006,0.0,0.0,0.0,5,40
3388644,Denmark,+054:+009,0.5294117647058824,0.48,-0.04941176470588238,15,10
3388688,Denmark,+054:+009,0.4666666666666667,0.4666666666666667,0.0,14,16
3391405,Denmark,+055:+009,0.4166666666666667,0.3333333333333333,-0.08333333333333337,29,13
3391721,Germany,+054:+009,0.42857142857142855,0.36363636363636365,-0.0649350649350649,11,11
3393955,Denmark,+055:+009,0.5,0.5925925925925926,0.09259259259259256,15,12
3394547,Denmark,+054:+009,0.5384615384615384,0.5384615384615384,0.0,10,16
3395629,Denmark,+055:+009,0.2692307692307692,0.32727272727272727,0.05804195804195805,32,23
3396202,Denmark,+055:+009,0.36363636363636365,0.45161290322580644,0.08797653958944279,13,18
3397102,Germany,+054:+009,0.35294117647058826,0.5,0.14705882352941174,16,16
3400094,Denmark,+055:+009,0.3829787234042553,0.2916666666666667,-0.09131205673758863,23,25
3400620,Denmark,+055:+009,0.46153846153846156,0.4,-0.06153846153846154,12,13
3400634,Denmark,+054:+009,0.4,0.5263157894736842,0.12631578947368416,5,14
3401128,Denmark,+055:+009,0.4888888888888889,0.5,0.011111111111111127,22,18
3403120,France,+044:+006,0.4583333333333333,0.42857142857142855,-0.029761904761904767,26,30
3403134,Denmark,+055:+009,0.46153846153846156,0.3333333333333333,-0.12820512820512825,18,24
3405478,Denmark,+054:+009,0.6666666666666666,0.631578947368421,-0.03508771929824561,7,12
3406597,Denmark,+054:+009,0.6666666666666666,0.6222222222222222,-0.0444444444444444,22,23
3406722,Italy,+046:+013,0.15384615384615385,0.14634146341463414,-0.007504690431519717,17,24
3408936,Denmark,+055:+009,0.2962962962962963,0.26666666666666666,-0.029629629629629617,11,19
3410248,Denmark,+055:+009,0.27586206896551724,0.3333333333333333,0.05747126436781608,6,18
3410605,France,+043:+000,0.45714285714285713,0.5806451612903226,0.12350230414746549,11,20
3413527,Denmark,+055:+009,0.4864864864864865,0.43243243243243246,-0.05405405405405406,15,22
3414629,Denmark,+055:+009,0.3333333333333333,0.38095238095238093,0.047619047619047616,6,15
3417811,Denmark,+055:+009,0.26666666666666666,0.27906976744186046,0.012403100775193798,20,23
3418482,Denmark,+054:+009,0.4117647058823529,0.25,-0.16176470588235292,16,24
3420705,Denmark,+055:+009,0.43478260869565216,0.5555555555555556,0.12077294685990342,6,12
3421956,France,+044:+000,0.6666666666666666,0.6956521739130435,0.02898550724637683,20,26
3422283,Denmark,+055:+009,0.41025641025641024,0.4,-0.01025641025641022,18,27
3424039,Denmark,+054:+009,0.4,0.5294117647058824,0.12941176470588234,11,23
3424216,Denmark,+055:+009,0.35714285714285715,0.4444444444444444,0.08730158730158727,12,15
3425366,France,+044:+000,0.6181818181818182,0.6896551724137931,0.07147335423197498,30,28
3427579,Denmark,+055:+009,0.07407407407407407,0.07407407407407407,0.0,9,18
3429055,Denmark,+055:+009,0.3448275862068966,0.4444444444444444,0.09961685823754785,14,13
3429397,Denmark,+054:+009,0.4375,0.38461538461538464,-0.05288461538461536,13,13
3430938,Denmark,+055:+009,0.22857142857142856,0.3181818181818182,0.08961038961038961,18,26
3435926,Denmark,+055:+009,0.4888888888888889,0.55,0.06111111111111117,22,18
3437386,Denmark,+055:+009,0.5,0.5454545454545454,0.045454545454545414,16,17
3440202,Denmark,+054:+009,0.07142857142857142,0.07407407407407407,0.0026455026455026454,8,19
3440611,France,+043:+007,0.41509433962264153,0.4375,0.02240566037735847,33,31
3444819,Denmark,+055:+009,0.5714285714285714,0.33962264150943394,-0.23180592991913745,37,16
3454089,France,+046:+006,0.21333333333333335,0.2926829268292683,0.07934959349593493,45,37
3457287,Denmark,+055:+009,0.25,0.26666666666666666,0.016666666666666663,8,22
3460294,Denmark,+055:+009,0.26666666666666666,0.3076923076923077,0.041025641025641046,7,19
3460772,Italy,+040:+013,0.25,0.2857142857142857,0.0357142857142857,5,16
3461936,France,+044:-001,0.48,0.7272727272727273,0.2472727272727273,10,12
3462165,Denmark,+054:+009,0.29411764705882354,0.3181818181818182,0.024064171122994638,18,26
3466388,Italy,+042:+015,0.0,0.0,0.0,2,16
3466865,France,+043:+007,0.15873015873015872,0.11594202898550725,-0.042788129744651474,39,30
3474147,Denmark,+055:+009,0.23529411764705882,0.3125,0.07720588235294118,17,15
3475239,Denmark,+055:+009,0.37037037037037035,0.5,0.12962962962962965,10,14
3476556,Denmark,+055:+009,0.4090909090909091,0.43902439024390244,0.029933481152993324,21,20
3477645,Denmark,+055:+009,0.32,0.27586206896551724,-0.04413793103448277,4,25
3480973,Denmark,+055:+009,0.4186046511627907,0.45454545454545453,0.03594080338266381,19,25
3481524,Denmark,+055:+009,0.34285714285714286,0.37037037037037035,0.02751322751322749,11,16
3482338,Denmark,+055:+009,0.21052631578947367,0.2631578947368421,0.05263157894736842,16,22
3484184,Denmark,+055:+009,0.3684210526315789,0.30303030303030304,-0.06539074960127589,17,16
3484412,Denmark,+055:+009,0.41379310344827586,0.4,-0.013793103448275834,10,20
3484873,France,+043:+007,0.42857142857142855,0.6666666666666666,0.23809523809523808,17,19
3486651,Denmark,+054:+009,0.35294117647058826,0.42105263157894735,0.06811145510835909,15,23
3488412,Denmark,+055:+009,0.2857142857142857,0.4166666666666667,0.130952380952381,30,18
3489168,Denmark,+054:+009,0.3333333333333333,0.4444444444444444,0.1111111111111111,10,17
3489417,Denmark,+055:+009,0.5625,0.4,-0.16249999999999998,13,12
3490768,Denmark,+055:+009,0.4,0.4,0.0,28,17
3490917,France,+044:+006,0.23809523809523808,0.3333333333333333,0.09523809523809523,20,22
3491155,Denmark,+055:+009,0.17647058823529413,0.35714285714285715,0.18067226890756302,14,14
3492055,Denmark,+055:+009,0.34146341463414637,0.3,-0.04146341463414638,24,16
3492773,Denmark,+055:+009,0.42105263157894735,0.47058823529411764,0.049535603715170295,21,13
3494820,Denmark,+055:+009,0.4117647058823529,0.4666666666666667,0.05490196078431375,18,12
3496294,France,+044:+000,0.6666666666666666,0.6923076923076923,0.02564102564102566,23,29
3496739,Denmark,+054:+009,0.42424242424242425,0.4117647058823529,-0.012477718360071333,16,18
3502327,Italy,+044:+011,0.18461538461538463,0.4225352112676056,0.237919826652221,41,30
3502613,France,+044:+006,0.3111111111111111,0.43137254901960786,0.12026143790849675,20,31
3503589,Italy,+040:+013,0.5555555555555556,0.45714285714285713,-0.09841269841269845,17,18
3505909,France,+043:+007,0.4782608695652174,0.5357142857142857,0.05745341614906829,28,28
3513363,Denmark,+055:+009,0.25,0.35714285714285715,0.10714285714285715,8,20
3514113,France,+043:+000,0.45454545454545453,0.36363636363636365,-0.09090909090909088,22,22
3514646,Denmark,+054:+009,0.43243243243243246,0.3225806451612903,-0.10985178727114214,17,14
3514942,Denmark,+055:+009,0.26666666666666666,0.20689655172413793,-0.059770114942528735,13,16
3516224,Denmark,+054:+009,0.0,0.0,0.0,6,23
3516343,France,+043:+000,0.5555555555555556,0.6875,0.13194444444444442,16,16
3516605,Denmark,+055:+009,0.37037037037037035,0.6086956521739131,0.23832528180354273,11,12
3517597,Denmark,+055:+009,0.25,0.30303030303030304,0.05303030303030304,12,21
3520217,Denmark,+054:+009,0.2962962962962963,0.46153846153846156,0.16524216524216528,9,17
3520363,Denmark,+055:+009,0.5185185185185185,0.64,0.12148148148148152,11,14
3521122,Denmark,+054:+009,0.12121212121212122,0.12903225806451613,0.00782013685239491,9,22
3522067,France,+044:-001,0.4,0.4444444444444444,0.0444444444444444,9,18
3522213,Denmark,+055:+009,0.14285714285714285,0.21621621621621623,0.07335907335907338,10,27
3522566,Denmark,+055:+009,0.5116279069767442,0.6153846153846154,0.10375670840787121,19,20
3522816,Slovenia,+046:+013,0.1038961038961039,0.30952380952380953,0.20562770562770563,46,38
3524599,France,+044:+006,0.1935483870967742,0.2631578947368421,0.0696095076400679,41,35
3524957,Denmark,+055:+009,0.35,0.3157894736842105,-0.03421052631578947,17,21
3526321,Denmark,+055:+009,0.3870967741935484,0.35714285714285715,-0.029953917050691226,13,15
3530171,Denmark,+054:+009,0.37209302325581395,0.4090909090909091,0.03699788583509517,22,22
3531838,Denmark,+055:+009,0.3157894736842105,0.43243243243243246,0.11664295874822195,16,21
3532722,France,+044:-001,0.32432432432432434,0.375,0.05067567567567566,15,17
3532942,France,+043:+000,0.4262295081967213,0.4838709677419355,0.05764145954521421,42,20
3534479,Italy,+042:+015,0.0,0.0,0.0,3,18
3536559,Denmark,+055:+009,0.3157894736842105,0.37209302325581395,0.05630354957160344,15,28
3537922,Denmark,+055:+009,0.43478260869565216,0.42105263157894735,-0.013729977116704817,6,13
3539894,France,+044:-001,0.47619047619047616,0.6666666666666666,0.19047619047619047,6,12
3540267,Denmark,+055:+009,0.3333333333333333,0.38461538461538464,0.05128205128205132,7,19
3545855,Denmark,+055:+009,0.5,0.5,0.0,25,19
3546019,Denmark,+055:+009,0.36363636363636365,0.375,0.011363636363636354,10,22
3547319,Denmark,+055:+009,0.36363636363636365,0.29411764705882354,-0.06951871657754011,11,23
3547497,Poland,+054:+017,0.20689655172413793,0.16666666666666666,-0.04022988505747127,11,25
3548913,Denmark,+055:+009,0.22727272727272727,0.23255813953488372,0.0052854122621564525,22,21
3551738,Denmark,+055:+009,0.4,0.20689655172413793,-0.1931034482758621,15,14
3552251,Denmark,+055:+009,0.3793103448275862,0.3728813559322034,-0.006428988895382792,33,26
3553712,Denmark,+054:+009,0.45454545454545453,0.631578947368421,0.1770334928229665,8,11
3557751,Denmark,+055:+009,0.42105263157894735,0.5714285714285714,0.15037593984962405,6,8
3559319,Denmark,+055:+009,0.25806451612903225,0.2564102564102564,-0.0016542597187758634,11,28
3562042,Denmark,+055:+009,0.3783783783783784,0.3333333333333333,-0.045045045045045085,17,13
3563594,Denmark,+055:+009,0.2857142857142857,0.35294117647058826,0.06722689075630256,15,19
3564511,Slovenia,+046:+013,0.1935483870967742,0.14814814814814814,-0.04540023894862605,12,15
3564682,Denmark,+055:+009,0.4,0.6451612903225806,0.2451612903225806,14,17
3567476,Denmark,+055:+009,0.375,0.43478260869565216,0.05978260869565216,24,22
3570652,Denmark,+055:+009,0.3225806451612903,0.37037037037037035,0.047789725209080036,6,21
3576281,Denmark,+055:+009,0.38461538461538464,0.38461538461538464,0.0,7,19
3587872,Denmark,+055:+009,0.29411764705882354,0.30303030303030304,0.0089126559714795,13,20
3589158,Italy,+042:+015,0.08695652173913043,0.08695652173913043,0.0,5,18
3589287,Denmark,+055:+009,0.27586206896551724,0.3448275862068966,0.06896551724137934,8,21
3589991,Denmark,+055:+009,0.18604651162790697,0.17391304347826086,-0.01213346814964611,22,24
3591120,Denmark,+055:+009,0.358974358974359,0.45714285714285713,0.09816849816849815,17,18
3592677,France,+043:+000,0.6521739130434783,0.5833333333333334,-0.0688405797101449,21,27
3592898,Denmark,+054:+009,0.4444444444444444,0.5882352941176471,0.14379084967320266,6,11
3593262,Denmark,+054:+009,0.08333333333333333,0.09090909090909091,0.007575757575757583,3,19
3593760,Denmark,+054:+009,0.3684210526315789,0.4444444444444444,0.07602339181286549,17,19
3593933,France,+044:-001,0.5714285714285714,0.782608695652174,0.21118012422360255,11,12
3600758,Denmark,+055:+009,0.13793103448275862,0.17391304347826086,0.035982008995502246,5,18
3601915,Denmark,+055:+009,0.5,0.56,0.06000000000000005,12,13
3603444,Slovakia,+048:+018,0.3055555555555556,0.55,0.24444444444444446,40,40
3604404,Denmark,+055:+009,0.3125,0.27586206896551724,-0.03663793103448276,9,20
3604874,Denmark,+055:+009,0.3,0.23809523809523808,-0.06190476190476191,20,22
3605887,France,+043:+000,0.5925925925925926,0.56,-0.032592592592592506,28,22
3606157,France,+043:+007,0.10526315789473684,0.20512820512820512,0.09986504723346828,15,24
3606924,France,+043:+007,0.3181818181818182,0.41025641025641024,0.09207459207459207,18,21
3608555,Denmark,+054:+009,0.5217391304347826,0.5263157894736842,0.004576659038901587,9,10
3611529,Denmark,+055:+009,0.41379310344827586,0.5,0.08620689655172414,29,19
3613506,Denmark,+054:+009,0.2,0.5,0.3,5,11
3615222,France,+044:+006,0.35555555555555557,0.2692307692307692,-0.08632478632478635,26,26
3618280,Denmark,+054:+009,0.2608695652173913,0.5217391304347826,0.2608695652173913,6,17
3620155,France,+044:-001,0.6428571428571429,0.72,0.07714285714285707,12,13
3623559,Denmark,+055:+009,0.3333333333333333,0.38095238095238093,0.047619047619047616,22,20
3626195,Denmark,+055:+009,0.2,0.125,-0.07500000000000001,3,13
3627903,Denmark,+055:+009,0.14285714285714285,0.11764705882352941,-0.02521008403361344,8,26
3629815,Denmark,+054:+009,0.32,0.5,0.18,7,13
3630088,Denmark,+055:+009,0.3448275862068966,0.3333333333333333,-0.01149425287356326,9,21
3634024,Denmark,+055:+009,0.45454545454545453,0.5882352941176471,0.13368983957219255,7,10
3634377,Germany,+054:+009,0.5185185185185185,0.6666666666666666,0.14814814814814814,8,13
3635663,Germany,+054:+009,0.36363636363636365,0.625,0.26136363636363635,5,11
3641189,Denmark,+055:+009,0.45,0.5142857142857142,0.06428571428571422,19,16
3641957,Denmark,+054:+009,0.5,0.5,0.0,9,19
3643267,Denmark,+055:+009,0.34146341463414637,0.3157894736842105,-0.02567394094993586,16,22
3643536,Denmark,+055:+009,0.32,0.4,0.08000000000000002,6,14
3647664,Denmark,+055:+009,0.375,0.46153846153846156,0.08653846153846156,9,17
3660109,Denmark,+055:+009,0.5625,0.48,-0.08250000000000002,11,14
3661526,Poland,+054:+017,0.6666666666666666,0.6530612244897959,-0.013605442176870763,19,30
3662848,Poland,+054:+017,0.43478260869565216,0.43478260869565216,0.0,7,16
3663827,Denmark,+055:+009,0.16666666666666666,0.18181818181818182,0.015151515151515166,11,22
3665089,Denmark,+055:+009,0.45,0.5,0.04999999999999999,17,23
3665742,Denmark,+055:+009,0.30303030303030304,0.29411764705882354,-0.0089126559714795,13,21
3665915,Denmark,+055:+009,0.2857142857142857,0.26666666666666666,-0.019047619047619035,13,17
3666864,Denmark,+054:+009,0.5,0.6153846153846154,0.11538461538461542,15,11
3667019,Denmark,+055:+009,0.5405405405405406,0.5,-0.04054054054054057,12,24
3667931,Germany,+054:+009,0.5625,0.5714285714285714,0.008928571428571397,12,23
3669547,Denmark,+054:+009,0.3333333333333333,0.41379310344827586,0.08045977011494254,10,19
3670654,Denmark,+054:+009,0.5652173913043478,0.41025641025641024,-0.15496098104793754,23,16
3670854,Poland,+054:+017,0.2978723404255319,0.2807017543859649,-0.017170586039567004,23,34
3672861,Denmark,+055:+009,0.49122807017543857,0.4745762711864407,-0.01665179898899788,35,24
3674128,France,+044:+000,0.5660377358490566,0.5,-0.06603773584905659,29,23
3679392,Slovakia,+048:+018,0.2564102564102564,0.4523809523809524,0.195970695970696,44,40
3689792,Denmark,+054:+009,0.34782608695652173,0.34782608695652173,0.0,8,15
3690749,Denmark,+054:+009,0.18181818181818182,0.17647058823529413,-0.005347593582887694,16,18
3692433,Denmark,+055:+009,0.47619047619047616,0.5714285714285714,0.09523809523809523,18,17
3693208,Denmark,+055:+009,0.5161290322580645,0.5185185185185185,0.002389486260453988,15,12
3702552,Denmark,+054:+009,0.4117647058823529,0.5161290322580645,0.10436432637571158,13,18
3703162,Denmark,+055:+009,0.1951219512195122,0.15384615384615385,-0.04127579737335835,25,14
3705218,Denmark,+055:+009,0.45454545454545453,0.3829787234042553,-0.07156673114119921,23,24
3705734,Denmark,+055:+009,0.25,0.46153846153846156,0.21153846153846156,16,10
3705967,Denmark,+055:+009,0.22857142857142856,0.41379310344827586,0.1852216748768473,19,10
3706714,Denmark,+054:+009,0.4,0.5294117647058824,0.12941176470588234,12,22
3707024,Denmark,+055:+009,0.5128205128205128,0.2631578947368421,-0.24966261808367068,17,21
3709341,France,+048:+002,0.43902439024390244,0.4,-0.03902439024390242,19,21
3710527,Denmark,+055:+009,0.2727272727272727,0.2926829268292683,0.019955654101995568,21,20
3711007,Denmark,+055:+009,0.2564102564102564,0.5,0.2435897435897436,21,11
3711010,France,+044:+006,0.25,0.34375,0.09375,24,40
3714876,Denmark,+055:+009,0.55,0.5652173913043478,0.015217391304347738,18,28
3715276,Denmark,+055:+009,0.47058823529411764,0.5925925925925926,0.12200435729847492,12,15
3718326,Denmark,+055:+009,0.5714285714285714,0.6086956521739131,0.037267080745341685,10,13
3718442,Denmark,+054:+009,0.36,0.4583333333333333,0.09833333333333333,27,21
3719997,Denmark,+054:+009,0.3448275862068966,0.35714285714285715,0.012315270935960576,12,16
3721722,Slovenia,+046:+013,0.0784313725490196,0.07407407407407407,-0.004357298474945537,20,34
3725742,Denmark,+055:+009,0.5263157894736842,0.46153846153846156,-0.06477732793522262,19,20
3726834,Denmark,+055:+009,0.20689655172413793,0.23529411764705882,0.028397565922920892,10,24
3726884,Denmark,+055:+009,0.4888888888888889,0.4897959183673469,0.0009070294784580546,24,25
3727774,Denmark,+055:+009,0.5128205128205128,0.45,-0.06282051282051276,20,20
3729680,Denmark,+055:+009,0.4117647058823529,0.5185185185185185,0.10675381263616557,17,10
3729687,Denmark,+054:+009,0.2727272727272727,0.3157894736842105,0.0430622009569378,5,14
3731112,Denmark,+055:+009,0.3870967741935484,0.42857142857142855,0.04147465437788017,9,19
3732064,Denmark,+055:+009,0.41379310344827586,0.4444444444444444,0.030651340996168563,13,23
3733431,Italy,+040:+013,0.5,0.34782608695652173,-0.15217391304347827,29,17
3738039,Italy,+042:+015,0.18181818181818182,0.18181818181818182,0.0,3,19
3738048,France,+043:+007,0.17777777777777778,0.18181818181818182,0.004040404040404039,23,21
3738067,France,+043:+007,0.3673469387755102,0.32,-0.04734693877551022,26,24
3738888,Denmark,+055:+009,0.125,0.15,0.024999999999999994,12,28
3739152,Italy,+037:+013,0.1,0.0,-0.1,5,14
3739295,Poland,+054:+017,0.41379310344827586,0.5714285714285714,0.15763546798029554,9,12
3746913,Italy,+040:+013,0.18181818181818182,0.19047619047619047,0.008658008658008642,4,17
3748473,France,+043:+007,0.2564102564102564,0.22727272727272727,-0.029137529137529122,16,28
3750309,Denmark,+054:+009,0.5454545454545454,0.5,-0.045454545454545414,7,17
3753279,Denmark,+054:+009,0.43478260869565216,0.2727272727272727,-0.16205533596837945,6,16
3754792,Denmark,+055:+009,0.4444444444444444,0.43478260869565216,-0.009661835748792258,22,24
3756114,Italy,+042:+015,0.0,0.0,0.0,2,17
3757186,Denmark,+055:+009,0.5333333333333333,0.6956521739130435,0.16231884057971013,11,12
3757440,Denmark,+055:+009,0.48484848484848486,0.4,-0.08484848484848484,16,9
3757706,Denmark,+055:+009,0.2,0.24,0.03999999999999998,7,18
3761244,Slovenia,+046:+013,0.0,0.0,0.0,2,18
3762538,Denmark,+055:+009,0.3684210526315789,0.3,-0.06842105263157894,16,24
3763096,France,+044:+006,0.05263157894736842,0.1509433962264151,0.09831181727904667,13,40
3764073,Denmark,+055:+009,0.18518518518518517,0.13043478260869565,-0.054750402576489526,31,15
3765418,Denmark,+055:+009,0.4375,0.36363636363636365,-0.07386363636363635,14,19
3766629,Denmark,+055:+009,0.6,0.41379310344827586,-0.18620689655172412,15,14
3767462,Italy,+042:+015,0.38461538461538464,0.23076923076923078,-0.15384615384615385,9,17
3770001,Denmark,+055:+009,0.5142857142857142,0.42857142857142855,-0.08571428571428569,16,12
3771090,Denmark,+055:+009,0.8,0.6111111111111112,-0.18888888888888888,17,19
3772215,Denmark,+055:+009,0.5,0.5641025641025641,0.0641025641025641,21,18
3773086,Denmark,+055:+009,0.375,0.37037037037037035,-0.00462962962962965,13,14
3774742,Denmark,+055:+009,0.35294117647058826,0.3870967741935484,0.03415559772296012,14,17
3780331,Denmark,+055:+009,0.43333333333333335,0.3448275862068966,-0.08850574712643677,35,23
3780596,Denmark,+055:+009,0.5263157894736842,0.4,-0.12631578947368416,6,9
3783678,Denmark,+054:+009,0.42857142857142855,0.30303030303030304,-0.1255411255411255,11,22
3786086,France,+043:+007,0.20408163265306123,0.2641509433962264,0.06006931074316518,28,25
3787065,Poland,+054:+017,0.6382978723404256,0.6363636363636364,-0.0019342359767892114,21,23
3787441,Italy,+042:+015,0.25,0.34146341463414637,0.09146341463414637,21,20
3788739,France,+044:-001,0.37037037037037035,0.4,0.029629629629629672,9,16
3789661,Denmark,+054:+009,0.4117647058823529,0.35714285714285715,-0.05462184873949577,11,17
3793075,Denmark,+054:+009,0.2857142857142857,0.34782608695652173,0.06211180124223603,9,14
3793686,Denmark,+055:+009,0.23076923076923078,0.2727272727272727,0.041958041958041925,8,14
3793696,Denmark,+055:+009,0.37209302325581395,0.43902439024390244,0.06693136698808849,26,15
3797069,Denmark,+055:+009,0.29411764705882354,0.2857142857142857,-0.00840336134453784,15,20
3798213,Denmark,+054:+009,0.13333333333333333,0.13793103448275862,0.004597701149425287,8,21
3798570,France,+044:-001,0.4,0.4444444444444444,0.0444444444444444,8,19
3798859,Denmark,+055:+009,0.3225806451612903,0.30303030303030304,-0.019550342130987275,13,20
3799554,Denmark,+055:+009,0.5454545454545454,0.8,0.25454545454545463,7,8
3799910,Denmark,+055:+009,0.36363636363636365,0.45714285714285713,0.09350649350649348,16,19
3800791,Denmark,+054:+009,0.4,0.18181818181818182,-0.2181818181818182,6,16
3801729,Denmark,+055:+009,0.6666666666666666,0.6060606060606061,-0.06060606060606055,18,15
3804070,Denmark,+055:+009,0.2857142857142857,0.1935483870967742,-0.09216589861751151,14,17
3804509,France,+044:+006,0.46511627906976744,0.5909090909090909,0.1257928118393235,22,22
3810194,Denmark,+054:+009,0.6956521739130435,0.7368421052631579,0.041189931350114395,9,10
3812595,Denmark,+055:+009,0.5161290322580645,0.6666666666666666,0.15053763440860213,10,11
3813229,France,+044:-001,0.47619047619047616,0.47619047619047616,0.0,5,16
3815260,Denmark,+055:+009,0.32432432432432434,0.18181818181818182,-0.14250614250614252,15,18
3815708,Denmark,+055:+009,0.2,0.21052631578947367,0.010526315789473661,20,18
3816274,Denmark,+055:+009,0.45454545454545453,0.5217391304347826,0.06719367588932806,8,15
3817056,Slovakia,+048:+018,0.2571428571428571,0.3880597014925373,0.1309168443496802,40,27
3817981,Denmark,+055:+009,0.64,0.5,-0.14,25,23
3820455,Denmark,+055:+009,0.3125,0.375,0.0625,14,18
3821538,Denmark,+055:+009,0.34782608695652173,0.4444444444444444,0.09661835748792269,7,11
3822086,Denmark,+055:+009,0.6060606060606061,0.5333333333333333,-0.07272727272727275,19,11
3826009,France,+043:+007,0.27586206896551724,0.17647058823529413,-0.09939148073022311,10,24
3826513,Denmark,+054:+009,0.14814814814814814,0.23529411764705882,0.08714596949891068,8,26
3827663,Denmark,+055:+009,0.13333333333333333,0.14814814814814814,0.014814814814814808,11,16
3830902,Slovenia,+046:+013,0.10344827586206896,0.17391304347826086,0.0704647676161919,29,40
3834746,Denmark,+055:+009,0.3333333333333333,0.6,0.26666666666666666,20,10
3835213,Denmark,+055:+009,0.47619047619047616,0.41025641025641024,-0.06593406593406592,25,14
3836195,Denmark,+055:+009,0.18181818181818182,0.3125,0.13068181818181818,14,18
3836922,Denmark,+055:+009,0.2631578947368421,0.2564102564102564,-0.006747638326585703,20,19
3840120,Denmark,+055:+009,0.6428571428571429,0.47619047619047616,-0.16666666666666674,13,8
3841348,Denmark,+055:+009,0.3783783783783784,0.3870967741935484,0.008718395815169977,14,17
3847821,Denmark,+054:+009,0.3870967741935484,0.5,0.11290322580645162,13,15
3849914,Denmark,+055:+009,0.5,0.5454545454545454,0.045454545454545414,23,21
3853334,Denmark,+055:+009,0.4,0.5263157894736842,0.12631578947368416,9,10
3858784,Denmark,+055:+009,0.43478260869565216,0.52,0.08521739130434786,26,24
3866643,Italy,+040:+013,0.36363636363636365,0.4,0.036363636363636376,5,15
3867317,Denmark,+055:+009,0.23529411764705882,0.23529411764705882,0.0,12,22
3868069,Denmark,+055:+009,0.45454545454545453,0.5306122448979592,0.07606679035250469,21,28
3870083,Denmark,+055:+009,0.3125,0.36363636363636365,0.051136363636363646,11,11
3871813,Denmark,+055:+009,0.1951219512195122,0.20512820512820512,0.01000625390869292,16,23
3872610,Denmark,+055:+009,0.5853658536585366,0.5263157894736842,-0.05905006418485237,21,17
3878779,Denmark,+055:+009,0.425531914893617,0.5777777777777777,0.1522458628841607,22,23
3882972,Denmark,+055:+009,0.35714285714285715,0.2857142857142857,-0.07142857142857145,13,8
3884350,Denmark,+055:+009,0.2857142857142857,0.4074074074074074,0.12169312169312169,30,24
3886190,Denmark,+055:+009,0.6060606060606061,0.6666666666666666,0.06060606060606055,16,14
3888453,Denmark,+054:+009,0.24242424242424243,0.2,-0.04242424242424242,15,15
3888846,Denmark,+055:+009,0.41025641025641024,0.4,-0.01025641025641022,19,16
3890247,France,+044:+000,0.3448275862068966,0.2702702702702703,-0.07455731593662629,8,29
3891309,Denmark,+055:+009,0.3157894736842105,0.27906976744186046,-0.03671970624235005,18,25
3894955,Denmark,+055:+009,0.5384615384615384,0.45454545454545453,-0.0839160839160839,10,12
3896384,Denmark,+055:+009,0.2,0.2727272727272727,0.0727272727272727,19,25
3897868,Denmark,+055:+009,0.36363636363636365,0.3225806451612903,-0.04105571847507333,19,12
3898685,Denmark,+055:+009,0.2,0.17142857142857143,-0.02857142857142858,17,18
3900917,Slovakia,+048:+018,0.24242424242424243,0.13157894736842105,-0.11084529505582139,36,40
3904153,Denmark,+055:+009,0.3783783783783784,0.3225806451612903,-0.055797733217088086,14,17
3906099,Denmark,+055:+009,0.15384615384615385,0.19047619047619047,0.03663003663003661,13,8
3906466,Denmark,+055:+009,0.6153846153846154,0.5555555555555556,-0.05982905982905984,19,17
3912101,Denmark,+055:+009,0.75,0.7272727272727273,-0.022727272727272707,17,16
3912693,Denmark,+054:+009,0.3333333333333333,0.4,0.06666666666666671,8,12
3915692,France,+043:+007,0.25,0.3076923076923077,0.05769230769230771,28,24
3916821,Denmark,+054:+009,0.2916666666666667,0.37209302325581395,0.08042635658914726,22,21
3918155,Denmark,+055:+009,0.43243243243243246,0.5294117647058824,0.0969793322734499,16,18
